1.000000000000000 0.000000000000000
-0.500000000000000 0.866025403784439
-0.500000000000000 -0.866025403784439
-1.000000000000000 0.000000000000000
0.500000000000000 -0.866025403784439
0.500000000000000 0.866025403784439
-0.228713553878169 0.973493764886256
0.728713553878169 0.684818630291444
0.957427107756338 -0.288675134594813
0.228713553878169 -0.973493764886256
-0.728713553878169 -0.684818630291444
-0.957427107756338 0.288675134594813
0.228713553878169 0.973493764886256
-0.728713553878169 0.684818630291444
-0.957427107756338 -0.288675134594813
-0.228713553878169 -0.973493764886256
0.728713553878169 -0.684818630291444
0.957427107756338 0.288675134594813
-0.104619779455164 0.132047831898877
-0.062046887211502 0.156627302695936
0.062046887211502 0.156627302695936
0.104619779455164 0.132047831898877
0.166666666666667 0.024579470797059
0.166666666666667 -0.024579470797059
0.104619779455164 -0.132047831898877
0.062046887211502 -0.156627302695936
-0.062046887211502 -0.156627302695936
-0.104619779455164 -0.132047831898877
-0.166666666666667 -0.024579470797059
-0.166666666666667 0.024579470797059
0.000000000000000 0.264095663797754
0.228713553878169 -0.132047831898877
-0.228713553878169 -0.132047831898877
-0.042572892243662 0.288675134594813
0.042572892243662 0.288675134594813
0.271286446121831 -0.107468361101818
0.228713553878169 -0.181206773492995
-0.228713553878169 -0.181206773492995
-0.271286446121831 -0.107468361101818
0.166666666666667 0.288675134594813
0.166666666666667 -0.288675134594813
-0.333333333333333 0.264095663797754
-0.062046887211502 0.420722966493690
0.062046887211502 0.420722966493690
0.333333333333333 0.264095663797754
0.395380220544836 0.156627302695936
0.395380220544836 -0.156627302695936
0.333333333333333 -0.264095663797754
0.062046887211502 -0.420722966493690
-0.062046887211502 -0.420722966493690
-0.333333333333333 -0.264095663797754
-0.395380220544836 -0.156627302695936
-0.395380220544836 0.156627302695936
-0.333333333333333 0.313254605391872
-0.228713553878169 0.396143495696631
0.228713553878169 0.396143495696631
0.333333333333333 0.313254605391872
0.437953112788498 0.132047831898877
0.457427107756338 0.000000000000000
0.228713553878169 -0.396143495696631
0.104619779455164 -0.445302437290749
-0.104619779455164 -0.445302437290749
-0.228713553878169 -0.396143495696631
-0.457427107756338 0.000000000000000
-0.437953112788498 0.132047831898877
-0.500000000000000 0.288675134594813
-0.395380220544836 0.420722966493690
-0.166666666666667 0.552770798392567
0.000000000000000 0.577350269189626
0.166666666666667 0.552770798392567
0.395380220544836 0.420722966493690
0.500000000000000 0.288675134594813
0.562046887211502 0.132047831898877
0.562046887211502 -0.132047831898877
0.500000000000000 -0.288675134594813
0.395380220544836 -0.420722966493690
0.166666666666667 -0.552770798392567
0.000000000000000 -0.577350269189626
-0.166666666666667 -0.552770798392567
-0.395380220544836 -0.420722966493690
-0.500000000000000 -0.288675134594813
-0.562046887211502 -0.132047831898877
-0.562046887211502 0.132047831898877
-0.166666666666667 0.601929739986685
0.166666666666667 0.601929739986685
0.604619779455164 -0.156627302695936
0.437953112788498 -0.445302437290749
-0.437953112788498 -0.445302437290749
-0.604619779455164 -0.156627302695936
-0.562046887211502 0.445302437290749
-0.104619779455164 0.709398101088503
0.104619779455164 0.709398101088503
0.562046887211502 0.445302437290749
0.666666666666667 0.264095663797754
0.666666666666667 -0.264095663797754
0.562046887211502 -0.445302437290749
0.104619779455164 -0.709398101088503
-0.104619779455164 -0.709398101088503
-0.562046887211502 -0.445302437290749
-0.666666666666667 -0.264095663797754
-0.666666666666667 0.264095663797754
-0.604619779455164 0.420722966493690
-0.457427107756338 0.577350269189626
-0.271286446121831 0.684818630291444
0.271286446121831 0.684818630291444
0.457427107756338 0.577350269189626
0.604619779455164 0.420722966493690
0.666666666666667 0.313254605391872
0.728713553878169 0.107468361101818
0.728713553878169 -0.107468361101818
0.457427107756338 -0.577350269189626
0.271286446121831 -0.684818630291444
0.062046887211502 -0.733977571885562
-0.062046887211502 -0.733977571885562
-0.271286446121831 -0.684818630291444
-0.457427107756338 -0.577350269189626
-0.728713553878169 -0.107468361101818
-0.728713553878169 0.107468361101818
-0.666666666666667 0.313254605391872
-0.500000000000000 0.552770798392567
-0.228713553878169 0.709398101088503
0.228713553878169 0.709398101088503
0.500000000000000 0.552770798392567
0.728713553878169 0.156627302695936
0.728713553878169 -0.156627302695936
0.500000000000000 -0.552770798392567
0.228713553878169 -0.709398101088503
-0.228713553878169 -0.709398101088503
-0.500000000000000 -0.552770798392567
-0.728713553878169 -0.156627302695936
-0.728713553878169 0.156627302695936
-0.437953112788498 0.709398101088503
-0.166666666666667 0.816866462190320
0.437953112788498 0.709398101088503
0.833333333333333 0.024579470797059
0.624093774423005 -0.552770798392567
0.395380220544836 -0.733977571885562
-0.395380220544836 -0.733977571885562
-0.624093774423005 -0.552770798392567
-0.790760441089671 -0.264095663797754
-0.833333333333333 0.024579470797059
0.000000000000000 0.841445932987379
0.728713553878169 -0.420722966493690
-0.728713553878169 -0.420722966493690
-0.666666666666667 0.528191327595508
0.666666666666667 0.528191327595508
0.790760441089671 0.313254605391872
0.124093774423005 -0.841445932987379
-0.124093774423005 -0.841445932987379
-0.790760441089671 0.313254605391872
-0.562046887211502 0.709398101088503
-0.333333333333333 0.841445932987379
0.333333333333333 0.841445932987379
0.562046887211502 0.709398101088503
0.895380220544836 0.132047831898877
0.895380220544836 -0.132047831898877
0.562046887211502 -0.709398101088503
0.333333333333333 -0.841445932987379
-0.333333333333333 -0.841445932987379
-0.562046887211502 -0.709398101088503
-0.895380220544836 -0.132047831898877
-0.895380220544836 0.132047831898877
-0.062046887211502 0.998073235683315
0.062046887211502 0.998073235683315
0.895380220544836 -0.445302437290749
0.833333333333333 -0.552770798392567
-0.833333333333333 -0.552770798392567
-0.895380220544836 -0.445302437290749
-0.666666666666667 0.841445932987379
-0.395380220544836 0.998073235683315
0.395380220544836 0.998073235683315
0.666666666666667 0.841445932987379
1.062046887211502 0.156627302695936
1.062046887211502 -0.156627302695936
0.666666666666667 -0.841445932987379
0.395380220544836 -0.998073235683315
-0.395380220544836 -0.998073235683315
-0.666666666666667 -0.841445932987379
-1.062046887211502 -0.156627302695936
-1.062046887211502 0.156627302695936
-0.895380220544836 0.709398101088503
-0.166666666666667 1.130121067582192
0.166666666666667 1.130121067582192
0.895380220544836 0.709398101088503
1.062046887211502 0.420722966493690
1.062046887211502 -0.420722966493690
0.895380220544836 -0.709398101088503
0.166666666666667 -1.130121067582192
-0.166666666666667 -1.130121067582192
-0.895380220544836 -0.709398101088503
-1.062046887211502 -0.420722966493690
-1.062046887211502 0.420722966493690
-1.000000000000000 0.577350269189626
-0.790760441089671 0.841445932987379
-0.333333333333333 1.105541596785133
0.000000000000000 1.154700538379252
0.333333333333333 1.105541596785133
0.790760441089671 0.841445932987379
1.000000000000000 0.577350269189626
1.124093774423005 0.264095663797754
1.124093774423005 -0.264095663797754
1.000000000000000 -0.577350269189626
0.790760441089671 -0.841445932987379
0.333333333333333 -1.105541596785133
0.000000000000000 -1.154700538379252
-0.333333333333333 -1.105541596785133
-0.790760441089671 -0.841445932987379
-1.000000000000000 -0.577350269189626
-1.124093774423005 -0.264095663797754
-1.124093774423005 0.264095663797754
0.290760441089671 -1.130121067582192
-1.124093774423005 0.313254605391872
-0.290760441089671 0.024579470797059
0.333333333333333 0.000000000000000
0.604619779455164 -0.733977571885562
-0.833333333333333 0.816866462190320
-0.166666666666667 0.288675134594813
0.333333333333333 0.890604874581498
-0.290760441089671 -1.130121067582192
-0.124093774423005 -0.264095663797754
0.937953112788498 -0.156627302695936
-0.333333333333333 0.890604874581498
-0.671415002023552 0.741081571122717
0.306087965856981 0.952003233795734
0.977502967880533 0.210921662673018
0.671415002023552 -0.741081571122717
-0.306087965856981 -0.952003233795734
-0.977502967880533 -0.210921662673018
-0.271166282736756 0.962532517428232
-0.969160753429815 0.246429369214292
-0.697994470693059 -0.716103148213940
0.271166282736756 -0.962532517428232
0.969160753429815 -0.246429369214292
0.697994470693059 0.716103148213940
0.400248719286796 0.221450946305515
-0.400248719286796 -0.221450946305515
-0.391906504836078 0.235900085581794
0.008342214450718 0.457351031887310
-0.008342214450718 -0.457351031887310
0.391906504836078 -0.235900085581794
0.577254248593737 -0.010529283632498
0.279508497187474 -0.505181485540923
-0.297745751406263 -0.494652201908425
-0.577254248593737 0.010529283632498
-0.279508497187474 0.505181485540923
0.297745751406263 0.494652201908425
0.689652256242341 0.258752116326631
-0.585596463044455 -0.446821748254812
0.094160753429815 -0.730552287490219
0.914854215512676 0.577350269189626
0.914854215512676 -0.577350269189626
0.186140661634507 -0.684818630291444
0.686140661634507 -0.973493764886256
-0.042572892243662 -0.288675134594813
-1.104619779455164 0.132047831898877
-0.937953112788498 0.156627302695936
-0.833333333333333 -0.024579470797059
-0.937953112788498 -0.156627302695936
-1.104619779455164 -0.132047831898877
-1.166666666666667 -0.024579470797059
-1.166666666666667 0.024579470797059
-1.000000000000000 0.264095663797754
-0.771286446121831 -0.132047831898877
-1.042572892243662 0.288675134594813
-0.771286446121831 -0.181206773492995
-0.833333333333333 0.288675134594813
-0.833333333333333 -0.288675134594813
-0.937953112788498 0.420722966493690
-0.604619779455164 0.156627302695936
-0.937953112788498 -0.420722966493690
-0.771286446121831 0.396143495696631
-0.542572892243662 0.000000000000000
-0.771286446121831 -0.396143495696631
-1.104619779455164 -0.445302437290749
-0.833333333333333 0.552770798392567
-0.437953112788498 -0.132047831898877
-0.604619779455164 -0.420722966493690
-0.833333333333333 0.601929739986685
-0.437953112788498 0.445302437290749
-0.542572892243662 0.577350269189626
-0.271286446121831 0.107468361101818
-0.542572892243662 -0.577350269189626
-0.937953112788498 -0.733977571885562
-0.771286446121831 0.709398101088503
-0.271286446121831 0.156627302695936
-0.271286446121831 -0.156627302695936
-0.771286446121831 -0.709398101088503
-0.375906225576995 -0.552770798392567
-0.604619779455164 -0.733977571885562
-0.271286446121831 -0.420722966493690
-0.333333333333333 0.528191327595508
-0.209239558910329 0.313254605391872
-0.437953112788498 -0.709398101088503
-0.604619779455164 0.998073235683315
-0.604619779455164 -0.998073235683315
-0.209239558910329 0.841445932987379
0.124093774423005 0.264095663797754
0.124093774423005 -0.264095663797754
-0.209239558910329 -0.841445932987379
-0.042572892243662 0.866025403784439
-0.042572892243662 -0.866025403784439
0.290760441089671 -0.552770798392567
0.166666666666667 0.816866462190320
0.290760441089671 0.601929739986685
0.686140661634507 0.396143495696631
0.686140661634507 -0.396143495696631
0.790760441089671 -0.264095663797754
-0.666666666666667 0.000000000000000
-1.166666666666667 0.288675134594813
-0.666666666666667 0.890604874581498
0.938321506859629 -0.492858738428584
0.946663721310347 -0.035507706541274
0.369409472716611 -0.024978422908776
-0.693912034143019 0.952003233795734
-0.022497032119467 0.210921662673018
-0.328584997976448 -0.741081571122717
-0.728833717263244 -0.962532517428232
-0.030839246570185 -0.246429369214292
-0.302005529306941 0.716103148213940
0.275248719286796 0.705573864581442
-0.599751280713204 0.221450946305515
-0.608093495163922 -0.235900085581794
0.667155224122874 0.469673778999648
0.675497438573592 0.927024810886958
0.640575755453366 -0.987510940337008
0.042572892243662 1.080962125988074
-0.957427107756338 0.503611856798448
0.500000000000000 0.503611856798448
0.500000000000000 1.080962125988074
0.271286446121831 0.107468361101818
0.437953112788498 -0.709398101088503
0.666666666666667 -0.890604874581498
0.604619779455164 -0.998073235683316
0.562046887211502 -1.022652706480375
0.437953112788498 -1.022652706480375
0.333333333333333 -0.890604874581498
0.500000000000000 -0.601929739986685
0.271286446121831 -0.998073235683316
0.542572892243662 -0.577350269189626
0.271286446121831 -1.047232177277434
0.666666666666667 -0.577350269189626
0.166666666666667 -0.601929739986685
0.833333333333333 -0.601929739986685
0.104619779455164 -1.022652706480375
0.271286446121831 -0.469881908087808
0.728713553878169 -0.469881908087808
0.937953112788498 -0.733977571885562
0.042572892243662 -0.866025403784439
0.333333333333333 -0.313254605391872
0.666666666666667 -0.313254605391872
-0.062046887211502 -0.998073235683316
-0.104619779455164 -1.022652706480375
-0.166666666666667 -0.601929739986685
0.042572892243662 -0.288675134594813
0.771286446121831 -0.181206773492995
1.104619779455164 -0.445302437290749
-0.228713553878169 -0.758557042682621
0.000000000000000 -0.313254605391872
0.271286446121831 -0.156627302695936
1.000000000000000 -0.313254605391872
-0.228713553878169 -1.022652706480375
0.333333333333333 -0.049158941594118
0.500000000000000 -0.024579470797059
-0.166666666666667 -0.337834076188931
-0.290760441089671 -0.552770798392566
0.833333333333333 -0.024579470797059
1.166666666666667 -0.024579470797059
-0.562046887211502 -1.022652706480375
-0.290760441089671 -0.024579470797059
0.166666666666667 0.239516193000695
0.833333333333333 0.239516193000695
-0.624093774423005 -0.601929739986685
0.771286446121831 0.396143495696631
-0.728713553878169 -0.469881908087808
0.333333333333333 0.528191327595507
-0.666666666666667 -0.049158941594118
-0.686140661634507 0.396143495696631
0.000000000000000 0.792286991393261
0.209239558910329 -0.841445932987379
0.833333333333333 -0.866025403784439
-0.333333333333333 -0.049158941594118
0.333333333333333 -0.577350269189626
0.375906225576995 -1.130121067582192
-0.042332565473511 1.059039631072025
-0.442581284760307 0.837588684766510
-0.171415002023552 -0.124943832661722
0.806087965856981 0.085977830011296
-0.477502967880533 -1.076947066457456
0.228833717263244 0.096507113643793
-0.469160753429815 -0.619596034570147
1.197994470693059 -0.149922255570498
0.526579468669507 0.591159315552219
0.134672963833429 0.827059401134012
0.042572892243662 -1.080962125988074
-0.957427107756338 -0.503611856798448
-0.686140661634507 0.181206773492995
-1.186140661634507 -0.107468361101818
-0.228713553878169 0.181206773492995
0.437953112788498 1.022652706480375
0.562046887211502 1.022652706480375
0.604619779455164 0.998073235683316
0.666666666666667 0.890604874581498
0.604619779455164 0.733977571885562
0.395380220544836 0.733977571885562
0.728713553878169 0.733977571885562
0.271286446121831 0.733977571885562
0.771286446121831 0.758557042682621
0.228713553878169 0.758557042682621
0.666666666666667 0.577350269189626
0.833333333333333 0.601929739986685
0.437953112788498 0.445302437290749
0.104619779455164 1.022652706480375
0.728713553878169 0.469881908087808
0.271286446121831 0.469881908087808
0.042572892243662 0.866025403784439
0.895380220544836 0.445302437290749
0.104619779455164 0.445302437290749
-0.062046887211502 0.733977571885562
0.937953112788498 0.420722966493690
0.604619779455164 0.156627302695936
0.771286446121831 0.181206773492995
0.228713553878169 0.181206773492995
-0.228713553878169 0.758557042682621
-0.166666666666667 1.179280009176311
1.000000000000000 0.313254605391872
0.271286446121831 0.156627302695936
0.000000000000000 0.313254605391872
-0.228713553878169 1.022652706480375
1.124093774423005 0.313254605391872
-0.124093774423005 0.313254605391872
-0.290760441089671 0.601929739986685
-0.228713553878169 0.445302437290749
0.624093774423005 0.024579470797059
0.375906225576995 0.024579470797059
-0.395380220544836 0.733977571885562
1.166666666666667 0.024579470797059
-0.562046887211502 1.022652706480375
0.833333333333333 -0.239516193000695
0.166666666666667 -0.239516193000695
-0.624093774423005 0.601929739986685
0.771286446121831 -0.396143495696631
-0.728713553878169 0.469881908087808
0.375906225576995 -0.552770798392567
0.000000000000000 -0.792286991393261
-0.686140661634507 -0.396143495696631
0.833333333333333 0.866025403784439
1.104619779455164 0.132047831898877
-0.624093774423005 0.024579470797059
0.333333333333333 1.154700538379251
0.209239558910329 -0.264095663797754
0.375906225576995 0.601929739986685
1.171415002023552 0.124943832661722
0.193912034143019 -0.085977830011296
-0.477502967880533 0.655103741111421
-0.469160753429815 1.112454772998730
-0.197994470693059 0.149922255570498
0.771166282736756 -0.096507113643793
-0.914854215512676 -0.577350269189626
-0.914854215512676 0.577350269189626
-0.186140661634507 -0.684818630291444
-0.686140661634507 -0.973493764886256
0.937953112788498 0.156627302695936
1.104619779455164 -0.132047831898877
1.000000000000000 0.264095663797754
0.771286446121831 -0.132047831898877
1.042572892243662 0.288675134594813
1.166666666666667 0.288675134594813
1.166666666666667 -0.288675134594813
0.937953112788498 -0.420722966493690
0.542572892243662 0.000000000000000
0.833333333333333 0.552770798392567
0.604619779455164 -0.420722966493690
0.437953112788498 -0.132047831898877
0.542572892243662 0.577350269189626
0.771286446121831 0.709398101088503
0.771286446121831 -0.709398101088503
0.833333333333333 0.816866462190320
0.271286446121831 -0.420722966493690
0.209239558910329 0.313254605391872
0.209239558910329 0.841445932987379
-0.124093774423005 0.264095663797754
0.709239558910329 0.024579470797059
0.833333333333333 0.288675134594813
0.875906225576995 -0.264095663797754
0.328584997976448 0.741081571122717
0.693912034143019 -0.952003233795734
0.022497032119467 -0.210921662673018
0.728833717263244 0.962532517428232
0.030839246570185 0.246429369214292
0.302005529306941 -0.716103148213940
-0.946663721310347 0.035507706541274
0.957427107756338 -0.503611856798448
-0.042572892243662 -1.080962125988074
0.686140661634507 0.181206773492995
1.186140661634507 -0.107468361101818
-0.437953112788498 1.022652706480375
-0.604619779455164 0.733977571885562
-0.271286446121831 0.733977571885562
-0.728713553878169 0.733977571885562
-0.771286446121831 0.758557042682621
-0.333333333333333 1.154700538379251
-0.333333333333333 0.577350269189626
-0.104619779455164 1.022652706480375
-0.271286446121831 0.469881908087808
0.062046887211502 0.733977571885562
-0.104619779455164 0.445302437290749
-0.895380220544836 0.445302437290749
-0.771286446121831 0.181206773492995
0.228713553878169 1.022652706480375
-1.000000000000000 0.313254605391872
0.124093774423005 0.313254605391872
0.228713553878169 0.445302437290749
-0.375906225576995 0.024579470797059
0.624093774423005 0.601929739986685
0.290760441089671 0.024579470797059
-0.166666666666667 -0.239516193000695
-0.833333333333333 -0.239516193000695
-0.209239558910329 -0.264095663797754
-0.790760441089671 0.890604874581498
-0.166666666666667 0.866025403784439
0.477502967880533 1.076947066457456
0.171415002023552 0.124943832661722
-0.806087965856981 -0.085977830011296
-1.197994470693059 0.149922255570498
-0.228833717263244 -0.096507113643793
0.469160753429815 0.619596034570147
0.163072787572834 -0.332407199225588
-0.042572892243662 1.080962125988074
0.957427107756338 0.503611856798448
-0.500000000000000 0.503611856798448
-0.500000000000000 1.080962125988074
-0.333333333333333 -0.890604874581498
-0.437953112788498 -1.022652706480375
-0.666666666666667 -0.890604874581498
-0.500000000000000 -0.601929739986685
-0.271286446121831 -0.998073235683316
-0.271286446121831 -1.047232177277434
-0.333333333333333 -0.577350269189626
-0.333333333333333 -1.154700538379251
-0.833333333333333 -0.601929739986685
-0.271286446121831 -0.469881908087808
-0.666666666666667 -0.313254605391872
-0.333333333333333 -0.313254605391872
0.062046887211502 -0.998073235683316
0.228713553878169 -0.758557042682621
-1.000000000000000 -0.313254605391872
0.228713553878169 -1.022652706480375
-0.500000000000000 -0.024579470797059
0.166666666666667 -0.337834076188931
-0.833333333333333 0.239516193000695
-0.166666666666667 0.239516193000695
0.290760441089671 -0.024579470797059
0.624093774423005 -0.601929739986685
0.666666666666667 -0.049158941594118
-0.166666666666667 -0.866025403784439
-0.666666666666667 -0.577350269189626
0.895988941386118 0.566180892643442
-1.171415002023552 -0.124943832661722
-0.193912034143019 0.085977830011296
0.477502967880533 -0.655103741111421
-0.771166282736756 0.096507113643793
0.469160753429815 -1.112454772998730
0.197994470693059 -0.149922255570498
0.775248719286796 -0.160451539202996
-0.473420531330493 0.591159315552219
-0.073171812043697 0.812610261857734
-0.108093495163922 -1.101925489366233
-0.779508497187474 -0.360843918243516
0.504082436550040 0.802080978225236
0.206336685143777 0.307428776316811
1.175497438573592 0.060999407102519
-0.465078316879775 1.048510347439528
0.914854215512676 0.000000000000000
0.457427107756338 -1.105541596785133
0.124093774423005 -1.105541596785133
0.395380220544836 -0.948914294089197
0.519473994967841 -0.948914294089197
-0.209239558910329 -1.105541596785133
0.062046887211502 -0.948914294089197
0.290760441089671 -0.816866462190320
0.624093774423005 -0.816866462190320
0.457427107756338 -0.792286991393261
-0.500000000000000 -1.080962125988074
0.352807328301174 -0.660239159494384
0.562046887211502 -0.660239159494384
-0.104619779455164 -0.660239159494384
-0.604619779455164 -0.948914294089197
-0.542572892243662 -0.792286991393261
-0.042572892243662 -0.503611856798448
-0.437953112788498 -0.660239159494384
0.457427107756338 -0.214936722203636
-0.709239558910329 -0.552770798392567
-0.375906225576995 -1.130121067582192
-0.084905457717173 -0.021922494916049
-0.485154177003969 -0.243373441221564
-0.205645679816496 -0.748554926762486
0.186260825019582 -0.984455012344281
0.484006576425845 -0.489802810435856
0.884255295712641 -0.268351864130341
0.092100071589768 -0.253902724854062
-0.782899928410232 -0.738025643129989
0.790094542282826 0.462200423359879
0.212840293689090 0.472729706992376
0.492348790876563 -0.032451778548546
-0.914854215512676 0.000000000000000
-0.457427107756338 -1.105541596785133
-0.124093774423005 -1.105541596785133
-0.395380220544836 -0.948914294089197
-0.062046887211502 -0.948914294089197
0.209239558910329 -1.105541596785133
-0.624093774423005 -0.816866462190320
-0.290760441089671 -0.816866462190320
-0.457427107756338 -0.792286991393261
-0.562046887211502 -0.660239159494384
-0.352807328301174 -0.660239159494384
0.500000000000000 -1.080962125988074
0.104619779455164 -0.660239159494384
0.604619779455164 -0.948914294089197
0.042572892243662 -0.503611856798448
0.542572892243662 -0.792286991393261
0.437953112788498 -0.660239159494384
-0.457427107756338 -0.214936722203636
-0.186140661634507 -0.107468361101818
-0.999759673229850 -0.021922494916049
0.154748823957624 -0.042981062181044
-0.151339141899357 -0.994984295976779
-0.430847639086831 -0.489802810435856
-0.030598919800035 -0.268351864130341
-0.702013921823586 0.472729706992376
0.546655328793702 -0.278881147762838
0.248909577387439 -0.773533349671263
-0.422505424636113 -0.032451778548546
-0.895380220544836 -0.660239159494384
-1.062046887211502 -0.371564024899572
-0.790760441089671 -0.528191327595508
-0.666666666666667 -0.528191327595508
-0.500000000000000 -0.503611856798448
-0.895380220544836 -0.082888890304759
-0.166666666666667 -0.767707520596202
-0.395380220544836 -0.371564024899572
-0.957427107756338 0.073738412391178
-0.562046887211502 -0.082888890304759
-0.062046887211502 -0.371564024899572
0.333333333333333 -1.056382655191015
-0.061438166370220 0.062569035844993
-0.759432637063279 -0.653534112368947
-0.182178388469542 -0.664063396001445
-1.030598919800035 0.308998405059285
-0.173836174018824 -0.206712364114135
0.209728116366536 -0.899963481583239
-0.453344671206298 0.298469121426787
-0.751090422612561 -0.196183080481637
0.218070330817254 -0.442612449695929
-0.457427107756338 0.792286991393261
-1.186140661634507 0.107468361101818
-1.019473994967841 -0.445302437290749
-0.852807328301174 -0.420722966493690
-0.852807328301174 -0.733977571885562
-1.019473994967841 0.132047831898877
-0.852807328301174 -0.156627302695936
-0.790760441089671 -0.313254605391872
-0.686140661634507 -0.181206773492995
-0.519473994967840 -0.733977571885562
-0.852807328301174 0.420722966493690
-0.519473994967840 -0.156627302695936
-0.414854215512676 -0.288675134594813
-0.414854215512676 -0.866025403784439
-0.352807328301174 -0.445302437290749
-0.519473994967840 0.420722966493690
-0.352807328301174 0.132047831898877
-0.414854215512676 0.288675134594813
-0.518865274126558 0.854856027238254
0.040151720248389 -0.155506943843590
0.031809505797671 -0.612857975730900
-0.545444742796066 -0.602328692098402
-0.639605496225880 0.128223595391817
-0.816611025532821 0.360203825329830
-0.247698991389802 -0.107676490189977
0.058388974467179 0.844326743605757
-0.239356776939085 0.349674541697332
-1.186140661634507 0.156627302695936
-1.019473994967841 0.445302437290749
-1.081520882179343 0.024579470797059
-0.852807328301174 0.733977571885562
-0.852807328301174 0.156627302695936
-1.019473994967841 -0.132047831898877
-0.686140661634507 0.973493764886256
-0.519473994967840 0.998073235683316
-0.414854215512676 0.866025403784439
-0.352807328301174 0.709398101088503
-0.124093774423005 0.890604874581498
0.023467291346953 0.084491530761042
0.031809505797671 0.541842562648352
-0.545444742796066 0.552371846280849
-0.945693462082862 0.330920899975334
0.457427107756338 0.792286991393261
-0.728713553878169 0.948914294089197
-0.895380220544836 0.660239159494384
-0.562046887211502 0.924334823292138
-0.624093774423005 0.816866462190320
-0.790760441089671 0.528191327595508
-1.062046887211502 0.371564024899572
-0.395380220544836 0.948914294089197
-0.562046887211502 0.660239159494384
-1.166666666666667 0.239516193000695
-0.290760441089671 0.816866462190320
-0.395380220544836 0.635659688697325
-0.624093774423005 0.239516193000695
-1.124093774423005 -0.049158941594118
-0.457427107756338 0.214936722203635
-0.957427107756338 -0.073738412391178
-0.790760441089671 -0.049158941594118
0.042572892243662 0.503611856798448
-0.833333333333333 -0.337834076188931
0.480894399103291 0.876778522154303
-0.114597103709235 -0.112525881662547
-0.786012105732786 0.628555689460170
-0.217100071589768 0.160675373940363
0.760402896290765 0.371597036613381
-0.096359849490446 0.887307805786801
-0.794354320183504 0.171204657572861
-0.514845822996031 -0.333976827968061
0.183148647697028 0.382126320245879
-0.124093774423005 1.105541596785133
0.209239558910329 1.105541596785133
-0.062046887211502 0.948914294089197
-0.124093774423005 0.841445932987380
-0.186140661634507 0.684818630291444
0.375906225576995 0.816866462190320
-0.581520882179343 0.528191327595507
-0.124093774423005 0.528191327595507
0.542572892243662 0.792286991393261
0.209239558910329 0.528191327595507
-0.290760441089671 0.239516193000694
-1.081520882179343 0.239516193000694
0.686140661634507 0.973493764886256
0.124093774423005 1.105541596785133
0.062046887211502 0.948914294089197
-0.209239558910329 1.105541596785133
0.624093774423005 0.816866462190320
0.290760441089671 0.816866462190320
0.124093774423005 0.841445932987380
0.748187548846009 0.816866462190320
-0.313859338365493 0.973493764886256
0.186140661634507 0.684818630291444
-0.375906225576995 0.816866462190320
0.790760441089671 0.528191327595507
0.124093774423005 0.528191327595507
-0.042572892243662 0.503611856798448
-0.542572892243662 0.792286991393261
-0.209239558910329 0.528191327595507
0.624093774423005 0.239516193000694
0.290760441089671 0.239516193000694
0.457427107756338 0.214936722203636
0.124093774423005 -0.049158941594118
-0.154748823957624 0.042981062181044
-0.546655328793702 0.278881147762838
0.151339141899357 0.994984295976779
0.422505424636113 0.032451778548546
0.728713553878169 0.948914294089197
0.895380220544836 0.660239159494384
0.562046887211502 0.924334823292138
1.062046887211502 0.371564024899572
0.562046887211502 0.660239159494384
0.395380220544836 0.948914294089197
1.186140661634507 0.107468361101818
0.395380220544836 0.635659688697325
1.124093774423005 -0.049158941594118
0.957427107756338 -0.073738412391178
0.790760441089671 -0.049158941594118
0.833333333333333 -0.337834076188931
0.000000000000000 0.214936722203635
1.166666666666667 0.239516193000695
1.186140661634507 0.156627302695936
1.019473994967841 0.445302437290749
1.081520882179343 0.024579470797059
1.019473994967841 0.132047831898877
0.852807328301174 0.420722966493690
0.852807328301174 0.733977571885562
1.019473994967841 -0.132047831898877
0.852807328301174 0.156627302695936
0.790760441089671 0.890604874581498
0.852807328301174 -0.156627302695936
0.748187548846009 0.024579470797059
0.519473994967840 0.420722966493690
0.519473994967840 0.998073235683316
0.414854215512676 0.288675134594813
0.414854215512676 0.866025403784439
0.352807328301174 0.709398101088503
0.414854215512676 -0.288675134594813
0.124093774423005 0.890604874581498
0.186140661634507 -0.107468361101818
0.937351247632143 0.366428606516608
1.019473994967841 -0.445302437290749
0.852807328301174 -0.733977571885562
0.852807328301174 -0.420722966493690
0.790760441089671 -0.313254605391872
0.686140661634507 -0.181206773492995
0.519473994967840 -0.733977571885562
0.748187548846009 0.239516193000695
0.519473994967840 -0.156627302695936
0.414854215512676 -0.866025403784439
0.352807328301174 -0.445302437290749
0.352807328301174 0.132047831898877
0.686140661634507 -0.758557042682621
0.019473994967840 0.132047831898877
0.945693462082862 -0.330920899975334
0.545444742796066 -0.552371846280849
0.666184964895388 0.174260585565589
0.265936245608592 -0.047190360739927
-0.031809505797671 -0.541842562648352
0.895380220544836 -0.660239159494384
0.790760441089671 -0.528191327595508
1.062046887211502 -0.371564024899572
0.666666666666667 -0.528191327595508
0.500000000000000 -0.503611856798448
0.895380220544836 -0.082888890304759
0.395380220544836 -0.371564024899572
0.957427107756338 0.073738412391178
0.562046887211502 -0.082888890304759
0.062046887211502 -0.371564024899572
0.514845822996031 0.333976827968061
0.786012105732786 -0.628555689460170
0.208757857139050 -0.618026405827673
0.217100071589768 -0.160675373940363
-0.183148647697028 -0.382126320245879
0.000000000000000 -1.105541596785133
0.166666666666667 -1.080962125988074
-0.166666666666667 -0.816866462190320
0.166666666666667 -0.816866462190320
-0.562046887211502 -0.924334823292138
0.562046887211502 -0.924334823292138
-0.500000000000000 -0.816866462190320
-0.228713553878169 -0.660239159494384
0.228713553878169 -0.660239159494384
0.500000000000000 -0.816866462190320
0.000000000000000 -0.528191327595508
-0.333333333333333 -0.528191327595508
0.333333333333333 -0.528191327595508
0.000000000000000 -0.214936722203635
-0.104619779455164 -0.082888890304759
0.104619779455164 -0.082888890304759
-1.000000000000000 -0.214936722203635
-0.500000000000000 0.073738412391178
0.500000000000000 0.073738412391178
1.000000000000000 -0.214936722203635
0.000000000000000 0.362413546985990
-0.166666666666667 -1.080962125988074
0.333333333333333 -0.479032386001389
-0.542332565473511 0.555427774273577
0.612175931713962 0.534369207008581
-0.942581284760307 0.333976827968061
-0.663072787572834 -0.171204657572861
-0.671415002023552 -0.628555689460170
0.306087965856981 -0.417634026787153
-0.271166282736756 -0.407104743154655
0.697994470693059 -0.653534112368947
0.026579468669507 0.087547458753770
0.426828187956303 0.308998405059285
-0.391906504836078 -1.133737175001093
-0.365327036166571 0.323447544335564
0.008342214450718 -0.912286228695578
0.332667434526488 1.039550692549504
-0.244586814067248 1.050079976182002
-0.279508497187474 -0.864455775041964
0.297745751406263 -0.874985058674462
1.004082436550040 0.298469121426787
0.706336685143777 -0.196183080481637
-0.568912034143019 -0.901756945063080
-0.550674779924230 0.098076742386268
0.034921683120225 0.544898490641079
-0.957427107756338 0.552770798392567
-1.019473994967840 0.396143495696631
-0.624093774423005 0.552770798392567
-0.790760441089671 0.264095663797754
-0.519473994967841 0.948914294089197
-1.081520882179343 -0.024579470797059
-0.457427107756338 0.841445932987380
-0.457427107756338 0.528191327595507
-0.686140661634507 0.132047831898877
-0.957427107756338 -0.024579470797059
-0.457427107756338 0.264095663797754
-0.290760441089671 0.552770798392567
-0.624093774423005 -0.024579470797059
-0.186140661634507 0.107468361101818
-0.019473994967840 0.132047831898877
-0.124093774423005 -0.049158941594118
0.313859338365493 0.973493764886256
0.313859338365493 0.396143495696631
-0.186140661634507 -0.469881908087808
-0.686140661634507 -0.758557042682621
0.313859338365493 -0.181206773492995
-0.852807328301174 0.684818630291444
-0.581520882179343 -0.049158941594118
0.752180845225122 0.191959891862860
0.183268811082103 0.659840207382667
-0.208637693753974 0.895740292964461
-0.514725659610956 -0.056262940831273
-0.914974378897751 -0.277713887136788
-0.216979908204692 0.438389261077152
-0.785891942347711 0.906269576596959
0.462777308269577 0.154658721841744
-0.794234156798429 0.448918544709649
0.454435093818859 -0.302692310045565
0.957427107756338 0.552770798392567
0.790760441089671 0.264095663797754
0.624093774423005 0.552770798392567
1.081520882179343 -0.024579470797059
0.519473994967841 0.948914294089197
0.957427107756338 -0.024579470797059
0.686140661634507 0.132047831898877
0.457427107756338 0.528191327595507
0.457427107756338 0.841445932987380
0.457427107756338 0.264095663797754
0.624093774423005 -0.024579470797059
0.290760441089671 0.552770798392567
0.186140661634507 0.107468361101818
0.186140661634507 -0.469881908087808
-0.313859338365493 0.396143495696631
-0.313859338365493 -0.181206773492995
-0.768865274126558 0.262975304945408
0.182058225084467 -0.983287751718231
0.479803976490730 -0.488635549809806
0.880052695777526 -0.267184603504291
0.208637693753974 0.473896967618426
0.216979908204692 0.931247999505735
0.488146190941448 -0.031284517922497
-0.089108057652289 -0.020755234289999
0.785891942347711 0.463367683985928
1.177798447183789 0.227467598404134
-0.097450272103007 -0.478106266177308
0.888394910228244 0.190166428383019
0.608886413040770 0.695347913923941
0.600544198590052 0.237996882036632
-0.760523059675840 0.720326336832718
-0.542332565473511 -0.021922494916049
-0.942581284760307 -0.243373441221564
0.306087965856981 -0.994984295976779
-0.271166282736756 -0.984455012344281
0.026579468669507 -0.489802810435856
0.426828187956303 -0.268351864130341
-0.365327036166571 -0.253902724854062
0.332667434526488 0.462200423359879
-0.244586814067248 0.472729706992376
1.004082436550040 -0.278881147762838
0.706336685143777 -0.773533349671263
-0.550674779924230 -0.479273526803358
0.034921683120225 -0.032451778548546
0.252180845225122 0.480635026457673
0.260523059675840 0.937986058344982
-0.316731188917897 0.948515341977480
-1.014725659610956 0.232412193763539
-0.716979908204692 0.727064395671965
-0.445813625467937 -0.235468121756268
-0.325073403368615 0.491164310090170
-1.023067874061673 -0.224938838123770
-0.045564906181141 -0.014017175450752
0.682058225084467 -0.694612617123418
0.708637693753974 0.762572102213239
0.988146190941448 0.257390616672316
0.410891942347711 0.267919900304814
0.018985437511633 0.503819985886608
0.402549727896993 -0.189431131582496
0.395380220544836 -0.684818630291443
0.000000000000000 -0.264095663797754
0.457427107756338 -0.264095663797754
-0.833333333333333 -0.816866462190320
0.562046887211502 -0.973493764886256
0.062046887211502 -0.684818630291443
-0.313619011595342 0.951571269970207
-0.713867730882138 0.730120323664692
-0.434359233694665 0.224938838123770
-0.442701448145383 -0.232412193763539
0.534801519735150 -0.021490531090522
-0.042452728858587 -0.010961247458025
-0.740447199551646 -0.727064395671965
0.926708024571228 -0.257390616672316
0.255293022547676 0.483690954450401
-1.019955696739119 -0.221882910131042
0.628962273164965 -0.752042818580741
0.655541741834472 0.705141900755916
-0.171535165408627 -1.194944711191772
-0.163192950957909 -0.737593679304462
-0.136613482288402 0.719591040032195
0.237055768328887 -0.516142732998947
-1.011613482288402 0.235468121756268
-0.348540694715568 -0.962964481253759
-0.050794943309305 -0.468312279345334
0.526459305284432 -0.478841562977832
0.134552800448354 -0.242941477396037
0.935050239021946 0.199960415214993
-0.321961226046060 0.494220238082898
0.263635236998394 0.941041986337710
-0.562046887211502 -0.396143495696631
-0.562046887211502 -0.973493764886256
-0.957427107756338 0.024579470797059
-0.500000000000000 0.024579470797059
0.000000000000000 -0.841445932987380
-0.395380220544836 -0.684818630291444
-0.895380220544836 -0.396143495696631
-0.395380220544836 0.205786244290054
-1.062046887211502 0.205786244290054
0.667275387507949 0.747387666136437
0.640695918838442 -0.709797053200220
-0.422625588021188 0.267184603504291
0.248789414002364 -0.473896967618426
-0.999879836614925 0.277713887136788
0.240447199551646 -0.931247999505735
-0.030719083185110 0.031284517922497
0.546535165408627 0.020755234289999
-0.702134085208662 0.772366089045214
0.369529636101686 0.252735464228012
-0.328464834591373 -0.463367683985928
-0.301885365921866 0.993817035350729
-0.720371339427451 -0.227467598404134
0.554877379859345 0.478106266177308
-0.336807049042091 -0.920718715873238
0.938441670244705 -0.215144851291795
-0.151459305284432 -0.695347913923941
-0.124879836614925 0.761836805412716
-1.008222051065643 -0.179637144750521
-0.430967802471906 -0.190166428383019
0.275368882671871 0.983287751718231
-0.022376868734392 0.488635549809806
0.946783884695423 0.242206180595514
0.267026668221153 0.525936719830922
-0.790760441089671 0.577350269189626
-0.790760441089671 0.000000000000000
-0.228713553878169 0.132047831898877
-0.457427107756338 -0.264095663797754
-0.290760441089671 1.130121067582192
-0.624093774423005 0.288675134594813
0.980894399103291 -0.204183603833771
0.989236613554009 0.253167428053539
0.411982364960273 0.263696711686036
0.020075860124195 0.499596797267831
-0.286012105732786 -0.452406436527904
-0.686260825019582 -0.673857382833419
0.011733645673477 0.042245765380521
-0.259432637063279 1.004778282808753
0.317821611530458 0.994248999176255
0.291242142860950 -0.462935720160401
0.105894399103291 -0.688306522109698
-0.557178388469542 0.510126080900328
0.691490862147746 -0.241484773854886
-0.949084893305620 0.746026166482122
-0.565520602920260 0.052775049013019
0.709728116366536 0.758348913594461
-0.294354320183504 -0.909757468415213
0.683148647697028 -0.698835805742196
-0.062046887211502 0.684818630291443
0.500000000000000 0.816866462190320
0.271286446121831 0.420722966493690
-0.728713553878169 0.420722966493690
0.104619779455164 0.973493764886256
0.375906225576995 0.239516193000695
0.709239558910329 0.816866462190320
0.442701448145383 0.232412193763539
-0.534801519735150 0.021490531090522
-0.926708024571228 0.257390616672316
0.042452728858587 0.010961247458025
0.740447199551646 0.727064395671965
1.019955696739119 0.221882910131042
0.834607952981461 -0.003487891818255
0.171535165408627 1.194944711191772
-0.237055768328887 0.516142732998947
1.011613482288402 -0.235468121756268
0.163192950957909 0.737593679304462
0.434359233694665 -0.224938838123770
0.713867730882138 -0.730120323664692
-0.134552800448354 0.242941477396037
0.895380220544836 0.396143495696631
0.228713553878169 0.132047831898877
0.000000000000000 0.528191327595507
1.124093774423005 -0.313254605391872
0.562046887211502 0.973493764886256
-0.275368882671871 -0.983287751718231
0.022376868734392 -0.488635549809806
0.422625588021188 -0.267184603504291
-0.248789414002364 0.473896967618426
-0.240447199551646 0.931247999505735
0.030719083185110 -0.031284517922497
0.999879836614925 -0.277713887136788
-0.640695918838442 0.709797053200220
-0.546535165408627 -0.020755234289999
0.702134085208662 -0.772366089045214
0.328464834591373 0.463367683985928
0.720371339427451 0.227467598404134
-0.554877379859345 -0.478106266177308
1.120620058714247 0.448918544709649
0.430967802471906 0.190166428383019
0.151459305284432 0.695347913923941
0.143117090833714 0.237996882036632
0.124879836614925 -0.761836805412716
1.124093774423005 0.000000000000000
0.728713553878169 0.420722966493690
0.457427107756338 -0.841445932987380
0.228713553878169 -0.445302437290749
0.790760441089671 0.000000000000000
-0.980894399103291 0.204183603833771
0.294354320183504 0.909757468415213
0.286012105732786 0.452406436527904
-0.020075860124195 -0.499596797267831
0.686260825019582 0.673857382833419
-0.011733645673477 -0.042245765380521
0.259432637063279 -1.004778282808753
-0.411982364960273 -0.263696711686036
-0.291242142860950 0.462935720160401
-0.317821611530458 -0.994248999176255
0.557178388469542 -0.510126080900328
-0.691490862147746 0.241484773854886
0.565520602920260 -0.052775049013019
-0.709728116366536 -0.758348913594461
-0.282899928410232 0.920286752047711
0.949084893305620 -0.746026166482122
-0.299584357311668 0.005584688273092
0.659681356350075 -0.783327336503238
-0.588987894267214 -0.031716481748023
0.380172859162601 -0.278145850962315
0.677918610568864 0.216506350946110
-0.597330108717931 -0.489067513635333
-0.683148647697028 0.698835805742196
-0.989236613554009 -0.253167428053539
0.277669891282069 -0.004944595359406
-0.062046887211502 -0.684818630291443
0.833333333333333 -0.816866462190320
0.104619779455164 -0.973493764886256
0.383462377835793 0.930512702705212
-0.891786341451003 0.224938838123770
-0.900128555901721 -0.232412193763539
0.077374411978812 -0.021490531090522
0.748789414002364 -0.762572102213239
-0.499879836614925 -0.010961247458025
0.469280916814890 -0.257390616672316
1.046535165408627 -0.267919900304814
-0.202134085208662 0.483690954450401
0.171535165408627 -0.752042818580741
0.198114634078134 0.705141900755916
-1.077134085208662 -0.000431963825526
-0.594040590044740 0.719591040032195
-0.220371339427451 -0.516142732998947
0.375120163385075 0.473161670817903
-0.508222051065643 -0.468312279345334
0.069032197528094 -0.478841562977832
-0.491537622164207 0.446389784429285
0.775368882671871 0.694612617123418
0.477623131265608 0.199960415214993
-0.797625588021188 -0.505613449366449
-0.779388333802399 0.494220238082898
-0.193791870757944 0.941041986337710
0.895380220544836 -0.396143495696631
0.500000000000000 0.024579470797059
0.957427107756338 0.024579470797059
0.562046887211502 -0.396143495696631
1.062046887211502 0.205786244290054
0.395380220544836 0.205786244290054
-0.614116450168934 0.797344511953990
-0.213867730882138 1.018795458259505
0.065640766305335 0.513613972718583
0.057298551854617 0.056262940831273
1.034801519735150 0.267184603504291
-0.248789414002364 -0.895740292964461
0.457547271141413 0.277713887136788
-0.240447199551646 -0.438389261077152
-0.640695918838442 -0.659840207382667
0.755293022547676 0.772366089045214
-0.519955696739119 0.066792224463771
-0.632353704387723 -0.202489175495358
-0.920204416025916 -0.154658721841744
0.336807049042091 -0.448918544709649
0.363386517711598 1.008266174627007
0.737055768328887 -0.227467598404134
-0.511613482288402 0.524143256351080
-0.817701448145383 -0.427859977444654
0.151459305284432 -0.674289346658946
0.449205056690695 -0.179637144750521
-0.911862201575197 0.302692310045565
0.290760441089671 1.130121067582192
0.790760441089671 0.577350269189626
-0.997578828004728 -0.133168190751222
0.251090422612561 -0.884779045506437
0.286012105732786 1.029756705717530
0.651339141899357 -0.663328099200921
-0.020075860124195 0.077753471921795
-0.011733645673477 0.535104503809105
0.259432637063279 -0.427428013619127
-0.411982364960273 0.313653557503589
-0.291242142860950 1.040285989350027
-0.317821611530458 -0.416898729986630
0.557178388469542 0.067224188289298
-0.691490862147746 0.818835043044512
0.565520602920260 0.524575220176607
-0.709728116366536 -0.180998644404835
0.949084893305620 -0.168675897292497
0.380172859162601 0.299204418227311
0.677918610568864 0.793856620135736
-0.989236613554009 0.324182841136087
0.395380220544836 0.684818630291443
-0.271286446121831 0.420722966493690
-0.500000000000000 0.816866462190320
-0.383462377835793 -0.930512702705212
-0.775368882671871 -0.694612617123418
-0.477623131265608 -0.199960415214993
0.900128555901721 0.232412193763539
-0.077374411978812 0.021490531090522
-0.748789414002364 0.762572102213239
-0.469280916814890 0.257390616672316
0.499879836614925 0.010961247458025
-1.046535165408627 0.267919900304814
0.202134085208662 -0.483690954450401
0.491537622164207 -0.446389784429285
-0.171535165408627 0.752042818580741
-0.198114634078134 -0.705141900755916
0.220371339427451 0.516142732998947
-1.054877379859345 -0.189431131582496
0.620620058714247 0.737593679304462
0.594040590044740 -0.719591040032195
-0.069032197528094 0.478841562977832
-0.348540694715568 0.984023048518754
0.891786341451003 -0.224938838123770
0.193791870757944 -0.941041986337710
-0.562046887211502 0.973493764886256
-0.562046887211502 0.396143495696631
-1.124093774423005 -0.313254605391872
-0.395380220544836 0.684818630291444
0.614116450168934 -0.797344511953990
0.640695918838442 0.659840207382667
0.248789414002364 0.895740292964461
-0.057298551854617 -0.056262940831273
-1.034801519735150 -0.267184603504291
-0.457547271141413 -0.277713887136788
0.240447199551646 0.438389261077152
-0.755293022547676 -0.772366089045214
0.519955696739119 -0.066792224463771
0.334607952981461 -0.292163026413067
-0.328464834591373 0.906269576596959
0.920204416025916 0.154658721841744
-0.737055768328887 0.227467598404134
0.538192950957909 0.933041462985577
0.511613482288402 -0.524143256351080
-0.336807049042091 0.448918544709649
-0.363386517711598 -1.008266174627007
-0.039061297635828 0.943570746618074
0.632353704387723 0.202489175495358
-0.065640766305335 -0.513613972718583
0.213867730882138 -1.018795458259505
0.911862201575197 -0.302692310045565
-0.634552800448354 -0.045733657198775
-0.790760441089671 -0.577350269189626
-0.228713553878169 -0.445302437290749
-0.457427107756338 -0.841445932987380
-0.624093774423005 -0.288675134594813
-0.352807328301174 -1.022652706480375
-1.124093774423005 0.000000000000000
-0.019473994967841 -0.445302437290749
0.997578828004728 0.133168190751222
0.989236613554009 -0.324182841136087
0.411982364960273 -0.313653557503589
-0.651339141899357 0.663328099200921
0.020075860124195 -0.077753471921795
-0.286012105732786 -1.029756705717530
0.011733645673477 -0.535104503809105
-0.259432637063279 0.427428013619127
0.317821611530458 0.416898729986630
0.140816082223517 0.648878959924643
-0.557178388469542 -0.067224188289298
0.326163825981176 0.874249761873939
-0.565520602920260 -0.524575220176607
0.709728116366536 0.180998644404835
-0.538941134250753 0.932609499160050
-0.659681356350075 0.205977067313612
-0.267774851513997 -0.029923018268182
0.420324579410990 0.143697474383720
-0.251090422612561 0.884779045506437
0.718070330817254 0.638349676292145
0.038313114342984 0.922080215527552
0.042572892243662 0.024579470797059
0.209239558910329 0.000000000000000
-0.062046887211502 -0.107468361101818
0.147192671698826 0.156627302695936
-0.124093774423005 -0.313254605391872
0.437953112788498 -0.396143495696631
0.042572892243662 -0.552770798392567
-0.290760441089671 -0.288675134594813
0.437953112788498 0.181206773492995
0.209239558910329 -0.577350269189626
-0.124093774423005 -0.528191327595508
-0.352807328301174 -0.132047831898877
-0.333333333333333 0.000000000000000
-0.290760441089671 0.288675134594813
0.666666666666667 0.000000000000000
-0.062046887211502 0.469881908087808
0.709239558910329 -0.288675134594813
-0.457427107756338 0.313254605391872
0.209239558910329 0.577350269189626
0.771286446121831 0.132047831898877
-0.352807328301174 0.445302437290749
0.375906225576995 0.552770798392567
0.709239558910329 0.288675134594813
0.375906225576995 -0.816866462190320
0.166666666666667 -0.866025403784439
-0.352807328301174 -0.709398101088503
-0.624093774423005 -0.239516193000695
-0.562046887211502 0.181206773492995
-0.124093774423005 0.577350269189626
0.333333333333333 0.577350269189626
0.833333333333333 -0.288675134594813
0.604619779455164 -0.684818630291444
0.937953112788498 -0.107468361101818
-0.290760441089671 -0.866025403784439
-0.519473994967840 -0.684818630291444
0.895380220544836 0.181206773492995
1.000000000000000 -0.264095663797754
0.437953112788498 -0.973493764886256
0.166666666666667 0.866025403784438
0.937953112788498 -0.684818630291444
-0.290760441089671 0.866025403784438
0.271286446121831 0.998073235683316
-0.957427107756338 -0.552770798392567
0.437953112788498 0.973493764886256
-1.019473994967841 -0.396143495696631
0.209239558910329 1.154700538379251
0.375906225576995 1.130121067582192
0.709239558910329 -0.866025403784439
0.437953112788498 0.758557042682621
1.042572892243662 -0.288675134594813
-0.566795222568387 0.609033739223840
0.410707745312145 0.819955401896857
-0.872883188425368 -0.342969494571895
-0.166546503281591 0.830484685529355
-0.864540973974650 0.114381537315415
1.073780532884979 -0.378477201113169
0.802614250148223 0.584055316315063
-0.042572892243662 -0.024579470797059
0.124093774423005 0.000000000000000
0.124093774423005 -0.313254605391872
-0.104619779455164 -0.181206773492995
0.062046887211502 0.107468361101818
0.290760441089671 -0.288675134594813
-0.166666666666667 -0.288675134594813
0.290760441089671 -0.337834076188931
0.395380220544836 0.107468361101818
0.457427107756338 -0.313254605391872
0.124093774423005 -0.577350269189626
-0.042572892243662 -0.601929739986685
-0.375906225576995 -0.024579470797059
-0.104619779455164 0.396143495696631
0.624093774423005 -0.288675134594813
-0.375906225576995 -0.601929739986685
-0.542572892243662 -0.313254605391872
-0.042572892243662 0.552770798392567
0.624093774423005 0.288675134594813
-0.604619779455164 0.107468361101818
-0.542572892243662 0.264095663797754
0.124093774423005 -0.890604874581498
0.000000000000000 -0.890604874581498
-0.437953112788498 0.396143495696631
0.562046887211502 0.396143495696631
0.290760441089671 -0.866025403784439
-0.375906225576995 0.552770798392567
-0.104619779455164 0.660239159494384
0.686140661634507 -0.709398101088503
0.457427107756338 -0.890604874581498
0.062046887211502 0.684818630291443
0.790760441089671 -0.577350269189626
-0.604619779455164 0.371564024899572
0.728713553878169 0.371564024899572
0.186140661634507 -0.998073235683316
0.624093774423005 -0.866025403784439
0.957427107756338 -0.601929739986685
-0.604619779455164 0.684818630291443
-0.104619779455164 0.973493764886256
-0.833333333333333 -0.866025403784439
-0.271286446121831 0.948914294089197
0.852807328301174 0.684818630291443
-1.062046887211503 0.107468361101818
-0.042572892243662 1.130121067582192
-0.609368114812049 0.584454268426781
0.368134853068483 0.795375931099798
-0.244041078645479 -1.108630536491670
-0.915456080669030 -0.367548965368954
-0.209119395525253 0.805905214732296
-0.907113866218312 0.089802066518356
-0.635947583481556 -0.872730450909876
0.333213169948258 -1.119159820124168
1.031207640641317 -0.403056671910228
0.760041357904561 0.559475845518004
-0.124093774423005 0.000000000000000
0.042572892243662 -0.024579470797059
0.104619779455164 -0.181206773492995
-0.062046887211502 0.107468361101818
-0.290760441089671 -0.337834076188931
-0.395380220544836 0.107468361101818
-0.124093774423005 -0.577350269189626
-0.457427107756338 -0.313254605391872
0.375906225576995 -0.024579470797059
0.042572892243662 -0.601929739986685
0.104619779455164 0.396143495696631
0.542572892243662 -0.313254605391872
0.375906225576995 -0.601929739986685
0.042572892243662 0.552770798392567
0.604619779455164 0.107468361101818
0.542572892243662 0.264095663797754
-0.124093774423005 -0.890604874581498
0.437953112788498 0.396143495696631
-0.228713553878169 0.660239159494384
-0.457427107756338 -0.890604874581498
-0.686140661634507 -0.709398101088503
-0.728713553878169 0.371564024899572
0.604619779455164 0.371564024899572
-0.624093774423005 -0.866025403784439
-0.957427107756338 -0.601929739986685
0.604619779455164 0.684818630291443
0.333333333333333 -1.154700538379251
0.271286446121831 0.948914294089197
1.062046887211503 0.107468361101818
0.042572892243662 1.130121067582192
-0.186140661634507 -0.420722966493690
-0.733461889235054 0.584454268426781
0.244041078645479 0.795375931099798
-0.333213169948258 0.805905214732296
-1.031207640641317 0.089802066518356
0.209119395525253 -1.119159820124168
0.907113866218312 -0.403056671910228
0.635947583481556 0.559475845518004
-0.209239558910329 0.000000000000000
-0.042572892243662 0.024579470797059
0.062046887211502 -0.107468361101818
-0.147192671698826 0.156627302695936
-0.375906225576995 -0.239516193000695
-0.042572892243662 -0.552770798392567
-0.437953112788498 -0.396143495696631
-0.437953112788498 0.181206773492995
0.352807328301174 -0.132047831898877
0.124093774423005 -0.528191327595508
-0.209239558910329 -0.577350269189626
0.290760441089671 0.288675134594813
0.062046887211502 0.469881908087808
-0.209239558910329 0.577350269189626
0.457427107756338 0.313254605391872
-0.771286446121831 0.132047831898877
0.352807328301174 0.445302437290749
0.562046887211502 0.181206773492995
0.624093774423005 -0.239516193000695
0.352807328301174 -0.709398101088503
-0.375906225576995 -0.816866462190320
0.124093774423005 0.577350269189626
-0.604619779455164 -0.684818630291444
-0.937953112788498 -0.107468361101818
-0.895380220544836 0.181206773492995
-0.666666666666667 0.577350269189626
-0.437953112788498 -0.973493764886256
-1.000000000000000 -0.264095663797754
-0.937953112788498 -0.684818630291444
0.290760441089671 0.866025403784438
-1.166666666666667 -0.288675134594813
-0.271286446121831 0.998073235683316
0.957427107756338 -0.552770798392567
-1.104619779455164 0.445302437290749
-0.437953112788498 0.973493764886256
0.686140661634507 0.709398101088503
-0.375906225576995 1.130121067582192
-0.395380220544836 -0.107468361101818
-0.937953112788498 0.684818630291444
-0.437953112788498 0.758557042682621
-0.776034781478716 0.609033739223840
0.201468186401817 0.819955401896857
-0.410707745312145 -1.084051065694611
-1.082122747335697 -0.342969494571895
-0.375786062191920 0.830484685529355
-1.073780532884979 0.114381537315415
-0.802614250148223 -0.848150980112817
0.166546503281591 -1.094580349327109
0.864540973974650 -0.378477201113169
0.593374691237895 0.584055316315063
0.000000000000000 -0.049158941594118
-0.209239558910329 0.264095663797754
0.062046887211502 -0.205786244290054
-0.395380220544836 -0.205786244290054
-0.500000000000000 0.239516193000695
-0.562046887211502 -0.181206773492995
-0.395380220544836 0.371564024899571
0.062046887211502 0.371564024899571
-0.062046887211502 -0.469881908087808
0.437953112788498 -0.181206773492995
0.500000000000000 0.239516193000695
0.395380220544836 -0.469881908087808
-0.271286446121831 -0.733977571885562
-0.437953112788498 0.660239159494384
0.104619779455164 0.660239159494384
0.562046887211502 0.082888890304759
0.290760441089671 -0.601929739986685
-0.104619779455164 -0.758557042682621
-0.895380220544836 0.082888890304759
0.562046887211502 -0.181206773492995
-0.895380220544836 -0.181206773492995
-0.333333333333333 0.792286991393261
-0.562046887211502 -0.758557042682621
-0.728713553878169 -0.733977571885562
-1.062046887211502 -0.469881908087808
0.895380220544836 -0.181206773492995
0.000000000000000 1.105541596785133
0.728713553878169 -0.733977571885562
0.166666666666667 1.080962125988074
0.957427107756338 0.239516193000695
-0.166666666666667 -1.179280009176311
0.124093774423005 -1.154700538379252
0.895380220544836 -0.758557042682621
0.790760441089671 -0.890604874581498
0.437953112788498 -0.758557042682621
1.202742806049944 -0.049557893705836
-0.838081668690218 0.716502100325658
0.139421299190314 0.927423762998675
0.504748335356885 -0.765661041919776
-0.472754632523648 -0.976582704592794
-1.144169634547199 -0.235501133470077
-0.437832949403422 0.937953046631173
-1.135827420096481 0.221849898417233
-0.864661137359725 -0.740682619010999
0.802494086763148 -0.271008840011351
0.531327804026392 0.691523677416881
-0.104619779455164 0.181206773492995
0.000000000000000 0.049158941594118
-0.333333333333333 0.049158941594118
-0.437953112788498 -0.082888890304759
-0.104619779455164 -0.396143495696631
-0.500000000000000 -0.239516193000695
-0.500000000000000 0.337834076188931
0.166666666666667 0.337834076188931
0.395380220544836 -0.107468361101818
-0.333333333333333 0.626509210783744
0.000000000000000 0.626509210783744
0.395380220544836 0.469881908087808
0.500000000000000 -0.239516193000695
-0.771286446121831 0.445302437290749
-0.833333333333333 0.337834076188931
0.666666666666667 0.049158941594118
0.457427107756338 -0.528191327595507
-0.957427107756338 -0.239516193000695
-1.000000000000000 0.049158941594118
0.624093774423005 0.337834076188931
-0.042572892243662 -0.816866462190320
-1.062046887211502 -0.107468361101818
-1.000000000000000 -0.528191327595507
-0.833333333333333 0.866025403784439
0.624093774423005 0.866025403784439
0.957427107756338 -0.239516193000695
-0.457427107756338 0.049158941594118
0.166666666666667 0.915184345378557
-0.290760441089671 -0.239516193000695
1.202742806049944 -0.000398952111717
-0.838081668690218 0.765661041919776
0.139421299190314 0.976582704592793
-0.472754632523648 -0.927423762998675
-0.437832949403422 0.987111988225291
-1.135827420096481 0.271008840011351
0.802494086763148 -0.221849898417233
0.531327804026392 0.740682619010999
-0.147192671698826 0.420722966493690
-0.209239558910329 -0.313254605391872
-0.709239558910329 -0.024579470797059
-0.709239558910329 0.552770798392567
-0.542572892243662 0.841445932987380
0.519473994967840 -0.420722966493690
0.686140661634507 0.445302437290749
0.019473994967840 -0.709398101088503
1.019473994967841 0.396143495696631
-0.776034781478716 0.873129403021594
0.201468186401817 1.084051065694611
0.566795222568387 -0.609033739223840
-0.410707745312145 -0.819955401896857
-1.082122747335697 -0.078873830774141
-0.375786062191920 1.094580349327109
-1.073780532884979 0.378477201113169
-0.802614250148223 -0.584055316315063
0.166546503281591 -0.830484685529355
0.864540973974650 -0.114381537315415
0.593374691237895 0.848150980112817
0.104619779455164 0.181206773492995
-0.019473994967840 0.445302437290749
0.209239558910329 0.049158941594118
-0.395380220544836 0.469881908087808
0.375906225576995 0.288675134594813
-0.519473994967841 0.156627302695936
0.104619779455164 -0.396143495696631
0.104619779455164 0.758557042682621
0.375906225576995 -0.288675134594813
0.500000000000000 0.601929739986685
0.604619779455164 -0.107468361101818
-0.519473994967841 0.733977571885562
0.604619779455164 0.469881908087808
0.209239558910329 -0.528191327595507
-0.519473994967841 -0.420722966493690
-0.790760441089671 0.049158941594118
-0.852807328301174 -0.107468361101818
-0.624093774423005 0.866025403784439
-0.124093774423005 1.154700538379251
0.937953112788498 0.733977571885562
1.062046887211503 -0.107468361101818
-0.852807328301174 -0.684818630291443
1.166666666666667 -0.239516193000695
0.271286446121831 1.047232177277434
0.875906225576995 0.000000000000000
-0.395380220544836 1.047232177277434
-0.733461889235054 0.897708873818653
0.244041078645479 1.108630536491670
0.609368114812049 -0.584454268426781
-0.368134853068483 -0.795375931099798
-0.333213169948258 1.119159820124168
0.209119395525253 -0.805905214732296
0.907113866218312 -0.089802066518356
0.635947583481556 0.872730450909876
0.019473994967840 0.445302437290749
0.333333333333333 0.049158941594118
-0.209239558910329 0.049158941594118
0.519473994967841 0.156627302695936
0.290760441089671 -0.239516193000695
-0.375906225576995 0.288675134594813
-0.104619779455164 0.758557042682621
-0.375906225576995 -0.288675134594813
-0.500000000000000 0.601929739986685
-0.604619779455164 -0.107468361101818
0.519473994967841 0.733977571885562
0.790760441089671 0.049158941594118
-0.209239558910329 -0.528191327595507
-0.666666666666667 0.049158941594118
-0.604619779455164 0.469881908087808
-0.375906225576995 0.866025403784439
0.852807328301174 0.469881908087808
0.124093774423005 1.154700538379251
-0.104619779455164 -0.973493764886256
-0.937953112788498 0.733977571885562
0.852807328301174 -0.684818630291443
-0.271286446121831 -0.948914294089197
0.352807328301174 -0.973493764886256
-1.062046887211503 0.469881908087808
-0.709239558910329 -0.816866462190320
-1.104619779455164 -0.396143495696631
-1.166666666666667 -0.239516193000695
-0.271286446121831 1.047232177277434
-0.609368114812049 0.897708873818653
0.368134853068483 1.108630536491670
-0.244041078645479 -0.795375931099798
-0.915456080669030 -0.054294359977082
-0.209119395525253 1.119159820124168
-0.907113866218312 0.403056671910228
-0.635947583481556 -0.559475845518004
1.031207640641317 -0.089802066518356
0.760041357904561 0.872730450909876
0.209239558910329 0.264095663797754
0.147192671698826 0.420722966493690
0.209239558910329 -0.313254605391872
0.709239558910329 -0.024579470797059
0.709239558910329 0.552770798392567
0.771286446121831 0.445302437290749
0.542572892243662 0.841445932987380
-0.290760441089671 -0.601929739986685
-0.686140661634507 -0.132047831898877
0.771286446121831 0.660239159494384
-0.019473994967840 -0.709398101088503
-0.686140661634507 0.445302437290749
-0.186140661634507 0.156627302695936
0.709239558910329 -0.601929739986685
-0.019473994967840 -0.132047831898877
-0.566795222568387 0.873129403021594
0.410707745312145 1.084051065694611
0.776034781478716 -0.609033739223840
-0.201468186401817 -0.819955401896857
-0.166546503281591 1.094580349327109
-0.593374691237895 -0.584055316315063
0.375786062191920 -0.830484685529355
1.073780532884979 -0.114381537315415
0.802614250148223 0.848150980112817
0.437953112788498 -0.082888890304759
-0.166666666666667 0.337834076188931
0.333333333333333 0.626509210783744
0.833333333333333 0.337834076188931
1.000000000000000 0.049158941594118
-0.457427107756338 -0.528191327595507
0.042572892243662 -0.816866462190320
-0.624093774423005 0.337834076188931
-0.124093774423005 0.049158941594118
0.042572892243662 -0.239516193000695
-0.504748335356885 0.765661041919776
0.472754632523648 0.976582704592793
0.838081668690218 -0.716502100325658
-0.139421299190314 -0.927423762998675
-0.810836301213866 -0.186342191875959
-0.104499616070089 0.987111988225291
-0.802494086763148 0.271008840011351
-0.531327804026392 -0.691523677416881
1.135827420096481 -0.221849898417233
0.864661137359725 0.740682619010999
0.395380220544836 -0.205786244290054
-0.062046887211502 -0.205786244290054
-0.062046887211502 0.371564024899571
0.395380220544836 0.371564024899571
0.062046887211502 -0.469881908087808
0.604619779455164 -0.469881908087808
-0.437953112788498 -0.181206773492995
0.271286446121831 -0.733977571885562
-0.395380220544836 -0.469881908087808
0.437953112788498 0.660239159494384
0.895380220544836 0.082888890304759
-0.562046887211502 0.082888890304759
-0.895380220544836 0.396143495696630
-0.166666666666667 1.080962125988074
0.166666666666667 -1.179280009176311
-0.790760441089671 -0.890604874581498
0.771286446121831 -0.758557042682621
-0.666666666666667 0.792286991393261
-1.062046887211502 -0.205786244290054
-0.124093774423005 -1.154700538379252
-0.504748335356885 0.716502100325658
0.472754632523648 0.927423762998675
0.838081668690218 -0.765661041919776
-0.139421299190314 -0.976582704592794
-0.810836301213866 -0.235501133470077
-0.104499616070089 0.937953046631173
-0.802494086763148 0.221849898417233
0.437832949403422 -0.987111988225291
1.135827420096481 -0.271008840011351
0.864661137359725 0.691523677416881
-0.728713553878169 -0.948914294089197
0.728713553878169 -0.948914294089197
0.271286446121831 -0.371564024899572
-0.271286446121831 -0.371564024899572
0.000000000000000 0.890604874581498
-1.124093774423005 0.049158941594118
-0.271166282736756 0.698436853630478
0.969160753429815 -0.510525033012046
-0.186140661634507 0.420722966493690
-0.457427107756338 -0.049158941594118
-0.686140661634507 -0.445302437290749
0.771286446121831 -0.445302437290749
1.000000000000000 0.528191327595508
0.042572892243662 -1.130121067582192
-0.519473994967840 -0.998073235683316
0.077374411978812 1.084051065694611
-0.499879836614925 1.094580349327109
0.740447199551646 -0.114381537315415
0.469280916814890 0.848150980112817
1.186140661634507 -0.156627302695936
0.457427107756338 1.105541596785133
0.186140661634507 0.420722966493690
-0.042572892243662 0.816866462190320
0.686140661634507 -0.445302437290749
-0.771286446121831 -0.445302437290749
0.519473994967840 -0.998073235683316
-0.542572892243662 -0.841445932987379
-0.042572892243662 -1.130121067582192
-0.604619779455164 0.948914294089197
-1.000000000000000 -0.049158941594118
-0.042452728858587 1.094580349327109
1.197874307307984 -0.114381537315415
0.147192671698826 -0.156627302695936
0.085145784487324 0.000000000000000
0.313859338365493 -0.396143495696631
0.147192671698826 -0.733977571885562
0.647192671698826 -0.445302437290749
0.647192671698826 0.132047831898877
0.313859338365493 -0.973493764886256
0.542572892243662 -0.841445932987380
0.480526005032160 0.420722966493690
-0.581520882179343 -0.841445932987380
0.709239558910329 0.239516193000695
-0.081520882179343 -1.130121067582192
-0.019473994967840 0.709398101088502
-0.748187548846010 0.552770798392566
0.147192671698826 0.998073235683316
-0.081520882179343 -0.552770798392567
-0.628842109779890 0.452406436527904
0.348660858100643 0.663328099200921
-0.934930075636871 -0.499596797267831
-0.228593390493094 0.673857382833419
-0.926587861186153 -0.042245765380521
1.011733645673476 -0.535104503809105
0.740567362936721 0.427428013619127
0.748909577387439 0.884779045506437
-1.042572892243662 -0.288675134594813
-0.147192671698826 -0.156627302695936
0.019473994967840 -0.132047831898877
0.019473994967840 -0.445302437290749
-0.147192671698826 -0.420722966493690
0.186140661634507 -0.420722966493690
-0.085145784487324 0.000000000000000
-0.313859338365493 -0.396143495696631
-0.147192671698826 -0.733977571885562
-0.480526005032160 -0.156627302695936
-0.480526005032160 -0.733977571885562
-0.147192671698826 -0.998073235683316
0.019473994967840 -1.022652706480375
-0.313859338365493 -0.973493764886256
-0.709239558910329 0.024579470797059
0.686140661634507 -0.132047831898877
-0.480526005032160 0.420722966493690
0.581520882179343 -0.841445932987380
0.352807328301174 -1.022652706480375
-0.875906225576995 -0.264095663797754
-0.709239558910329 0.239516193000695
0.081520882179343 -1.130121067582192
0.019473994967840 0.709398101088502
0.748187548846010 0.552770798392566
-0.375906225576995 0.601929739986685
-0.713987894267214 0.452406436527904
0.263515073613319 0.663328099200921
0.628842109779890 -1.029756705717530
-1.020075860124195 -0.499596797267831
-0.313739174980418 0.673857382833419
-1.011733645673476 -0.042245765380521
0.926587861186153 -0.535104503809105
0.655421578449397 0.427428013619127
-0.050915106694380 -0.746026166482122
0.349333612592416 -0.524575220176607
-0.619827140837399 -0.278145850962315
-0.322081389431136 0.216506350946110
-0.771286446121831 -0.758557042682621
-0.375906225576995 0.239516193000695
-0.104619779455164 0.082888890304759
-0.209239558910329 -0.049158941594118
-0.437953112788498 0.082888890304759
-0.271286446121831 0.371564024899572
-0.042572892243662 -0.073738412391177
-0.500000000000000 -0.073738412391177
-0.375906225576995 -0.337834076188931
-0.937953112788498 0.371564024899572
-0.209239558910329 -0.626509210783744
-0.333333333333333 -0.626509210783744
-1.000000000000000 0.214936722203636
0.228713553878169 0.660239159494384
-0.709239558910329 0.816866462190320
-0.437953112788498 0.924334823292138
0.124093774423005 -0.626509210783744
-0.666666666666667 -0.626509210783744
0.624093774423005 -0.337834076188931
0.852807328301174 0.371564024899572
0.790760441089671 -0.626509210783744
0.333333333333333 -0.626509210783744
1.098123026594780 0.082489938193041
0.034801519735150 1.059471594897552
0.400128555901721 -0.633613210020899
-0.577374411978812 -0.844534872693916
-0.542452728858587 1.070000878530050
-0.969280916814890 -0.608634787112122
-0.000120163385075 -0.855064156326414
0.697874307307984 -0.138961008112474
0.426708024571228 0.823571509315758
0.128962273164965 0.328919307407333
0.120620058714247 -0.128431724479976
-0.848540694715568 0.117997644734315
0.391786341451003 -1.090964241908209
-0.290760441089671 0.337834076188931
-0.062046887211502 0.205786244290054
-0.186140661634507 0.469881908087808
0.042572892243662 0.073738412391177
0.104619779455164 0.494461378884867
-0.790760441089671 0.626509210783744
-0.686140661634507 0.758557042682621
0.437953112788498 0.494461378884867
-0.895380220544836 0.494461378884867
0.604619779455164 0.205786244290054
-0.852807328301174 -0.371564024899571
0.562046887211502 0.494461378884867
0.604619779455164 -0.371564024899571
-0.352807328301174 -0.082888890304759
1.140695918838442 0.156228350584219
0.077374411978812 1.133210007288729
-1.206216521758702 -0.029714889180023
-0.926708024571228 -0.534896374720945
0.042452728858587 -0.781325743935237
0.740447199551646 -0.065222595721297
0.469280916814890 0.897309921706935
0.290760441089671 0.337834076188931
0.124093774423005 0.049158941594118
0.062046887211502 0.205786244290054
0.457427107756338 0.049158941594118
0.186140661634507 0.469881908087808
-0.042572892243662 0.073738412391177
0.686140661634507 0.758557042682621
0.895380220544836 0.494461378884867
-0.437953112788498 0.494461378884867
0.457427107756338 0.890604874581498
-0.209239558910329 0.890604874581498
0.852807328301174 -0.371564024899572
-0.604619779455164 0.205786244290054
1.124093774423005 0.049158941594118
-0.604619779455164 -0.371564024899572
-0.104619779455164 -0.924334823292138
-0.937953112788498 -0.371564024899572
-0.442701448145383 0.922288344615712
-0.077374411978812 -0.770796460302739
-0.748789414002364 -0.029714889180023
-0.042452728858587 1.143739290921227
-0.740447199551646 0.427636142707287
-0.469280916814890 -0.534896374720945
0.499879836614925 -0.781325743935237
1.197874307307984 -0.065222595721297
0.437953112788498 0.082888890304759
0.209239558910329 -0.049158941594118
0.104619779455164 0.082888890304759
0.271286446121831 0.371564024899572
0.500000000000000 -0.073738412391177
0.042572892243662 -0.073738412391177
0.375906225576995 -0.337834076188931
0.875906225576995 -0.049158941594118
0.937953112788498 0.371564024899572
0.875906225576995 0.528191327595508
1.000000000000000 0.214936722203636
1.000000000000000 -0.049158941594118
0.104619779455164 0.924334823292138
0.666666666666667 -0.626509210783744
-0.124093774423005 -0.626509210783744
0.937953112788498 0.635659688697325
0.604619779455164 0.948914294089197
-0.624093774423005 -0.337834076188931
-0.400128555901721 0.848549932224535
0.577374411978812 1.059471594897552
0.942701448145383 -0.633613210020899
-0.034801519735150 -0.844534872693916
-0.706216521758702 -0.103453301571200
0.000120163385075 1.070000878530050
-0.697874307307984 0.353897730316110
-0.426708024571228 -0.608634787112122
0.542452728858587 -0.855064156326414
0.671535165408627 0.328919307407333
0.663192950957909 -0.128431724479976
-0.437832949403422 0.673857382833419
0.802494086763148 -0.535104503809105
0.531327804026392 0.427428013619127
0.802494086763148 0.042245765380521
0.531327804026392 1.004778282808753
0.666666666666667 0.626509210783744
-0.338081668690218 0.476985907324963
0.639421299190314 0.687907569997980
-0.644169634547199 -0.475017326470771
0.062167050596578 0.698436853630478
-0.635827420096481 -0.017666294583462
-0.364661137359726 -0.980198812011694
1.031327804026392 0.452007484416186
-0.375906225576995 -0.866025403784439
0.852807328301174 -0.107468361101818
-1.104619779455164 0.396143495696631
-0.609368114812049 0.320358604629027
0.368134853068483 0.531280267302044
-0.915456080669030 -0.631644629166707
-0.209119395525253 0.541809550934542
-0.907113866218312 -0.174293597279398
0.760041357904561 0.295380181720250
0.453953392047580 -0.656623052075484
0.375906225576995 -0.866025403784439
1.104619779455164 0.396143495696631
-0.352807328301174 -0.396143495696630
-0.733461889235054 0.320358604629027
0.244041078645479 0.531280267302044
-0.333213169948258 0.541809550934542
-1.031207640641317 -0.174293597279398
0.907113866218312 -0.667152335707982
0.635947583481556 0.295380181720250
-0.666666666666667 0.626509210783744
1.036076139383277 -0.289074086706530
-1.004748335356885 0.476985907324963
-0.027245367476352 0.687907569997980
-0.604499616070089 0.698436853630478
0.635827420096481 -0.510525033012046
0.364661137359726 0.452007484416186
0.209239558910329 -0.890604874581498
0.974029252171775 -0.181605725604712
-0.089292254687855 0.795375931099798
0.276034781478716 -0.897708873818653
-0.666546503281591 0.805905214732296
-0.124213937808080 -1.119159820124168
0.573780532884979 -0.403056671910228
0.302614250148223 0.559475845518004
-0.562046887211502 0.758557042682621
0.895380220544836 0.758557042682621
-0.062046887211502 1.047232177277434
-0.519473994967841 -0.107468361101818
0.974029252171775 0.131648879787160
-0.089292254687855 1.108630536491670
-0.701468186401817 -0.795375931099798
0.573780532884979 -0.089802066518356
0.302614250148223 0.872730450909876
-0.937953112788498 0.107468361101818
0.333333333333333 0.792286991393261
-0.209239558910329 -1.154700538379251
1.036076139383277 0.239117240888977
0.338081668690218 -0.476985907324963
-0.639421299190314 -0.687907569997980
-1.031327804026392 -0.452007484416186
-0.062167050596578 -0.698436853630478
0.635827420096481 0.017666294583462
0.364661137359726 0.980198812011694
0.609368114812049 -0.320358604629027
-0.368134853068483 -0.531280267302044
-1.039549855092035 0.209801303820672
-0.760041357904561 -0.295380181720250
0.907113866218312 0.174293597279398
0.733461889235054 -0.320358604629027
-0.244041078645479 -0.531280267302044
-0.915456080669030 0.209801303820672
-0.907113866218312 0.667152335707982
0.333213169948258 -0.541809550934542
1.031207640641317 0.174293597279398
0.937953112788498 0.107468361101818
0.937953112788498 0.684818630291444
0.209239558910329 -1.154700538379251
0.937953112788498 -0.469881908087808
-0.338081668690218 1.005177234920471
1.004748335356885 -0.476985907324963
0.027245367476352 -0.687907569997980
-0.644169634547199 0.053174001124736
-0.635827420096481 0.510525033012046
-0.364661137359726 -0.452007484416186
0.604499616070089 -0.698436853630478
0.562046887211502 0.758557042682621
1.062046887211502 0.469881908087808
-0.895380220544836 0.758557042682621
-0.276034781478716 0.897708873818653
0.089292254687855 -0.795375931099798
-0.582122747335697 -0.054294359977082
0.124213937808080 1.119159820124168
-0.573780532884979 0.403056671910228
0.666546503281591 -0.805905214732296
-0.276034781478716 0.584454268426781
0.701468186401817 0.795375931099798
0.089292254687855 -1.108630536491670
-0.582122747335697 -0.367548965368954
0.124213937808080 0.805905214732296
-0.302614250148223 -0.872730450909876
0.500000000000000 -0.337834076188931
0.562046887211502 -0.494461378884867
0.104619779455164 -0.494461378884867
1.062046887211502 -0.205786244290054
0.395380220544836 -1.047232177277434
0.666666666666667 0.792286991393261
-0.338081668690218 0.427826965730845
0.639421299190314 0.638748628403862
0.062167050596578 0.649277912036360
-0.635827420096481 -0.066825236177580
1.031327804026392 0.402848542822068
1.019473994967841 -0.082888890304759
-0.442701448145383 0.344938075426086
0.534801519735150 0.555859738099104
-0.748789414002364 -0.607065158369648
-0.042452728858587 0.566389021731601
-0.740447199551646 -0.149714126482339
-0.469280916814890 -1.112246643910571
0.926708024571228 0.319959652517310
-1.140695918838442 -0.371165072787854
0.255293022547676 1.061041223640026
-1.019955696739119 0.355467359058584
0.628962273164965 -0.174692549391115
-0.171535165408627 -0.617594442002146
-0.144955696739119 0.839590277334511
-0.163192950957909 -0.160243410114837
0.220371339427451 -0.853494527583940
0.620620058714247 -0.632043581278425
0.805967802471906 -0.406672779329128
-0.348540694715568 -0.385614212064133
-0.050794943309305 0.109037989844292
0.526459305284432 0.098508706211794
-0.451043662596101 -0.112412956461223
-0.519473994967840 -0.371564024899571
-0.891786341451003 0.802289107313396
-0.900128555901721 0.344938075426086
0.077374411978812 0.555859738099104
0.748789414002364 -0.185221833023613
-0.499879836614925 0.566389021731601
-1.197874307307984 -0.149714126482339
0.740447199551646 -0.642572864910922
0.469280916814890 0.319959652517310
1.046535165408627 0.309430368884812
-0.202134085208662 1.061041223640026
0.171535165408627 -0.174692549391115
0.163192950957909 -0.632043581278425
0.477623131265608 0.777310684404619
-0.104619779455164 -0.494461378884867
-0.562046887211502 -0.494461378884867
-0.437953112788498 -0.758557042682621
-1.004748335356885 0.427826965730845
-0.027245367476352 0.638748628403862
-0.604499616070089 0.649277912036360
0.635827420096481 -0.559683974606164
0.364661137359726 0.402848542822068
0.748187548846009 -0.816866462190320
-0.542572892243662 -0.264095663797754
-0.480526005032160 0.156627302695936
-0.709239558910329 -0.239516193000695
-0.875906225576995 0.000000000000000
-0.875906225576995 -0.577350269189626
0.233461889235054 -0.873129403021594
-0.709119395525253 0.830484685529355
-0.166786830051742 -1.094580349327109
0.531207640641317 -0.378477201113169
0.260041357904561 0.584055316315063
-0.581520882179343 -0.264095663797754
0.911982364960273 -0.024978422908776
-0.151339141899357 0.952003233795734
0.520075860124195 0.210921662673018
0.213987894267214 -0.741081571122717
-0.728593390493094 0.962532517428232
-0.186260825019582 -0.962532517428232
0.511733645673477 -0.246429369214292
0.240567362936721 0.716103148213940
0.817821611530458 0.705573864581442
-0.057178388469542 0.221450946305515
-0.065520602920260 -0.235900085581794
-0.736935604943812 0.505181485540923
0.248909577387439 1.173454180101250
0.437953112788498 0.924334823292138
1.140695918838442 0.371165072787854
0.748789414002364 0.607065158369648
0.442701448145383 -0.344938075426086
-0.534801519735150 -0.555859738099104
-0.926708024571228 -0.319959652517310
0.042452728858587 -0.566389021731601
0.740447199551646 0.149714126482339
0.469280916814890 1.112246643910571
-0.255293022547676 -1.061041223640026
1.019955696739119 -0.355467359058584
0.171535165408627 0.617594442002146
-0.237055768328887 -0.061207536190679
0.163192950957909 0.160243410114837
-0.526459305284432 -0.098508706211794
-0.805967802471906 0.406672779329128
-0.508222051065643 0.901324981237553
0.069032197528094 0.890795697605056
0.434359233694665 -0.802289107313396
-0.134552800448354 -0.334408791793588
1.081520882179343 -0.239516193000695
-0.042572892243662 0.601929739986685
-0.147192671698826 0.733977571885562
-0.375906225576995 0.337834076188931
0.352807328301174 1.022652706480375
0.519473994967840 -0.107468361101818
-0.937953112788498 0.469881908087808
-0.875906225576995 -0.528191327595508
-0.410707745312145 -0.506700796504985
0.166546503281591 -0.517230080137483
0.864540973974650 0.198873068076457
0.042572892243662 0.601929739986685
-0.352807328301174 1.022652706480375
0.709239558910329 0.866025403784439
0.937953112788498 0.469881908087808
-0.201468186401817 -0.506700796504985
-0.864540973974650 0.691731806505041
1.073780532884979 0.198873068076457
0.900128555901721 -0.344938075426086
-0.077374411978812 -0.555859738099104
-0.748789414002364 0.185221833023613
-0.740447199551646 0.642572864910922
-0.469280916814890 -0.319959652517310
0.499879836614925 -0.566389021731601
1.197874307307984 0.149714126482339
-1.046535165408627 -0.309430368884812
0.202134085208662 -1.061041223640026
0.628962273164965 0.617594442002146
-0.171535165408627 0.174692549391115
0.220371339427451 -0.061207536190679
0.620620058714247 0.160243410114837
-0.069032197528094 -0.098508706211794
-0.348540694715568 0.406672779329128
-0.050794943309305 0.901324981237553
0.526459305284432 0.890795697605056
0.918365810120510 0.654895612023261
-0.356882909166286 -0.050678252558181
0.891786341451003 -0.802289107313396
0.322874307307984 -0.334408791793588
-0.248909577387439 -1.173454180101250
-0.213987894267214 0.741081571122717
0.151339141899357 -0.952003233795734
-0.520075860124195 -0.210921662673018
0.186260825019582 0.962532517428232
-0.511733645673477 0.246429369214292
-0.240567362936721 -0.716103148213940
0.728593390493094 -0.962532517428232
-0.911982364960273 0.024978422908776
-0.791242142860950 0.751610854755214
-0.817821611530458 -0.705573864581442
0.857675827043134 0.221450946305515
0.057178388469542 -0.221450946305515
0.065520602920260 0.235900085581794
0.449084893305620 -0.457351031887310
-0.799584357311668 0.294259822867905
0.849333612592416 -0.235900085581794
1.034681356350075 -0.010529283632498
0.159681356350075 -0.494652201908425
-1.088987894267214 0.256958652846790
-0.119827140837399 0.010529283632498
0.177918610568864 0.505181485540923
-1.097330108717931 -0.200392379040520
0.755172859162601 0.494652201908425
1.147079363998679 0.258752116326631
-0.128169355288117 -0.446821748254812
-0.222330108717931 0.283730539235407
-0.748187548846009 -0.816866462190320
0.480526005032160 0.156627302695936
0.709239558910329 -0.239516193000695
0.709239558910329 -0.816866462190320
-0.233461889235054 0.609033739223840
-0.539549855092035 -0.342969494571895
0.166786830051742 0.830484685529355
-0.531207640641317 0.114381537315415
-0.171415002023552 0.452406436527904
0.806087965856981 0.663328099200921
-0.477502967880533 -0.499596797267831
0.228833717263244 0.673857382833419
-0.469160753429815 -0.042245765380521
-0.197994470693059 -1.004778282808753
-0.869409472716611 -0.263696711686036
-0.748669250617289 0.462935720160401
0.099751280713204 -0.510126080900328
0.508342214450718 0.168675897292497
-0.740327036166571 0.920286752047711
0.491657785549282 -0.746026166482122
0.891906504836078 -0.524575220176607
-0.077254248593737 -0.278145850962315
0.220491502812526 0.216506350946110
-0.276034781478716 0.320358604629027
0.701468186401817 0.531280267302044
-0.582122747335697 -0.631644629166707
0.124213937808080 0.541809550934542
-0.573780532884979 -0.174293597279398
-0.302614250148223 -1.136826114707630
1.093374691237895 0.295380181720250
-0.504748335356885 0.188310772730150
0.472754632523648 0.399232435403168
-0.104499616070089 0.409761719035665
-0.802494086763148 -0.306341429178275
0.864661137359725 0.163332349821374
-0.663072787572834 0.621082333820400
-0.671415002023552 0.163731301933091
0.306087965856981 0.374652964606108
0.977502967880533 -0.366428606516608
-0.271166282736756 0.385182248238606
-0.969160753429815 -0.330920899975334
0.697994470693059 0.138752879024314
0.026579468669507 0.879834450147031
0.400248719286796 -0.355899322884110
0.426828187956303 1.101285396452546
-0.400248719286796 -0.798801215495141
-0.008342214450718 -1.034701301076935
0.391906504836078 -0.813250354771420
0.577254248593737 -0.587879552822124
-0.297745751406263 -1.072002471098051
-0.577254248593737 -0.566820985557128
-0.279508497187474 -0.072168783648703
0.297745751406263 -0.082698067281201
0.706336685143777 0.596103910911624
-0.838081668690218 0.188310772730150
0.139421299190314 0.399232435403168
-0.437832949403422 0.409761719035665
0.802494086763148 -0.799200167606858
0.531327804026392 0.163332349821374
-0.140087197997159 0.904413920944091
0.260161521289637 1.125864867249605
0.974029252171775 -0.445701389402466
-1.066795222568387 0.320358604629027
-0.089292254687855 0.531280267302044
-0.666546503281591 0.541809550934542
0.573780532884979 -0.667152335707982
0.302614250148223 0.295380181720250
-0.368800751875328 1.036461752842967
0.310956464598941 0.752731213607560
0.869409472716611 -0.313653557503589
-0.193912034143019 0.663328099200921
0.477502967880533 -0.077753471921795
0.171415002023552 -1.029756705717530
-0.771166282736756 0.673857382833419
0.469160753429815 -0.535104503809105
0.197994470693059 0.427428013619127
0.775248719286796 0.416898729986630
-0.099751280713204 -0.067224188289298
-0.891906504836078 -0.052775049013019
-0.491657785549282 0.168675897292497
-0.508342214450718 -0.746026166482122
-0.108093495163922 -0.524575220176607
1.167155224122874 0.180998644404835
0.077254248593737 -0.299204418227311
-0.797745751406263 -0.783327336503238
-1.077254248593737 -0.278145850962315
-0.779508497187474 0.216506350946110
-0.202254248593737 0.205977067313612
0.189652256242341 -0.029923018268182
0.206336685143777 0.884779045506437
-0.405839246570185 -1.019227422085032
0.807362585505108 -0.157026254807653
-0.255958921354521 0.819955401896857
-0.833213169948258 0.830484685529355
-0.290880604474747 -1.094580349327109
0.407113866218312 -0.378477201113169
0.135947583481556 0.584055316315063
0.144289797932274 1.041406348202373
0.807362585505108 0.107069408990100
0.109368114812049 -0.609033739223840
-0.868134853068484 -0.819955401896857
0.407113866218312 -0.114381537315415
0.135947583481556 0.848150980112817
-0.170140382375425 -0.103852253682917
0.869409472716611 0.263696711686036
0.477502967880533 0.499596797267831
0.171415002023552 -0.452406436527904
-0.806087965856981 -0.663328099200921
-0.228833717263244 -0.673857382833419
0.469160753429815 0.042245765380521
0.197994470693059 1.004778282808753
-0.099751280713204 0.510126080900328
-0.508342214450718 -0.168675897292497
0.740327036166571 -0.920286752047711
-0.108093495163922 0.052775049013019
-1.077254248593737 0.299204418227311
-0.779508497187474 0.793856620135736
-0.202254248593737 0.783327336503238
0.189652256242341 0.547427250921444
0.861067258265892 -0.193654320201273
0.163072787572834 -0.909757468415213
-0.405839246570185 -0.441877152895406
0.974029252171775 0.395744543584913
0.276034781478716 -0.320358604629027
-0.701468186401817 -0.531280267302044
-0.124213937808080 -0.541809550934542
0.573780532884979 0.174293597279398
0.302614250148223 1.136826114707630
0.504748335356885 -0.188310772730150
-0.472754632523648 -0.399232435403168
-1.144169634547199 0.341849135719549
-0.864661137359725 -0.163332349821374
0.104499616070089 -0.409761719035665
0.802494086763148 0.306341429178275
0.225239838169411 0.316870712810773
0.496406120906167 -0.645661804617460
0.671415002023552 -0.163731301933091
-0.306087965856981 -0.374652964606108
-0.977502967880533 0.366428606516608
-0.697994470693059 -0.138752879024314
0.271166282736756 -0.385182248238606
0.969160753429815 0.330920899975334
-0.008342214450718 0.119999237302316
0.391906504836078 0.341450183607832
-0.577254248593737 0.587879552822124
-0.279508497187474 1.082531754730548
0.297745751406263 1.072002471098051
0.663072787572834 -0.621082333820400
-0.139421299190314 -0.399232435403168
-0.810836301213866 0.341849135719549
-0.802494086763148 0.799200167606858
-0.531327804026392 -0.163332349821374
0.437832949403422 -0.409761719035665
1.135827420096481 0.306341429178275
-0.276034781478716 1.161804537616407
1.066795222568387 -0.320358604629027
0.089292254687855 -0.531280267302044
-0.582122747335697 0.209801303820672
-0.573780532884979 0.667152335707982
-0.302614250148223 -0.295380181720250
0.666546503281591 -0.541809550934542
-0.206336685143777 -0.884779045506437
-0.171415002023552 1.029756705717530
0.193912034143019 -0.663328099200921
-0.477502967880533 0.077753471921795
-0.469160753429815 0.535104503809105
-0.197994470693059 -0.427428013619127
0.771166282736756 -0.673857382833419
-0.775248719286796 -0.416898729986630
0.491657785549282 -0.168675897292497
0.891906504836078 0.052775049013019
-0.077254248593737 0.299204418227311
-0.109368114812049 0.873129403021594
0.255958921354521 -0.819955401896857
-0.415456080669030 -0.078873830774141
0.290880604474747 1.094580349327109
-0.407113866218312 0.378477201113169
-0.135947583481556 -0.584055316315063
-0.109368114812049 0.609033739223840
0.868134853068484 0.819955401896857
0.255958921354521 -1.084051065694611
-0.415456080669030 -0.342969494571895
0.290880604474747 0.830484685529355
-0.407113866218312 0.114381537315415
-0.135947583481556 -0.848150980112817
0.166666666666667 0.767707520596202
0.395380220544836 -0.783136513479680
-0.062046887211502 -0.783136513479680
0.895380220544836 -0.494461378884867
-0.504748335356885 0.139151831136032
0.472754632523648 0.350073493809049
-0.104499616070089 0.360602777441547
-0.802494086763148 -0.355500370772393
0.864661137359725 0.114173408227255
-0.395380220544836 -0.783136513479680
-0.838081668690218 0.139151831136032
0.139421299190314 0.350073493809049
-0.437832949403422 0.360602777441547
0.802494086763148 -0.848359109200977
0.531327804026392 0.114173408227255
0.581520882179343 -0.528191327595507
-0.647192671698826 0.445302437290749
-0.875906225576995 0.049158941594118
0.764789693261446 0.131648879787160
-0.298531813598183 1.108630536491670
0.364540973974650 -0.089802066518356
0.093374691237895 0.872730450909876
0.352807328301174 -0.396143495696631
-0.147192671698826 -0.684818630291444
0.233461889235054 -0.295779133831968
-0.744041078645479 -0.506700796504985
-0.166786830051742 -0.517230080137483
0.531207640641317 0.198873068076457
0.260041357904561 1.161405585504689
0.542572892243662 0.313254605391872
-0.019473994967840 1.022652706480375
0.313859338365493 0.181206773492995
1.109368114812049 -0.295779133831968
0.131865146931517 -0.506700796504985
-0.186140661634507 0.998073235683316
-0.519473994967841 0.469881908087808
-0.066795222568387 0.897708873818653
-0.372883188425368 -0.054294359977082
0.333453496718409 1.119159820124168
-0.364540973974650 0.403056671910228
-0.093374691237895 -0.559475845518004
-0.109368114812049 0.295779133831968
0.868134853068484 0.506700796504985
-0.415456080669030 -0.656224099963767
0.290880604474747 0.517230080137483
-0.407113866218312 -0.198873068076457
-0.135947583481556 -1.161405585504689
-0.566795222568387 0.031683470034214
0.410707745312145 0.242605132707232
-0.166546503281591 0.253134416339729
-0.864540973974650 -0.462968731874211
0.802614250148223 0.006705047125438
0.531447967411467 0.969237564553669
-0.709239558910329 -0.866025403784439
-0.776034781478716 0.031683470034214
0.201468186401817 0.242605132707232
-0.375786062191920 0.253134416339729
-1.073780532884979 -0.462968731874211
0.593374691237895 0.006705047125438
-0.078040310785657 0.747786618248155
0.322208408501139 0.969237564553669
0.807362585505108 -0.470280860199525
-0.255958921354521 0.506700796504985
0.109368114812049 -1.186384008413466
-0.833213169948258 0.517230080137483
0.407113866218312 -0.691731806505041
0.135947583481556 0.270800710923191
-1.000000000000000 0.626509210783744
0.702742806049944 -0.289074086706530
-0.360578700809686 0.687907569997980
-0.937832949403422 0.698436853630478
0.302494086763148 -0.510525033012046
0.031327804026392 0.452007484416186
-1.104619779455164 -0.181206773492995
0.702742806049944 0.239117240888977
0.004748335356885 -0.476985907324963
-0.972754632523648 -0.687907569997980
-0.395500383929911 -0.698436853630478
0.302494086763148 0.017666294583462
0.031327804026392 0.980198812011694
-0.274760161830589 0.028195578215960
0.807362585505108 0.420324014381972
0.109368114812049 -0.295779133831968
-0.868134853068484 -0.506700796504985
0.407113866218312 0.198873068076457
0.135947583481556 1.161405585504689
0.566795222568387 -0.031683470034214
-0.410707745312145 -0.242605132707232
-1.082122747335697 0.498476438415485
-0.802614250148223 -0.006705047125438
0.166546503281591 -0.253134416339729
0.864540973974650 0.462968731874211
1.042572892243662 0.552770798392567
-0.201468186401817 -0.242605132707232
0.375786062191920 -0.253134416339729
1.073780532884979 0.462968731874211
-0.109368114812049 1.186384008413466
0.255958921354521 -0.506700796504985
-0.415456080669030 0.234380774617731
-0.407113866218312 0.691731806505041
-0.135947583481556 -0.270800710923191
0.833213169948258 -0.517230080137483
-0.004748335356885 1.005177234920471
0.360578700809686 -0.687907569997980
-0.310836301213866 0.053174001124736
-0.302494086763148 0.510525033012046
-0.031327804026392 -0.452007484416186
0.937832949403422 -0.698436853630478
0.542572892243662 -0.528191327595508
-0.004748335356885 0.476985907324963
0.972754632523648 0.687907569997980
-0.310836301213866 -0.475017326470771
0.395500383929911 0.698436853630478
-0.302494086763148 -0.017666294583462
-0.031327804026392 -0.980198812011694
-0.581520882179343 0.841445932987379
-0.066795222568387 0.320358604629027
0.910707745312145 0.531280267302044
0.333453496718409 0.541809550934542
-0.205645679816496 0.621082333820400
-0.213987894267214 0.163731301933091
0.763515073613319 0.374652964606108
-0.520075860124195 -0.788271931862644
0.186260825019582 0.385182248238606
-0.511733645673477 -0.330920899975334
1.155421578449397 0.138752879024314
-0.911982364960273 -0.552371846280849
0.484006576425845 0.879834450147031
-0.791242142860950 0.174260585565589
0.857675827043134 -0.355899322884110
0.065520602920260 -0.341450183607832
-0.782899928410232 0.631611617452898
0.449084893305620 -1.034701301076935
0.849333612592416 -0.813250354771420
0.159681356350075 -1.072002471098051
-1.088987894267214 -0.320391616342836
-0.119827140837399 -0.566820985557128
0.177918610568864 -0.072168783648703
0.755172859162601 -0.082698067281201
-0.222330108717931 -0.293619729954219
0.147192671698826 -0.948914294089197
-0.391786341451003 0.513613972718583
-0.400128555901721 0.056262940831273
0.577374411978812 0.267184603504291
-0.706216521758702 -0.895740292964461
0.000120163385075 0.277713887136788
-0.697874307307984 -0.438389261077152
0.969280916814890 0.031284517922497
0.297865914791338 0.772366089045214
-0.977382804495458 0.066792224463771
-0.094040590044740 1.008266174627007
-0.969040590044740 0.524143256351080
0.519473994967841 -0.371564024899571
-0.934359233694665 0.513613972718583
-0.942701448145383 0.056262940831273
0.034801519735150 0.267184603504291
0.706216521758702 -0.473896967618426
-0.542452728858587 0.277713887136788
0.697874307307984 -0.931247999505735
0.426708024571228 0.031284517922497
1.003962273164965 0.020755234289999
-0.244706977452324 0.772366089045214
0.155541741834472 0.993817035350729
-0.636613482288402 1.008266174627007
-0.279628660572549 -1.142169662178753
0.120620058714247 -0.920718715873238
0.305967802471906 -0.695347913923941
-0.848540694715568 -0.674289346658946
-0.550794943309305 -0.179637144750521
0.026459305284432 -0.190166428383019
0.435050239021946 0.488635549809806
-0.821961226046060 0.782895372677711
0.911982364960273 -0.602328692098402
-1.128842109779890 0.163731301933091
-0.151339141899357 0.374652964606108
0.520075860124195 -0.366428606516608
-0.728593390493094 0.385182248238606
0.511733645673477 -0.823779638403918
0.240567362936721 0.138752879024314
0.817821611530458 0.128223595391817
-0.430847639086831 0.879834450147031
-0.057178388469542 -0.355899322884110
-0.030598919800035 1.101285396452546
0.248909577387439 0.596103910911624
-0.647192671698826 -0.132047831898877
-0.875906225576995 0.264095663797754
0.581520882179343 0.841445932987379
-0.298531813598183 0.531280267302044
-0.875786062191920 0.541809550934542
0.364540973974650 -0.667152335707982
0.093374691237895 0.295380181720250
-0.578040310785657 1.036461752842967
1.062535444667709 0.048950812505959
-0.209239558910329 -0.890604874581498
1.019473994967841 0.082888890304759
0.702742806049944 -0.338233028300648
0.004748335356885 -1.054336176514589
-0.937832949403422 0.649277912036360
0.302494086763148 -0.559683974606164
0.031327804026392 0.402848542822068
1.000488557456207 0.156419173607776
0.640695918838442 -0.132446784010594
-0.422625588021188 0.844534872693916
0.248789414002364 0.103453301571200
-0.057298551854617 -0.848549932224535
-0.457547271141413 -1.070000878530050
0.240447199551646 -0.353897730316110
-0.030719083185110 0.608634787112122
0.546535165408627 0.598105503479625
-0.328464834591373 0.113982585203698
-0.336807049042091 -0.343368446683612
0.938441670244705 0.362205417897831
-1.008222051065643 0.397713124439105
-0.430967802471906 0.387183840806607
-0.022376868734392 1.065985818999432
-0.062046887211502 0.635659688697325
0.640695918838442 0.082489938193041
-0.422625588021188 1.059471594897552
0.248789414002364 0.318390023774835
-0.057298551854617 -0.633613210020899
-0.457547271141413 -0.855064156326414
0.240447199551646 -0.138961008112474
-0.030719083185110 0.823571509315758
0.546535165408627 0.813042225683260
0.519955696739119 -0.644142493653397
0.369529636101686 1.045022455621273
-0.328464834591373 0.328919307407333
0.920204416025916 -0.422691547347881
-0.336807049042091 -0.128431724479976
0.938441670244705 0.577142140101466
-0.039061297635828 0.366220477428449
0.632353704387723 -0.374861093694268
-0.065640766305335 -1.090964241908208
-0.581520882179343 0.313254605391872
0.911982364960273 0.552371846280849
0.520075860124195 0.788271931862644
0.213987894267214 -0.163731301933091
-0.763515073613319 -0.374652964606108
-1.155421578449397 -0.138752879024314
-0.186260825019582 -0.385182248238606
0.511733645673477 0.330920899975334
-0.065520602920260 0.341450183607832
-0.977623131265608 -0.488635549809806
0.706216521758702 0.895740292964461
0.400128555901721 -0.056262940831273
-0.577374411978812 -0.267184603504291
-0.969280916814890 -0.031284517922497
-0.000120163385075 -0.277713887136788
0.697874307307984 0.438389261077152
-0.297865914791338 -0.772366089045214
0.977382804495458 -0.066792224463771
0.128962273164965 0.906269576596959
-0.279628660572549 0.227467598404134
0.969040590044740 -0.524143256351080
0.120620058714247 0.448918544709649
0.094040590044740 -1.008266174627007
-0.848540694715568 0.695347913923941
0.418365810120510 0.943570746618074
1.089780812144062 0.202489175495358
0.391786341451003 -0.513613972718583
0.437953112788498 -0.924334823292138
0.907113866218312 0.487548202671270
-0.209239558910329 0.626509210783744
-0.437953112788498 -0.924334823292138
-0.244041078645479 -0.218025661910172
0.942701448145383 -0.056262940831273
-0.034801519735150 -0.267184603504291
-0.706216521758702 0.473896967618426
-0.697874307307984 0.931247999505735
-0.426708024571228 -0.031284517922497
0.542452728858587 -0.277713887136788
0.663192950957909 0.448918544709649
0.934359233694665 -0.513613972718583
0.581520882179343 -0.264095663797754
0.748187548846009 -0.552770798392567
-0.248909577387439 -0.596103910911624
1.128842109779890 -0.163731301933091
0.151339141899357 -0.374652964606108
-0.520075860124195 0.366428606516608
-0.511733645673477 0.823779638403918
-0.240567362936721 -0.138752879024314
0.728593390493094 -0.385182248238606
-0.817821611530458 -0.128223595391817
0.720251176042376 -0.842533280125916
0.057178388469542 0.355899322884110
0.030598919800035 -1.101285396452546
0.449084893305620 0.119999237302316
0.062046887211502 0.635659688697325
-0.104619779455164 0.924334823292138
0.022376868734392 -1.065985818999432
0.057298551854617 0.848549932224535
0.422625588021188 -0.844534872693916
-0.248789414002364 -0.103453301571200
0.457547271141413 1.070000878530050
-0.240447199551646 0.353897730316110
0.030719083185110 -0.608634787112122
-0.519955696739119 0.859079215857032
-0.546535165408627 -0.598105503479625
0.328464834591373 -0.113982585203698
0.720371339427451 -0.349882670785492
1.120620058714247 -0.128431724479976
0.430967802471906 -0.387183840806607
0.151459305284432 0.117997644734315
0.449205056690695 0.612649846642740
0.057298551854617 0.633613210020899
0.422625588021188 -1.059471594897552
-0.248789414002364 -0.318390023774835
0.457547271141413 0.855064156326414
-0.240447199551646 0.138961008112474
0.030719083185110 -0.823571509315758
-0.640695918838442 -0.082489938193041
-0.519955696739119 0.644142493653397
-0.938441670244705 -0.577142140101466
0.437953112788498 -0.494461378884867
-1.019473994967841 0.082888890304759
-0.004748335356885 0.427826965730845
-0.310836301213866 -0.524176268064890
0.395500383929911 0.649277912036360
-0.171415002023552 0.188310772730150
0.806087965856981 0.399232435403168
0.228833717263244 0.409761719035665
-0.469160753429815 -0.306341429178275
-0.442701448145383 0.031683470034214
-0.042452728858587 0.253134416339729
-0.740447199551646 -0.462968731874211
0.926708024571228 0.006705047125438
-0.499879836614925 0.253134416339729
0.469280916814890 0.006705047125438
-0.771166282736756 0.409761719035665
0.469160753429815 -0.799200167606858
0.197994470693059 0.163332349821374
0.240447199551646 -0.403056671910228
-0.030719083185110 0.559475845518004
0.240447199551646 -0.089802066518356
-0.030719083185110 0.872730450909876
0.469160753429815 0.306341429178275
0.740447199551646 0.462968731874211
0.457547271141413 0.805905214732296
0.480526005032160 -0.420722966493690
-0.233461889235054 0.031683470034214
0.744041078645479 0.242605132707232
-0.539549855092035 -0.920319763761520
0.166786830051742 0.253134416339729
-0.531207640641317 -0.462968731874211
1.135947583481556 0.006705047125438
-0.504748335356885 -0.075784891067604
0.472754632523648 0.135136771605414
-0.104499616070089 0.145666055237911
-0.802494086763148 -0.570437092976029
0.864661137359725 -0.100763313976380
-0.480526005032160 -0.420722966493690
0.958035828597620 0.722808195339378
0.931456359928113 -0.734376523997279
-1.109368114812049 0.031683470034214
-0.131865146931517 0.242605132707232
-0.709119395525253 0.253134416339729
0.531207640641317 -0.955827470302794
0.260041357904561 0.006705047125438
0.566129323761542 0.958708280921172
-0.604619779455164 -0.205786244290054
0.536076139383277 -0.049557893705836
-0.527245367476352 0.927423762998675
-0.161918331309782 -0.765661041919776
-0.562167050596578 -0.987111988225291
0.135827420096481 -0.271008840011351
-0.135338862640275 0.691523677416881
0.833821890789540 0.445094308202589
-0.519473994967840 0.684818630291444
-0.019473994967840 0.396143495696631
-0.019473994967840 0.973493764886256
-1.019473994967840 -0.181206773492995
-0.748187548846009 -0.288675134594813
0.745315698293606 0.527792375483790
0.345066979006810 0.306341429178275
0.573780532884979 0.487548202671270
0.124093774423005 0.626509210783744
0.089292254687855 -0.218025661910172
-0.582122747335697 0.523055909212544
0.666546503281591 -0.228554945542670
0.519473994967840 0.684818630291444
-0.875906225576995 -0.313254605391872
0.318005808566024 -0.399232435403168
-0.353409193457528 0.341849135719549
-0.345066979006810 0.799200167606858
-0.073900696270054 -0.163332349821374
0.895260057159760 -0.409761719035665
0.852807328301174 0.107468361101818
0.352807328301174 0.396143495696631
0.852807328301174 -0.469881908087808
0.352807328301174 0.973493764886256
0.484672475232690 -0.687907569997980
-0.186742526790861 0.053174001124736
0.092765970396613 -0.452007484416186
0.604619779455164 -0.205786244290054
0.161918331309782 0.716502100325658
-0.144169634547199 -0.235501133470077
0.562167050596578 0.937953046631173
-0.135827420096481 0.221849898417233
0.135338862640275 -0.740682619010999
-0.671415002023552 -0.100364361864663
0.306087965856981 0.110557300808355
-0.271166282736756 0.121086584440852
0.697994470693059 -0.125342784773439
0.240447199551646 0.174293597279398
-0.030719083185110 1.136826114707630
0.937953112788498 -0.635659688697325
0.395380220544836 -0.635659688697325
-0.062046887211502 -0.635659688697325
1.000000000000000 0.362413546985990
-0.004748335356885 0.212890243527209
0.972754632523648 0.423811906200227
0.395500383929911 0.434341189832724
-0.302494086763148 -0.281761958381216
-0.833333333333333 -0.503611856798448
-0.395380220544836 -0.635659688697325
-0.333333333333333 -0.792286991393261
0.166666666666667 -0.503611856798448
-1.000000000000000 0.362413546985990
-0.360578700809686 0.423811906200227
-0.937832949403422 0.434341189832724
0.302494086763148 -0.774620696809799
0.031327804026392 0.187911820618433
-0.640087197997159 0.928993391741150
0.337415769883373 1.139915054414167
-0.748187548846010 -0.024579470797059
-1.019473994967841 -0.494461378884867
-0.519473994967841 0.371564024899571
-0.352807328301174 0.396143495696631
-0.124093774423005 0.214936722203636
-0.186140661634507 -1.047232177277434
1.155903280220676 -0.348762311933146
0.178400312340143 -0.559683974606164
-0.092765970396613 0.402848542822068
0.876394783033202 0.156419173607776
-0.352807328301174 0.660239159494384
-0.248187548846010 0.577350269189626
0.813859338365493 0.684818630291443
0.845066979006810 0.595016563773088
0.081520882179343 1.130121067582192
0.352807328301174 0.660239159494384
0.581520882179343 0.264095663797754
-0.181994191433976 -0.110557300808355
-0.853409193457528 0.630524270314362
-0.573900696270054 0.125342784773439
0.395260057159761 -0.121086584440852
0.748187548846010 -0.024579470797059
0.519473994967841 0.371564024899571
0.119345439066120 0.427826965730845
-0.186742526790861 -0.524176268064890
0.519594158352916 0.649277912036360
-0.178400312340143 -0.066825236177580
-0.109368114812049 0.031683470034214
0.868134853068484 0.242605132707232
-0.415456080669030 -0.920319763761520
0.290880604474747 0.253134416339729
-0.407113866218312 -0.462968731874211
-0.338081668690218 -0.100364361864663
0.639421299190314 0.110557300808355
0.062167050596578 0.121086584440852
-0.635827420096481 -0.595016563773088
1.031327804026392 -0.125342784773439
0.760161521289636 0.837189732654793
-1.004748335356885 -0.100364361864663
-0.027245367476352 0.110557300808355
-0.604499616070089 0.121086584440852
0.364661137359726 -0.125342784773439
0.670749103216707 0.826660449022295
0.833942054174615 0.722808195339378
0.807362585505108 -0.734376523997279
-0.255958921354521 0.242605132707232
-0.833213169948258 0.253134416339729
0.407113866218312 -0.955827470302794
0.135947583481556 0.006705047125438
-0.535467418541995 0.747786618248155
1.105108336911371 -0.239724322088854
0.442035549338538 0.958708280921172
0.474029252171775 -0.157026254807653
-0.589292254687855 0.819955401896857
-0.223965218521284 -0.873129403021594
0.073780532884979 -0.378477201113169
-0.197385749851777 0.584055316315063
0.771775003578038 0.337625947100771
1.051283500765512 0.096540125357603
0.474029252171775 0.107069408990100
-0.223965218521284 -0.609033739223840
-0.624213937808080 -0.830484685529355
0.073780532884979 -0.114381537315415
-0.197385749851777 0.848150980112817
0.771775003578038 0.601721610898525
0.807362585505108 0.684419678179726
0.109368114812049 -0.031683470034214
-0.868134853068484 -0.242605132707232
-0.290880604474747 -0.253134416339729
0.407113866218312 0.462968731874211
0.338081668690218 0.100364361864663
-0.639421299190314 -0.110557300808355
-0.062167050596578 -0.121086584440852
0.635827420096481 0.595016563773088
1.004748335356885 0.100364361864663
0.027245367476352 -0.110557300808355
-0.644169634547199 0.630524270314362
-0.364661137359726 0.125342784773439
0.604499616070089 -0.121086584440852
0.255958921354521 -0.242605132707232
-0.415456080669030 0.498476438415485
-0.407113866218312 0.955827470302794
-0.135947583481556 -0.006705047125438
0.833213169948258 -0.253134416339729
0.223965218521284 0.873129403021594
0.589292254687855 -0.819955401896857
-0.082122747335697 -0.078873830774141
-0.073780532884979 0.378477201113169
0.197385749851777 -0.584055316315063
0.223965218521284 0.609033739223840
-0.082122747335697 -0.342969494571895
0.624213937808080 0.830484685529355
-0.073780532884979 0.114381537315415
0.197385749851777 -0.848150980112817
-0.880534397548805 0.705540852867633
-0.609368114812049 -0.256991664560599
0.368134853068483 -0.046070001887581
-0.209119395525253 -0.035540718255084
-0.907113866218312 -0.751643866469024
0.760041357904561 -0.281970087469375
0.088626355881010 0.459111483653342
0.488875075167806 0.680562429958857
-0.733461889235054 -0.256991664560599
0.244041078645479 -0.046070001887581
-0.333213169948258 -0.035540718255084
0.635947583481556 -0.281970087469375
0.942035549338538 0.670033146326359
0.474029252171775 0.420324014381972
-0.223965218521284 -0.295779133831968
-0.624213937808080 -0.517230080137483
0.073780532884979 0.198873068076457
-0.197385749851777 1.161405585504689
0.536076139383277 0.527792375483790
-1.139421299190315 -0.399232435403168
-0.562167050596578 -0.409761719035665
0.135827420096481 0.306341429178275
0.527245367476352 -0.399232435403168
-0.144169634547199 0.341849135719549
-0.135827420096481 0.799200167606858
0.223965218521284 1.186384008413466
0.589292254687855 -0.506700796504985
0.197385749851777 -0.270800710923191
-0.004748335356885 -0.100364361864663
0.972754632523648 0.110557300808355
0.395500383929911 0.121086584440852
-0.302494086763148 -0.595016563773088
-0.276034781478716 -0.256991664560599
0.701468186401817 -0.046070001887581
0.124213937808080 -0.035540718255084
-0.573780532884979 -0.751643866469024
1.093374691237895 -0.281970087469375
-0.853289030072453 -0.246462380928101
0.115871723357362 -0.492891750142393
1.000608720841282 0.434133060744565
-1.066795222568387 -0.256991664560599
-0.089292254687855 -0.046070001887581
-0.666546503281591 -0.035540718255084
0.302614250148223 -0.281970087469375
-0.368800751875328 0.459111483653342
0.608702216005204 0.670033146326359
0.310956464598941 0.175380944417934
0.729322274719451 0.590760363440501
0.702742806049944 -0.866424355896156
-0.360578700809686 0.110557300808355
-0.937832949403422 0.121086584440852
0.302494086763148 -1.087875302201671
0.031327804026392 -0.125342784773439
-0.640087197997159 0.615738786349278
-0.239838478710363 0.837189732654793
0.337415769883373 0.826660449022295
0.039670018477110 0.332008247113870
0.307362585505108 -0.181605725604712
-0.755958921354521 0.795375931099798
-0.390631885187951 -0.897708873818653
-0.092886133781688 -0.403056671910228
-0.364052416518443 0.559475845518004
0.307362585505108 0.131648879787160
-0.092886133781688 -0.089802066518356
-0.364052416518443 0.872730450909876
0.605108336911371 0.626301081695584
0.702742806049944 0.816467510078603
0.004748335356885 0.100364361864663
-0.972754632523648 -0.110557300808355
-0.395500383929911 -0.121086584440852
0.302494086763148 0.595016563773088
-0.003593879093833 -0.356986670022647
0.276034781478716 0.256991664560599
-0.701468186401817 0.046070001887581
-0.124213937808080 0.035540718255084
0.573780532884979 0.751643866469024
1.066795222568387 0.256991664560599
0.089292254687855 0.046070001887581
-0.582122747335697 0.787151573010298
-0.302614250148223 0.281970087469375
0.666546503281591 0.035540718255084
0.360578700809686 -0.110557300808355
-0.302494086763148 1.087875302201671
0.390631885187951 0.897708873818653
0.755958921354521 -0.795375931099798
0.084543919330969 -0.054294359977082
0.092886133781688 0.403056671910228
0.364052416518443 -0.559475845518004
0.390631885187951 0.584454268426781
0.084543919330969 -0.367548965368954
0.790880604474747 0.805905214732296
0.092886133781688 0.089802066518356
0.364052416518443 -0.872730450909876
-0.213201832075294 -0.862201167277378
0.484792638617765 -0.146098019063438
0.223965218521284 0.031683470034214
-0.082122747335697 -0.920319763761520
0.624213937808080 0.253134416339729
-0.073780532884979 -0.462968731874211
-0.775914618093641 0.573493020968756
-0.504748335356885 -0.389039496459476
0.472754632523648 -0.178117833786458
-0.104499616070089 -0.167588550153961
0.864661137359725 -0.414017919368252
0.193246135336174 0.327063651754465
0.593494854622970 0.548514598059980
-0.838081668690218 -0.389039496459476
0.139421299190314 -0.178117833786458
-0.437832949403422 -0.167588550153961
0.531327804026392 -0.414017919368252
0.837415769883373 0.537985314427482
0.474029252171775 -0.734376523997279
-0.589292254687855 0.242605132707232
-1.166546503281591 0.253134416339729
0.073780532884979 -0.955827470302794
-0.197385749851777 0.006705047125438
0.108702216005204 0.958708280921172
0.333942054174615 1.011483329934191
-0.755958921354521 0.531280267302044
-0.092886133781688 -0.667152335707982
-0.364052416518443 0.295380181720250
0.884616834098845 0.385215259952416
0.307362585505108 0.395744543584913
-0.390631885187951 -0.320358604629027
-0.790880604474747 -0.541809550934542
-0.092886133781688 0.174293597279398
-0.364052416518443 1.136826114707630
0.474029252171775 0.684419678179726
-0.223965218521284 -0.031683470034214
-0.624213937808080 -0.253134416339729
0.073780532884979 0.462968731874211
0.504748335356885 0.389039496459476
-0.472754632523648 0.178117833786458
-0.864661137359725 0.414017919368252
0.104499616070089 0.167588550153961
0.802494086763148 0.883691698367901
0.838081668690218 0.389039496459476
-0.139421299190314 0.178117833786458
-0.531327804026392 0.414017919368252
0.437832949403422 0.167588550153961
0.589292254687855 -0.242605132707232
-0.082122747335697 0.498476438415485
-0.073780532884979 0.955827470302794
0.197385749851777 -0.006705047125438
0.755958921354521 -0.531280267302044
0.084543919330969 0.209801303820672
0.092886133781688 0.667152335707982
0.364052416518443 -0.295380181720250
0.390631885187951 0.320358604629027
0.084543919330969 -0.631644629166707
0.790880604474747 0.541809550934542
0.092886133781688 -0.174293597279398
0.057418715239693 1.126263819361323
0.328584997976448 0.163731301933091
0.022497032119467 -0.788271931862644
0.728833717263244 0.385182248238606
0.030839246570185 -0.330920899975334
0.119345439066120 -0.100364361864663
1.096848406946653 0.110557300808355
-0.186742526790861 -1.052367595660397
0.519594158352916 0.121086584440852
-0.178400312340143 -0.595016563773088
0.666666666666667 -0.792286991393261
0.666666666666667 -0.214936722203636
-0.609247951426974 0.598072491765815
-0.338081668690218 -0.364460025662416
0.639421299190314 -0.153538362989399
0.062167050596578 -0.143009079356901
-0.635827420096481 -0.859112227570841
1.031327804026392 -0.389438448571193
0.359912802002841 0.351643122551524
-0.542332565473511 0.770364496477212
-0.942581284760307 0.548913550171697
-0.671415002023552 -0.413618967256535
0.306087965856981 -0.202697304583517
-0.271166282736756 -0.192168020951020
0.697994470693059 -0.438597390165312
0.026579468669507 0.302484180957405
0.426828187956303 0.523935127262920
-0.279508497187474 -0.649519052838329
1.004082436550040 0.513405843630423
0.034921683120225 0.759835212844715
-1.004748335356885 -0.364460025662416
-0.027245367476352 -0.153538362989399
-0.604499616070089 -0.143009079356901
0.364661137359726 -0.389438448571193
-0.306753864663826 0.351643122551524
0.670749103216707 0.562564785224541
0.373003351810444 0.067912583316116
0.605228500296446 0.590760363440501
-0.484672475232690 0.110557300808355
-1.061926723826427 0.121086584440852
0.178400312340143 -1.087875302201671
-0.092765970396613 -0.125342784773439
-0.764180972420164 0.615738786349278
-0.363932253133368 0.837189732654793
0.213321995460369 0.826660449022295
0.395988941386118 0.854856027238254
0.946663721310347 -0.612857975730900
0.369409472716611 -0.602328692098402
-0.693912034143019 0.374652964606108
-0.022497032119467 -0.366428606516608
-0.030839246570185 -0.823779638403918
-0.302005529306941 0.138752879024314
0.275248719286796 0.128223595391817
-0.608093495163922 -0.813250354771420
0.667155224122874 -0.107676490189977
0.004082436550040 1.090756112820049
-0.293663314856223 0.596103910911624
0.675497438573592 0.349674541697332
0.245315698293606 -0.289074086706530
-0.818005808566024 0.687907569997980
-0.154933020993190 -0.510525033012046
-0.426099303729946 0.452007484416186
0.551403664150587 0.662929147089204
-0.519473994967841 -0.469881908087808
0.245315698293606 0.239117240888977
-0.146590806542472 0.475017326470771
-0.452678772399453 -0.476985907324963
-0.154933020993190 0.017666294583462
-0.426099303729946 0.980198812011694
0.543061449699869 0.733769442797402
0.938321506859629 0.084491530761042
0.946663721310347 0.541842562648352
0.369409472716611 0.552371846280849
-0.022497032119467 0.788271931862644
-0.328584997976448 -0.163731301933091
-0.728833717263244 -0.385182248238606
-0.030839246570185 0.330920899975334
0.240327036166571 -0.631611617452898
-0.608093495163922 0.341450183607832
-0.119345439066120 0.100364361864663
-0.519594158352916 -0.121086584440852
0.178400312340143 0.595016563773088
0.338081668690218 0.364460025662416
-0.639421299190314 0.153538362989399
-0.062167050596578 0.143009079356901
0.635827420096481 0.859112227570841
0.671415002023552 0.413618967256535
-0.306087965856981 0.202697304583517
-0.697994470693059 0.438597390165312
0.271166282736756 0.192168020951020
1.004748335356885 0.364460025662416
0.027245367476352 0.153538362989399
0.604499616070089 0.143009079356901
1.081520882179343 -0.288675134594813
0.484672475232690 -0.110557300808355
-0.186742526790861 0.630524270314362
0.092765970396613 0.125342784773439
1.061926723826427 -0.121086584440852
0.875906225576995 0.313254605391872
0.693912034143019 -0.374652964606108
0.022497032119467 0.366428606516608
0.030839246570185 0.823779638403918
0.302005529306941 -0.138752879024314
0.290760441089671 1.080962125988074
0.452678772399453 1.005177234920471
0.818005808566024 -0.687907569997980
0.146590806542472 0.053174001124736
0.154933020993190 0.510525033012046
0.426099303729946 -0.452007484416186
0.452678772399453 0.476985907324963
0.146590806542472 -0.475017326470771
0.852927491686249 0.698436853630478
0.154933020993190 -0.017666294583462
0.426099303729946 -0.980198812011694
0.678400312340143 0.883691698367901
0.452678772399453 0.427826965730845
0.146590806542472 -0.524176268064890
0.852927491686249 0.649277912036360
0.154933020993190 -0.066825236177580
0.465198480264850 0.021490531090522
-0.206216521758702 0.762572102213239
0.073291975428772 0.257390616672316
0.014845822996031 0.837588684766510
0.294354320183504 0.332407199225588
0.286012105732786 -0.124943832661722
-0.020075860124195 -1.076947066457456
0.686260825019582 0.096507113643793
-0.011733645673477 -0.619596034570147
-0.411982364960273 -0.841046980875662
-0.291242142860950 -0.114414549029224
0.380172859162601 -0.855496120151941
0.677918610568864 -0.360843918243516
-0.683148647697028 0.121485536552570
-0.271046119351681 0.662896135375395
-0.671294838638476 0.441445189069879
-0.400128555901721 -0.521087328358352
0.577374411978812 -0.310165665685335
0.000120163385075 -0.299636382052837
0.969280916814890 -0.546065751267129
0.297865914791338 0.195015819855588
0.698114634078134 0.416466766161103
-0.969040590044740 -0.053207012838545
0.977623131265608 -0.088714719379819
0.306208129242056 0.652366851742897
-0.566795222568387 -0.545666799155411
0.410707745312145 -0.334745136482394
-0.166546503281591 -0.324215852849897
0.802614250148223 -0.570645222064188
0.131199248124672 0.170436349058529
0.531447967411467 0.391887295364044
1.108702216005204 0.381358011731546
-1.047201064215472 0.416865718272820
-0.776034781478716 -0.545666799155411
0.201468186401817 -0.334745136482394
-0.375786062191920 -0.324215852849897
0.593374691237895 -0.570645222064188
0.899462657094876 0.381358011731546
-0.813619011595342 0.662896135375395
0.340889485592131 0.641837568110399
1.124702495264287 0.170037396946811
-0.934359233694665 -0.063736296471043
-0.942701448145383 -0.521087328358352
0.034801519735150 -0.310165665685335
-0.542452728858587 -0.299636382052837
0.426708024571228 -0.546065751267129
1.003962273164965 -0.556595034899627
-0.244706977452324 0.195015819855588
0.043143734185868 0.147185366201975
0.155541741834472 0.416466766161103
-0.636613482288402 0.430915905437382
-0.262944231671113 -0.804817867593760
0.332547271141413 0.184486536223090
0.061380988404657 1.147019053651322
-0.550794943309305 -0.756987413940147
0.026459305284432 -0.767516697572644
0.732795990428209 0.405937482528605
0.435050239021946 -0.088714719379819
-0.236364763001606 0.652366851742897
0.438561833629780 0.566180892643442
0.411982364960273 -0.891003826693215
-0.651339141899357 0.085977830011296
0.020075860124195 -0.655103741111421
0.011733645673477 -1.112454772998730
-0.259432637063279 -0.149922255570498
0.317821611530458 -0.160451539202996
-0.930847639086831 0.591159315552219
0.140816082223517 0.071528690735017
-0.530598919800035 0.812610261857734
0.709728116366536 -0.396351624784790
0.046655328793702 0.802080978225236
-0.251090422612561 0.307428776316811
0.718070330817254 0.060999407102519
0.167275387507949 1.036062800731250
0.709607952981460 -0.889002234125214
0.717950167432178 -0.431651202237905
0.140695918838442 -0.421121918605407
-0.922625588021188 0.555859738099104
-0.251210585997636 -0.185221833023613
-0.259552800448354 -0.642572864910922
-0.530719083185110 0.319959652517310
0.046535165408627 0.309430368884812
-0.836807049042091 -0.632043581278425
0.438441670244705 0.073530283303018
-0.651459305284432 -0.406672779329128
-0.930967802471906 0.098508706211794
-0.522376868734392 0.777310684404619
0.446783884695423 0.530881315190327
0.709607952981460 -0.096715242731953
0.717950167432178 0.360635789155357
0.140695918838442 0.371165072787854
-0.251210585997636 0.607065158369648
-0.557298551854617 -0.344938075426086
-0.957547271141413 -0.566389021731601
-0.259552800448354 0.149714126482339
0.046535165408627 1.101717360278073
-0.828464834591373 0.617594442002146
0.420204416025916 -0.134016412753068
0.011613482288402 -0.812818390945893
-0.836807049042091 0.160243410114837
0.438441670244705 0.865817274696279
-0.539061297635828 0.654895612023261
0.132353704387723 -0.086185959099455
-0.565640766305335 -0.802289107313396
0.411862201575197 -0.591367444640378
0.771654840192963 0.059912059963983
0.779997054643681 0.517263091851292
0.202742806049944 0.527792375483790
-0.495251664643115 -0.188310772730150
-0.895500383929911 -0.409761719035665
-0.197505913236852 0.306341429178275
0.500488557456207 1.022444577392215
0.307362585505108 0.708999148976785
-0.092886133781688 0.487548202671270
0.411982364960273 0.841046980875662
0.020075860124195 1.076947066457456
-0.286012105732786 0.124943832661722
-0.686260825019582 -0.096507113643793
0.011733645673477 0.619596034570147
-0.294354320183504 -0.332407199225588
0.400128555901721 0.521087328358352
-0.577374411978812 0.310165665685335
-0.969280916814890 0.546065751267129
-0.000120163385075 0.299636382052837
-0.279628660572549 0.804817867593760
0.969040590044740 0.053207012838545
0.120620058714247 1.026268813899275
0.391786341451003 0.063736296471043
-0.306208129242056 -0.652366851742897
0.671294838638476 -0.441445189069879
0.942701448145383 0.521087328358352
-0.034801519735150 0.310165665685335
-0.426708024571228 0.546065751267129
0.542452728858587 0.299636382052837
-0.046655328793702 -0.802080978225236
0.651339141899357 -0.085977830011296
-0.020075860124195 0.655103741111421
-0.011733645673477 1.112454772998730
0.259432637063279 0.149922255570498
-0.317821611530458 0.160451539202996
0.949084893305620 0.408674371897129
0.092886133781688 0.980406941099854
0.364052416518443 0.017874423671622
0.860578700809686 -0.399232435403168
0.189163698786134 0.341849135719549
0.197505913236852 0.799200167606858
0.922625588021188 -0.555859738099104
0.251210585997636 0.185221833023613
0.259552800448354 0.642572864910922
0.530719083185110 -0.319959652517310
0.557298551854617 0.344938075426086
0.251210585997636 -0.607065158369648
0.957547271141413 0.566389021731601
0.259552800448354 -0.149714126482339
-0.019955696739119 0.355467359058584
-0.046535165408627 -1.101717360278073
0.651459305284432 -0.385614212064133
-0.717950167432178 -0.360635789155357
-0.380534397548805 0.416865718272820
-0.109368114812049 -0.545666799155411
0.868134853068484 -0.334745136482394
0.290880604474747 -0.324215852849897
-0.407113866218312 -1.040319001063837
-0.504748335356885 -0.653135160257229
0.472754632523648 -0.442213497584212
-0.104499616070089 -0.431684213951714
0.864661137359725 -0.678113583166006
0.193246135336174 0.062967987956711
0.593494854622970 0.284418934262226
1.170749103216707 0.273889650629728
-0.255958921354521 -0.334745136482394
-0.833213169948258 -0.324215852849897
0.135947583481556 -0.570645222064188
-0.135218699255199 0.391887295364044
0.442035549338538 0.381358011731546
-0.025970747828225 0.131648879787160
-0.426219467115021 -0.089802066518356
-0.697385749851777 0.872730450909876
0.655903280220676 0.517263091851292
0.078649031626939 0.527792375483790
-0.619345439066120 -0.188310772730150
-0.321599687659857 0.306341429178275
0.376394783033202 1.022444577392215
0.245315698293606 0.816467510078603
-0.452678772399453 0.100364361864663
-0.852927491686249 -0.121086584440852
-0.154933020993190 0.595016563773088
-0.161918331309782 0.389039496459476
-1.139421299190315 0.178117833786458
-0.562167050596578 0.167588550153961
0.135827420096481 0.883691698367901
0.527245367476352 0.178117833786458
-0.144169634547199 0.919199404909175
0.135338862640275 0.414017919368252
0.984672475232690 -0.399232435403168
0.313257473209139 0.341849135719549
0.321599687659857 0.799200167606858
0.723965218521284 0.897708873818653
0.417877252664303 -0.054294359977082
0.426219467115021 0.403056671910228
0.495251664643115 -0.075784891067604
0.895500383929911 0.145666055237911
0.197505913236852 -0.570437092976029
-0.860578700809686 0.135136771605414
-0.197505913236852 -1.063295831404612
-0.468672195973608 -0.100763313976380
-0.739838478710364 0.861769203451852
-0.162584230116627 0.851239919819354
-0.321599687659857 -0.848359109200977
-0.592765970396612 0.114173408227255
-0.286678004539631 1.066176642022989
0.384736997483920 0.325095070900273
-0.181994191433976 0.466792968381271
0.619345439066120 0.139151831136032
0.313257473209139 -0.812851402659703
1.019594158352916 0.360602777441547
0.119465602451195 0.705540852867633
0.390631885187951 -0.256991664560599
0.790880604474747 -0.035540718255084
0.092886133781688 -0.751643866469024
-0.614116450168934 0.219994242764365
0.186380988404658 0.662896135375395
-0.213867730882138 0.441445189069879
0.065640766305335 -0.063736296471043
0.057298551854617 -0.521087328358352
1.034801519735150 -0.310165665685335
0.457547271141413 -0.299636382052837
-0.240447199551646 -1.015739530266777
0.755293022547676 0.195015819855588
-0.519955696739119 -0.510558044725855
-0.920204416025916 -0.732008991031370
0.336807049042091 -1.026268813899275
0.363386517711598 0.430915905437382
0.737055768328887 -0.804817867593760
-0.511613482288402 -0.053207012838545
0.449205056690695 -0.756987413940147
-0.911862201575197 -0.274657959144061
0.763635236998394 0.652366851742897
-0.116537622164207 0.641837568110399
0.667275387507949 0.170037396946811
-0.422625588021188 -0.310165665685335
0.248789414002364 -1.051247236808052
-0.999879836614925 -0.299636382052837
-0.030719083185110 -0.546065751267129
0.546535165408627 -0.556595034899627
-0.702134085208662 0.195015819855588
0.369529636101686 -0.324614804961614
-0.328464834591373 -1.040717953175554
-0.301885365921866 0.416466766161103
-1.094040590044740 0.430915905437382
-0.720371339427451 -0.804817867593760
0.554877379859345 -0.099244003012317
-0.430967802471906 -0.767516697572645
0.275368882671871 0.405937482528605
-0.022376868734392 -0.088714719379820
0.946783884695423 -0.335144088594111
0.267026668221153 -0.051413549358704
-0.599631117328129 -0.078185435747322
-0.693791870757944 0.652366851742897
0.333942054174615 0.434133060744565
0.307362585505108 -1.023051658592092
-0.755958921354521 -0.046070001887581
-0.364052416518443 -0.281970087469375
-1.035467418541995 0.459111483653342
0.605108336911371 -0.528399456683667
-0.057964450661462 0.670033146326359
-0.355710202067725 0.175380944417934
0.000608720841282 1.011483329934191
-0.025970747828225 -0.445701389402466
-0.426219467115021 -0.667152335707982
-0.697385749851777 0.295380181720250
0.271775003578038 0.048950812505959
0.280117218028756 0.506301844393268
0.497578828004728 0.421843325346035
0.480894399103291 -0.492858738428584
0.489236613554009 -0.035507706541274
-0.088017635039727 -0.024978422908776
-0.479924139875805 0.210921662673018
-0.786012105732786 -0.741081571122717
-0.488266354326523 -0.246429369214292
-0.759432637063279 0.716103148213940
-0.182178388469542 0.705573864581442
-0.208757857139050 -0.751610854755214
-0.359183917776483 0.937554094519456
-1.057178388469542 0.221450946305515
0.191490862147746 -0.530159908449699
-0.173836174018824 1.162924896468752
-1.065520602920260 -0.235900085581794
0.209728116366536 0.469673778999648
-0.079675420589010 0.432372608978533
-0.096359849490446 -0.482329454796086
0.218070330817254 0.927024810886958
0.183148647697028 -0.987510940337008
-0.057298551854617 0.521087328358352
-1.034801519735150 0.310165665685335
-0.457547271141413 0.299636382052837
0.240447199551646 1.015739530266777
0.519955696739119 0.510558044725855
0.334607952981461 0.285187242776558
-0.737055768328887 0.804817867593760
0.511613482288402 0.053207012838545
-0.336807049042091 1.026268813899275
-0.065640766305335 0.063736296471043
-0.763635236998394 -0.652366851742897
0.213867730882138 -0.441445189069879
0.911862201575197 0.274657959144061
0.338081668690218 0.677714631054288
-0.639421299190314 0.466792968381271
-0.062167050596578 0.456263684748773
0.027245367476352 0.466792968381271
-0.364661137359726 0.702693053963065
-0.275368882671871 -0.405937482528605
0.022376868734392 0.088714719379820
0.422625588021188 0.310165665685335
-0.248789414002364 1.051247236808052
0.030719083185110 0.546065751267129
0.999879836614925 0.299636382052837
-0.546535165408627 0.556595034899627
0.702134085208662 -0.195015819855588
0.720371339427451 0.804817867593760
0.693791870757944 -0.652366851742897
0.786012105732786 0.741081571122717
0.479924139875805 -0.210921662673018
0.488266354326523 0.246429369214292
0.759432637063279 -0.716103148213940
0.088017635039727 0.024978422908776
0.208757857139050 0.751610854755214
0.182178388469542 -0.705573864581442
1.057178388469542 -0.221450946305515
-0.209728116366536 -0.469673778999648
0.173836174018824 -1.162924896468752
0.880172859162601 0.010529283632498
-0.183148647697028 0.987510940337008
-0.489236613554009 0.035507706541274
0.723965218521284 0.320358604629027
0.426219467115021 -0.174293597279398
0.057418715239693 0.548913550171697
0.328584997976448 -0.413618967256535
0.728833717263244 -0.192168020951020
-0.166666666666667 -0.915184345378557
-0.171415002023552 -0.702294101851348
0.806087965856981 -0.491372439178330
0.228833717263244 -0.480843155545833
0.166666666666667 -0.915184345378557
0.895988941386118 -0.011169376546184
-0.193912034143019 -0.491372439178330
-0.771166282736756 -0.480843155545833
0.197994470693059 -0.727272524760124
-0.473420531330493 0.013809046362593
-0.073171812043697 0.235259992668108
0.504082436550040 0.224730709035610
0.395988941386118 0.277505758048629
-0.302005529306941 -0.438597390165312
-0.573171812043697 0.523935127262920
0.004082436550040 0.513405843630423
-0.104011058613882 1.143531161833067
0.446663721310347 -0.324182841136087
-0.130590527283389 -0.313653557503589
-0.530839246570185 -0.535104503809105
-0.802005529306941 0.427428013619127
-0.224751280713204 0.416898729986630
0.167155224122874 0.180998644404835
-0.709239558910329 0.601929739986685
-0.130590527283389 0.263696711686036
-0.530839246570185 0.042245765380521
0.167155224122874 0.758348913594461
-0.875906225576995 0.313254605391872
0.369409472716611 1.129722115470475
-0.030839246570185 0.908271169164960
0.193912034143019 0.491372439178330
0.022497032119467 0.943778875706234
0.522497032119467 0.077753471921795
0.828584997976448 0.452406436527904
0.530839246570185 -0.042245765380521
0.286132269117862 0.730120323664692
0.557298551854617 -0.232412193763539
0.957547271141413 -0.010961247458025
0.259552800448354 -0.727064395671965
-0.140695918838442 -0.948515341977480
-0.019955696739119 -0.221882910131042
-0.011613482288402 0.235468121756268
-0.411862201575197 0.014017175450752
-0.717950167432178 -0.937986058344982
-0.047201064215472 0.416865718272820
0.223965218521284 -0.545666799155411
0.624213937808080 -0.324215852849897
-0.073780532884979 -1.040319001063837
-1.114116450168934 -0.068680891830448
-0.313619011595342 0.374221000780582
-0.713867730882138 0.152770054475067
-0.434359233694665 -0.352411431065856
-0.442701448145383 -0.809762462953165
0.534801519735150 -0.598840800280148
-0.042452728858587 -0.588311516647650
0.255293022547676 -0.093659314739225
0.655541741834472 0.127791631566290
-0.136613482288402 0.142240770842569
-1.011613482288402 -0.341882147433358
0.561380988404657 0.858343919056509
-0.050794943309305 -1.045662548534959
0.935050239021946 -0.377389853974632
0.263635236998394 0.363691717148084
-0.771046119351681 0.374221000780582
1.167275387507949 -0.118637737648002
-1.171294838638476 0.152770054475066
-0.891786341451003 -0.352411431065856
0.077374411978812 -0.598840800280148
-0.499879836614925 -0.588311516647650
0.469280916814890 -0.834740885861942
-0.202134085208662 -0.093659314739225
0.198114634078134 0.127791631566290
-0.594040590044740 0.142240770842569
-0.473300367945417 0.868873202689007
0.775368882671871 0.117262347933792
0.477623131265608 -0.377389853974633
-0.193791870757944 0.363691717148084
0.500608720841282 0.145457926149752
-0.589292254687855 -0.334745136482394
-0.197385749851777 -0.570645222064188
-0.868800751875328 0.170436349058529
-0.468552032588533 0.391887295364044
0.108702216005204 0.381358011731546
-0.189043535401059 -0.113294190176879
-0.616537622164207 0.930512702705212
0.167275387507949 0.458712531541624
0.140695918838442 -0.998472187795033
-0.922625588021188 -0.021490531090522
-0.251210585997636 -0.762572102213239
-0.530719083185110 -0.257390616672316
0.046535165408627 -0.267919900304814
-0.130470363898314 -0.035939670366801
-0.828464834591373 -0.752042818580741
-0.801885365921866 0.705141900755916
0.438441670244705 -0.503819985886608
-0.930967802471906 -0.478841562977832
0.744529636101686 0.448183247909126
-0.224631117328129 0.694612617123418
-0.522376868734392 0.199960415214993
0.446783884695423 -0.046468953999299
-0.061438166370220 0.854856027238254
0.480894399103291 -1.070209007618209
0.489236613554009 -0.612857975730900
-0.088017635039727 -0.602328692098402
-0.479924139875805 -0.366428606516608
-0.488266354326523 -0.823779638403918
-0.759432637063279 0.138752879024314
-0.182178388469542 0.128223595391817
-0.359183917776483 0.360203825329830
-1.057178388469542 -0.355899322884110
0.209728116366536 -0.107676490189977
0.795324579410991 0.339145258064834
0.515816082223517 0.844326743605757
-0.453344671206298 1.090756112820049
-0.751090422612561 0.596103910911624
0.218070330817254 0.349674541697332
0.384616834098845 -0.167555538440151
-0.192637414494892 -0.157026254807653
-0.592886133781688 -0.378477201113169
-0.864052416518443 0.584055316315063
0.480894399103291 0.084491530761042
0.489236613554009 0.541842562648352
-0.088017635039727 0.552371846280849
-0.479924139875805 0.788271931862644
-0.786012105732786 -0.163731301933091
-0.488266354326523 0.330920899975334
-0.217100071589768 -0.631611617452898
-1.065520602920260 0.341450183607832
0.209728116366536 1.047024048189274
-0.096359849490446 0.095020814393540
-0.794354320183504 -0.621082333820400
0.183148647697028 -0.410160671147383
0.709607952981460 0.480635026457673
0.717950167432178 0.937986058344982
0.140695918838442 0.948515341977480
-0.557298551854617 0.232412193763539
-0.957547271141413 0.010961247458025
-0.259552800448354 0.727064395671965
0.019955696739119 0.221882910131042
0.011613482288402 -0.235468121756268
-0.836807049042091 0.737593679304462
0.132353704387723 0.491164310090170
-0.565640766305335 -0.224938838123770
-0.286132269117862 -0.730120323664692
0.411862201575197 -0.014017175450752
0.004748335356885 0.677714631054288
0.442701448145383 0.809762462953165
-0.534801519735150 0.598840800280148
0.434359233694665 0.352411431065856
0.771046119351681 -0.374221000780582
-0.077374411978812 0.598840800280148
-0.469280916814890 0.834740885861942
0.499879836614925 0.588311516647650
0.220371339427451 1.093493002188573
0.891786341451003 0.352411431065856
0.193791870757944 -0.363691717148084
1.171294838638476 -0.152770054475066
0.360578700809686 0.466792968381271
0.224631117328129 -0.694612617123418
0.522376868734392 -0.199960415214993
0.922625588021188 0.021490531090522
0.251210585997636 0.762572102213239
0.530719083185110 0.257390616672316
-0.046535165408627 0.267919900304814
0.453344671206298 -1.090756112820049
0.479924139875805 0.366428606516608
0.488266354326523 0.823779638403918
0.759432637063279 -0.138752879024314
0.182178388469542 -0.128223595391817
0.890631885187951 0.609033739223840
0.786012105732786 0.163731301933091
0.479924139875805 -0.788271931862644
0.488266354326523 -0.330920899975334
0.088017635039727 -0.552371846280849
0.208757857139050 0.174260585565589
-0.191490862147746 -0.047190360739927
0.880172859162601 -0.566820985557128
-0.183148647697028 0.410160671147383
-0.489236613554009 -0.541842562648352
0.178400312340143 1.172366832962713
0.723965218521284 -0.256991664560599
1.124213937808080 -0.035540718255084
0.000608720841282 0.434133060744565
-0.025970747828225 -1.023051658592092
-1.089292254687855 -0.046070001887581
-0.697385749851777 -0.281970087469375
0.271775003578038 -0.528399456683667
-0.391297783994796 0.670033146326359
0.280117218028756 -0.071048424796358
-0.166057945825385 0.722808195339378
-0.192637414494892 -0.734376523997279
-0.592886133781688 -0.955827470302794
-0.864052416518443 0.006705047125438
0.105108336911371 -0.239724322088854
-0.557964450661462 0.958708280921172
0.113450551362089 0.217626709798455
0.584543919330969 -0.920319763761520
0.828584997976448 -0.124943832661722
-0.156689342412596 0.219994242764365
0.643808096160996 0.662896135375395
-0.752180845225122 -0.769310161052486
0.243559376874200 0.441445189069879
0.523067874061673 -0.063736296471043
0.514725659610956 -0.521087328358352
0.914974378897751 -0.299636382052837
0.216979908204692 -1.015739530266777
-0.062528588982781 -0.510558044725855
-0.462777308269577 -0.732008991031370
-0.054186374532063 -0.053207012838545
-1.031689342412596 -0.264128675511563
-0.360274340389044 -1.005210246634280
0.906632164447033 -0.756987413940147
-0.454435093818859 -0.274657959144061
-0.842830004047103 -0.176149252932266
-0.042332565473511 0.266752639678764
-0.442581284760307 0.045301693373249
-0.163072787572834 -0.459879792167674
-0.171415002023552 -0.917230824054983
0.806087965856981 -0.706309161381966
0.228833717263244 -0.695779877749468
0.526579468669507 -0.201127675841043
-0.748669250617289 -0.906701540422486
0.926828187956303 0.020323270464472
0.134672963833429 0.034772409740751
-0.740327036166571 -0.449350508535176
0.534921683120225 0.256223356046267
0.000000000000000 -0.362413546985990
-0.271166282736756 -0.769518290140645
0.426828187956303 -0.053415141926705
1.004082436550040 -0.063944425559203
-1.042332565473512 0.266752639678764
0.112175931713962 0.245694072413769
0.895988941386118 -0.226106098749820
-0.193912034143019 -0.706309161381966
-0.771166282736756 -0.695779877749468
0.197994470693059 -0.942209246963760
-0.473420531330493 -0.201127675841043
-0.073171812043697 0.020323270464472
-0.865327036166571 0.034772409740751
0.103833717263244 -0.211656959473541
-0.167332565473512 0.750875557954692
-0.744586814067248 0.761404841587189
0.504082436550040 0.009793986831975
0.206336685143777 -0.484858215076450
-1.050674779924230 -0.190598392208545
-0.465078316879775 0.256223356046267
0.209848279751611 0.170037396946811
-0.880052695777526 -0.310165665685335
-0.208637693753974 -1.051247236808051
-0.488146190941448 -0.546065751267129
0.089108057652289 -0.556595034899627
-1.159561192965000 0.195015819855588
-0.759312473678204 0.416466766161103
0.481014562488367 -0.792495120481421
0.787102528345348 0.159508113314313
-0.182058225084467 0.405937482528605
-0.479803976490730 -0.088714719379819
0.489356776939085 -0.335144088594111
-0.104011058613882 0.566180892643442
-0.130590527283389 -0.891003826693215
-0.802005529306941 -0.149922255570498
0.167155224122874 -0.396351624784790
-0.495917563449960 0.802080978225236
-0.290151720248389 1.036062800731250
0.252180845225122 -0.889002234125214
0.260523059675840 -0.431651202237905
-0.316731188917897 -0.421121918605407
-0.708637693753974 -0.185221833023613
-0.716979908204692 -0.642572864910922
-0.988146190941448 0.319959652517310
-0.410891942347711 0.309430368884812
-0.402549727896993 0.766781400772121
-0.018985437511633 0.073530283303018
0.287102528345348 1.025533517098752
-0.010643223060915 0.530881315190327
0.252180845225122 -0.096715242731953
0.260523059675840 0.360635789155357
-0.316731188917897 0.371165072787854
-0.708637693753974 0.607065158369648
-1.014725659610956 -0.344938075426086
-0.716979908204692 0.149714126482339
-0.410891942347711 1.101717360278073
-0.037222691730423 -0.134016412753068
-0.445813625467937 -0.812818390945893
-0.018985437511633 0.865817274696279
-0.325073403368615 -0.086185959099455
-0.045564906181141 -0.591367444640378
-0.313859338365493 0.181206773492995
-0.530839246570185 0.619596034570147
0.752180845225122 0.769310161052486
-0.514725659610956 0.521087328358352
-0.216979908204692 1.015739530266777
-0.523067874061673 0.063736296471043
0.454435093818859 0.274657959144061
0.842830004047103 0.176149252932266
0.171415002023552 0.917230824054983
-0.806087965856981 0.706309161381966
-0.228833717263244 0.695779877749468
0.740327036166571 0.449350508535176
-0.134672963833429 -0.034772409740751
0.163072787572834 0.459879792167674
-0.534921683120225 -0.256223356046267
0.442581284760307 -0.045301693373249
-0.504082436550040 -0.009793986831975
0.193912034143019 0.706309161381966
0.771166282736756 0.695779877749468
0.465078316879775 -0.256223356046267
0.573964729920545 -0.641837568110399
0.182058225084467 -0.405937482528605
0.479803976490730 0.088714719379819
0.880052695777526 0.310165665685335
0.208637693753974 1.051247236808051
0.488146190941448 0.546065751267129
-0.089108057652289 0.556595034899627
0.759312473678204 -0.416466766161103
-0.268865274126558 -0.025699829649405
0.708637693753974 0.185221833023613
0.716979908204692 0.642572864910922
0.988146190941448 -0.319959652517310
0.316731188917897 0.421121918605407
0.410891942347711 -0.309430368884812
0.402549727896993 -0.766781400772121
-0.260523059675840 0.431651202237905
-0.268865274126558 -0.817986821042666
-0.252180845225122 0.096715242731953
1.014725659610956 0.344938075426086
0.708637693753974 -0.607065158369648
0.716979908204692 -0.149714126482339
0.316731188917897 -0.371165072787854
0.437471411017219 0.355467359058584
0.037222691730423 0.134016412753069
0.018985437511633 -0.865817274696279
0.045564906181141 0.591367444640378
-0.260523059675840 -0.360635789155357
-0.004748335356885 -0.941810294852042
0.395500383929911 -0.720359348546527
-0.573660369499904 -0.473929979332235
-0.360578700809686 -0.730888632179025
-0.937832949403422 -0.720359348546527
0.031327804026392 -0.966788717760819
-0.640087197997159 -0.225707146638102
-0.239838478710363 -0.004256200332587
0.337415769883373 -0.014785483965085
0.155903280220676 0.228587957256480
-0.421350968373061 0.239117240888977
-0.821599687659857 0.017666294583462
-0.123605216966798 0.733769442797402
-0.115263002516080 1.191120474684712
-0.154933020993190 1.172366832962713
0.426099303729946 0.702693053963065
0.813257473209139 0.053174001124736
0.495251664643115 -0.653135160257229
0.895500383929911 -0.431684213951714
0.229322274719451 0.037989565047934
-0.860578700809686 -0.442213497584212
-0.468672195973608 -0.678113583166006
-0.162584230116627 0.273889650629728
-0.394771499703554 1.118951691036008
0.155903280220676 -0.348762311933146
-0.421350968373061 -0.338233028300648
-0.821599687659857 -0.559683974606164
-1.092765970396612 0.402848542822068
-0.123605216966798 0.156419173607776
0.318005808566024 0.755468102976084
1.119345439066120 0.427826965730845
0.813257473209139 -0.524176268064890
-0.155903280220676 -0.277746898850598
0.209607952981460 0.191959891862860
0.217950167432178 0.649310923750169
-0.359304081161558 0.659840207382667
-0.759552800448354 0.438389261077152
-0.061558329755295 1.154492409291092
-1.065640766305335 -0.513613972718583
-0.088137798424803 -0.302692310045565
0.751210585997636 0.473896967618426
1.030719083185110 -0.031284517922497
-0.217950167432178 0.720326336832718
0.186380988404658 0.085545866185769
-0.213867730882138 -0.135905080119747
0.057298551854617 -1.098437597547978
0.457547271141413 -0.876986651242463
0.755293022547676 -0.382334449334038
-0.519955696739119 -1.087908313915481
1.155541741834472 -0.160883503028523
0.363386517711598 -0.146434363752244
-0.116537622164207 0.064487298920773
0.667275387507949 -0.407312872242815
-0.422625588021188 -0.887515934874961
-0.030719083185110 -1.123416020456755
-0.702134085208662 -0.382334449334038
-0.301885365921866 -0.160883503028523
0.275368882671871 -0.171412786661021
-0.022376868734392 -0.666064988569445
-0.693791870757944 0.075016582553271
-0.019105600896709 -0.204183603833771
-0.010763386445991 0.253167428053539
-0.588017635039727 0.263696711686036
-0.979924139875805 0.499596797267831
-0.988266354326523 0.042245765380521
-0.682178388469542 0.994248999176255
-0.290271883633464 0.758348913594461
-0.557298551854617 0.809762462953165
-0.957547271141413 0.588311516647650
0.011613482288402 0.341882147433358
-0.565640766305335 0.352411431065856
-0.286132269117862 -0.152770054475067
0.411862201575197 0.563333093738874
0.922625588021188 0.598840800280148
0.530719083185110 0.834740885861942
0.979924139875805 0.077753471921795
0.988266354326523 0.535104503809105
0.682178388469542 -0.416898729986630
0.010763386445991 0.324182841136087
0.186140661634507 -0.156627302695936
0.248187548846010 0.264095663797754
-0.042572892243662 0.239516193000695
-0.147192671698826 0.107468361101818
-0.147192671698826 0.684818630291443
-0.015327524767310 -0.976582704592794
0.019594158352916 0.937953046631173
-0.678400312340143 0.221849898417233
-0.407234029603387 -0.740682619010999
0.561926723826427 -0.987111988225291
0.988754911782730 0.691523677416881
-0.604499616070089 0.962532517428232
0.635827420096481 -0.246429369214292
0.364661137359726 0.716103148213940
0.581520882179343 0.049158941594118
0.186140661634507 1.047232177277434
0.364540973974650 0.487548202671270
0.562167050596578 0.145666055237911
-0.135827420096481 -0.570437092976029
1.104619779455164 -0.082888890304759
0.557298551854617 0.922288344615712
0.922625588021188 -0.770796460302739
0.251210585997636 -0.029714889180023
0.259552800448354 0.427636142707287
0.530719083185110 -0.534896374720945
0.818005808566024 -0.110557300808355
0.146590806542472 0.630524270314362
0.426099303729946 0.125342784773439
-0.708999232140178 0.530848303476518
-0.838081668690218 -0.653135160257229
0.139421299190314 -0.442213497584212
-0.437832949403422 -0.431684213951714
0.531327804026392 -0.678113583166006
-0.140087197997159 0.062967987956711
0.260161521289637 0.284418934262226
0.837415769883373 0.273889650629728
0.291000767859822 0.530848303476518
0.562167050596578 -0.431684213951714
0.759432637063279 0.438597390165312
-1.109247951426974 -0.267952912018623
-0.437832949403422 -1.009034483141340
-0.140087197997159 -0.514382281232915
0.260161521289637 -0.292931334927400
0.837415769883373 -0.303460618559898
-0.104499616070089 0.673857382833419
0.864661137359725 0.427428013619127
0.124093774423005 1.056382655191015
-0.333333333333333 0.479032386001389
-1.000000000000000 -0.362413546985990
-0.833333333333333 0.767707520596202
-1.004748335356885 -0.149523303458781
-0.604499616070089 0.071927642846734
0.364661137359726 -0.174501726367557
0.962175443113223 0.389039496459476
-0.015327524767310 0.178117833786458
0.484672475232690 0.466792968381271
-0.813619011595342 0.085545866185769
1.124702495264287 -0.407312872242815
0.034801519735150 -0.887515934874961
-0.542452728858587 -0.876986651242463
0.426708024571228 -1.123416020456755
-0.244706977452324 -0.382334449334038
0.155541741834472 -0.160883503028523
-0.636613482288402 -0.146434363752244
0.732795990428209 -0.171412786661021
-0.236364763001606 0.075016582553271
0.081520882179343 0.552770798392567
0.352807328301174 0.082888890304759
-0.147192671698826 0.948914294089197
0.581520882179343 -0.313254605391872
-0.647192671698826 -0.709398101088503
-1.104619779455164 0.082888890304759
-0.547321227600547 1.005177234920471
-0.181994191433976 -0.687907569997980
-0.845066979006810 0.510525033012046
-0.573900696270054 -0.452007484416186
1.093254527852819 0.017666294583462
0.248187548846010 -0.528191327595507
-0.813859338365493 -0.684818630291443
0.431456359928113 0.131648879787160
0.031207640641317 -0.089802066518356
-0.239958642095439 0.872730450909876
0.155903280220676 0.805938226446105
-0.421350968373061 0.816467510078603
-0.821599687659857 0.595016563773088
1.000000000000000 -0.362413546985990
0.833333333333333 0.767707520596202
-0.338081668690218 -0.149523303458781
0.062167050596578 0.071927642846734
1.031327804026392 -0.174501726367557
-0.612175931713962 -0.534369207008581
-0.752180845225122 -0.191959891862860
-0.252180845225122 -0.480635026457673
-0.208999232140178 0.506268832679458
0.124334101193155 0.506268832679458
-0.375665898806845 0.217593698084645
-0.708999232140178 0.217593698084645
-0.833093006563183 0.794943967274271
0.120740222099322 0.726632431846437
0.209848279751611 0.747387666136437
-0.290151720248389 0.458712531541624
0.771895166963113 0.879435498035314
0.624702495264287 0.458712531541624
0.333942054174615 0.698228724542319
0.562655608052784 0.302085228845688
0.105228500296446 0.879435498035314
1.062655608052784 0.013410094250875
0.271895166963113 0.013410094250875
-0.332724612492051 0.747387666136437
0.167275387507949 -0.118637737648002
0.271895166963113 0.590760363440501
-0.061438166370220 0.277505758048629
0.605228500296446 0.013410094250875
0.876274619648127 0.505214497254732
0.376274619648127 -0.360810906529707
-0.019105600896709 -0.781533873023396
0.942581284760307 0.243373441221564
-0.760523059675840 -0.649310923750169
-0.260523059675840 -0.937986058344982
-0.182058225084467 0.983287751718231
-0.682058225084467 0.694612617123418
0.608702216005204 0.934128810124113
0.879988662127035 0.826660449022295
0.170749103216707 1.115335583617108
0.232795990428209 0.694612617123418
-0.057964450661462 0.934128810124113
-0.162584230116627 1.115335583617108
0.170749103216707 0.537985314427482
-0.286678004539631 1.115335583617108
0.879988662127035 0.249310179832669
0.670749103216707 0.249310179832669
0.337415769883373 0.249310179832669
1.170749103216707 -0.039364954762144
0.837415769883373 -0.039364954762144
-0.120011337872965 0.249310179832669
0.379988662127035 -0.039364954762144
-0.224631117328129 0.117262347933792
0.670749103216707 -0.328040089356956
-0.120011337872965 0.826660449022295
-0.453344671206298 0.513405843630423
0.713321995460369 0.537985314427482
0.213321995460369 0.249310179832669
0.663072787572834 0.171204657572861
0.663072787572834 0.748554926762486
0.225119674784336 -0.489034501921524
0.725119674784336 -0.200359367326711
0.558453008117669 0.088315767268102
-0.398974099638669 -0.200359367326711
-0.003593879093833 0.484459262964733
-0.065640766305335 0.641086565660669
-0.183268811082103 -0.659840207382667
0.316731188917897 -0.948515341977480
-0.479803976490730 0.488635549809806
-0.979803976490730 0.199960415214993
-0.084423755945895 0.909358516303496
-0.126996648189556 0.620683381708683
-0.460329981522890 0.620683381708683
-0.417757089279228 -0.245342022075756
-0.522376868734392 -0.377389853974633
0.671415002023552 0.628555689460170
0.628842109779890 -0.452406436527904
0.713987894267214 -0.452406436527904
0.442701448145383 -0.922288344615712
0.066795222568387 -0.320358604629027
0.233461889235054 -0.031683470034214
0.504748335356885 0.075784891067604
-0.119345439066120 -1.005177234920471
-0.161918331309782 -0.716502100325658
0.004748335356885 -0.212890243527209
0.609368114812049 0.256991664560599
0.733461889235054 0.256991664560599
-0.223965218521284 -1.186384008413466
0.109368114812049 0.545666799155411
0.504748335356885 0.653135160257229
-0.723965218521284 -0.897708873818653
-0.495251664643115 0.075784891067604
-0.390631885187951 0.256991664560599
-0.890631885187951 -0.609033739223840
-0.057298551854617 1.098437597547978
-0.161918331309782 0.075784891067604
-0.557298551854617 -0.922288344615712
0.838081668690218 0.653135160257229
-0.306087965856981 0.417634026787153
-0.306087965856981 0.994984295976779
-0.348660858100643 -0.663328099200921
-0.263515073613319 -0.663328099200921
-0.034801519735150 -1.059471594897552
-0.077374411978812 -1.133210007288729
-0.577374411978812 -1.059471594897552
-0.639421299190314 -0.638748628403862
0.131865146931517 -0.819955401896857
-0.472754632523648 -0.350073493809049
0.298531813598183 -1.108630536491670
-0.910707745312145 -0.531280267302044
0.298531813598183 -0.531280267302044
-0.744041078645479 -0.242605132707232
-0.472754632523648 -0.135136771605414
0.527245367476352 -0.927423762998675
-0.972754632523648 -0.423811906200227
0.360578700809686 -0.423811906200227
0.484672475232690 -0.638748628403862
-0.368134853068483 0.046070001887581
-0.244041078645479 0.046070001887581
-0.410707745312145 0.334745136482394
-0.201468186401817 0.334745136482394
-0.868134853068484 0.334745136482394
-0.472754632523648 0.442213497584212
0.255958921354521 0.334745136482394
0.755958921354521 0.046070001887581
0.589292254687855 0.334745136482394
1.089292254687855 0.046070001887581
0.860578700809686 0.442213497584212
0.422625588021188 0.887515934874961
-0.139421299190314 0.442213497584212
-0.034801519735150 0.887515934874961
0.208637693753974 -0.895740292964461
-1.020075860124195 0.077753471921795
-0.706216521758702 -0.318390023774835
-0.748789414002364 -0.392128436166013
-0.539549855092035 -0.078873830774141
-0.810836301213866 0.391008077313667
-0.539549855092035 0.498476438415485
-0.186742526790861 0.102332942718854
0.084543919330969 -0.944899234558579
0.417877252664303 -0.367548965368954
0.313257473209139 -0.763692461065584
0.146590806542472 -1.052367595660397
0.417877252664303 0.209801303820672
0.979924139875805 -0.499596797267831
0.514725659610956 0.056262940831273
1.014725659610956 -0.232412193763539
-0.628842109779890 1.029756705717530
-0.400128555901721 0.633613210020899
-0.442701448145383 0.559874797629722
-0.900128555901721 0.559874797629722
-0.942701448145383 0.633613210020899
-0.504748335356885 1.029756705717530
-0.338081668690218 1.054336176514589
-0.233461889235054 0.873129403021594
-0.566795222568387 0.295779133831968
-0.066795222568387 0.584454268426781
-0.233461889235054 0.295779133831968
-1.109368114812049 0.295779133831968
-0.004748335356885 1.054336176514589
-0.609368114812049 0.007103999237155
-0.733461889235054 0.007103999237155
0.161918331309782 0.765661041919776
-0.047321227600547 0.188310772730150
-0.276034781478716 0.007103999237155
-1.066795222568387 0.007103999237155
-0.547321227600547 -0.100364361864663
-0.795508776446556 -0.100364361864663
0.223965218521284 0.295779133831968
0.161918331309782 0.188310772730150
-0.380654560933880 -0.389039496459476
0.495251664643115 0.188310772730150
0.390631885187951 0.007103999237155
0.723965218521284 0.584454268426781
0.619345439066120 0.188310772730150
0.452678772399453 -0.100364361864663
0.161918331309782 -0.389039496459476
-0.547321227600547 -0.677714631054288
-0.338081668690218 -0.677714631054288
-0.004748335356885 -0.677714631054288
-0.504748335356885 -0.966389765649102
0.452678772399453 -0.677714631054288
-0.047321227600547 -0.966389765649102
1.057298551854617 0.056262940831273
0.557298551854617 -0.809762462953165
-0.962175443113223 -0.389039496459476
1.119345439066120 -0.100364361864663
-0.880052695777526 0.267184603504291
0.577374411978812 0.844534872693916
0.077374411978812 0.770796460302739
0.034801519735150 0.844534872693916
0.410707745312145 0.506700796504985
0.201468186401817 0.506700796504985
-0.131865146931517 1.084051065694611
0.744041078645479 0.506700796504985
-0.131865146931517 0.506700796504985
0.368134853068483 0.218025661910172
0.244041078645479 0.218025661910172
0.930181740279986 0.399232435403168
0.701468186401817 0.218025661910172
-0.089292254687855 0.218025661910172
-0.318005808566024 0.399232435403168
-0.484672475232690 0.687907569997980
-0.527245367476352 0.976582704592794
0.430181740279986 0.110557300808355
0.181994191433976 0.110557300808355
1.139421299190315 0.399232435403168
-0.527245367476352 0.399232435403168
-0.589292254687855 0.506700796504985
0.596848406946653 -0.178117833786458
-0.465198480264850 -0.021490531090522
-0.755958921354521 0.218025661910172
-0.860578700809686 0.399232435403168
1.139421299190315 -0.178117833786458
-0.527245367476352 -0.178117833786458
-0.984672475232690 0.399232435403168
0.430181740279986 -0.466792968381271
0.181994191433976 -0.466792968381271
0.639421299190314 -0.466792968381271
-0.027245367476352 -0.466792968381271
0.972754632523648 -0.466792968381271
-0.360578700809686 -0.466792968381271
1.096848406946653 -0.466792968381271
0.472754632523648 -0.755468102976084
0.139421299190314 -0.755468102976084
-0.818005808566024 -0.466792968381271
-0.922625588021188 -0.598840800280148
0.015327524767310 0.976582704592794
-0.922625588021188 0.770796460302739
-0.818005808566024 0.110557300808355
0.015327524767310 -0.178117833786458
-0.484672475232690 -0.466792968381271
0.181994191433976 0.687907569997980
-0.208637693753974 -0.473896967618426
-0.708637693753974 -0.762572102213239
0.748789414002364 0.029714889180023
0.353409193457528 -0.341849135719549
-0.146590806542472 0.524176268064890
-0.251210585997636 0.029714889180023
0.271166282736756 0.407104743154655
0.271166282736756 0.984455012344281
0.228593390493094 -0.673857382833419
0.313739174980418 -0.673857382833419
0.042452728858587 -1.143739290921227
-0.000120163385075 -1.070000878530050
-0.166786830051742 -0.830484685529355
-0.333453496718409 -1.119159820124168
-0.333453496718409 -0.541809550934542
0.104499616070089 -0.145666055237911
0.709119395525253 -0.253134416339729
-0.395500383929911 -0.434341189832724
0.166546503281591 0.324215852849897
-0.290880604474747 0.324215852849897
0.104499616070089 0.431684213951714
0.833213169948258 0.324215852849897
-0.895500383929911 -0.145666055237911
-0.216979908204692 -0.931247999505735
0.969160753429815 0.017666294583462
0.926587861186153 0.042245765380521
1.011733645673476 0.042245765380521
0.740447199551646 -0.427636142707287
0.697874307307984 -0.353897730316110
1.135827420096481 0.042245765380521
0.635827420096481 0.066825236177580
0.864540973974650 -0.691731806505041
0.531207640641317 -0.114381537315415
0.802494086763148 0.355500370772393
1.135827420096481 0.355500370772393
0.531207640641317 -0.691731806505041
0.364540973974650 -0.403056671910228
0.364540973974650 0.174293597279398
0.302494086763148 0.066825236177580
0.531207640641317 0.462968731874211
0.802494086763148 0.570437092976029
0.573780532884979 -0.980406941099854
0.345066979006810 -0.799200167606858
0.178400312340143 -0.510525033012046
0.135827420096481 -0.221849898417233
0.969160753429815 0.595016563773088
0.240447199551646 -0.667152335707982
0.302494086763148 0.281761958381216
0.178400312340143 0.066825236177580
0.907113866218312 0.751643866469024
0.135827420096481 -0.799200167606858
0.073780532884979 -0.691731806505041
-0.154933020993190 0.066825236177580
-0.092886133781688 -0.980406941099854
-0.197505913236852 -0.799200167606858
0.407113866218312 1.040319001063837
-0.321599687659857 -0.799200167606858
-0.426219467115021 -0.403056671910228
-0.197505913236852 0.570437092976029
-0.321599687659857 0.355500370772393
-0.092886133781688 0.751643866469024
-0.426219467115021 0.174293597279398
0.073780532884979 1.040319001063837
-0.592886133781688 -0.114381537315415
-0.654933020993190 -0.221849898417233
-0.426219467115021 0.751643866469024
-0.592886133781688 0.462968731874211
-0.821599687659857 -0.510525033012046
-0.197505913236852 1.147787362165654
-0.821599687659857 0.066825236177580
-0.759552800448354 -0.931247999505735
-0.988266354326523 -0.535104503809105
0.678400312340143 -0.221849898417233
0.135827420096481 0.570437092976029
-0.259552800448354 -0.427636142707287
-0.154933020993190 -1.087875302201671
0.135827420096481 1.147787362165654
-0.926219467115021 0.462968731874211
0.845066979006810 -0.510525033012046
0.635827420096481 0.644175505367206
-0.488146190941448 0.031284517922497
-0.988146190941448 -0.257390616672316
0.697994470693059 0.980198812011694
0.926708024571228 0.584055316315063
0.469280916814890 0.584055316315063
0.655421578449397 1.004778282808753
0.969280916814890 0.608634787112122
0.926708024571228 0.534896374720945
0.469280916814890 0.534896374720945
0.426708024571228 0.608634787112122
0.364661137359726 1.029357753605812
0.802614250148223 0.270800710923191
0.593374691237895 0.270800710923191
0.260041357904561 0.848150980112817
1.135947583481556 0.270800710923191
0.260041357904561 0.270800710923191
0.093374691237895 0.559475845518004
0.093374691237895 1.136826114707630
0.760041357904561 -0.017874423671622
0.635947583481556 -0.017874423671622
0.031327804026392 1.029357753605812
1.093374691237895 -0.017874423671622
0.302614250148223 -0.017874423671622
0.073900696270054 0.163332349821374
-0.092765970396613 0.452007484416186
-0.135338862640275 0.740682619010999
-0.030719083185110 0.295380181720250
0.822088245116064 -0.125342784773439
0.573900696270054 -0.125342784773439
-0.092765970396613 1.029357753605812
-0.135338862640275 0.163332349821374
-0.197385749851777 0.270800710923191
0.988754911782730 -0.414017919368252
-0.426099303729946 1.029357753605812
-0.073291975428772 -0.257390616672316
-0.364052416518443 -0.017874423671622
-0.468672195973608 0.163332349821374
-0.135338862640275 -0.414017919368252
-0.592765970396612 0.163332349821374
-0.697385749851777 0.559475845518004
0.822088245116064 -0.702693053963065
0.573900696270054 -0.702693053963065
0.364661137359726 -0.702693053963065
0.031327804026392 -0.702693053963065
-0.926099303729946 0.740682619010999
0.531327804026392 -0.991368188557878
-0.426099303729946 -0.702693053963065
-1.092765970396612 0.452007484416186
0.073900696270054 -0.991368188557878
-1.030719083185110 0.031284517922497
-0.530719083185110 -0.834740885861942
0.407234029603387 0.740682619010999
-0.530719083185110 0.534896374720945
-0.426099303729946 -0.125342784773439
-0.759432637063279 -0.438597390165312
0.407234029603387 -0.414017919368252
-0.092765970396613 -0.702693053963065
0.573900696270054 0.452007484416186
0.914974378897751 0.277713887136788
-0.042452728858587 0.830484685529355
-0.499879836614925 0.830484685529355
0.000120163385075 0.855064156326414
-0.042452728858587 0.781325743935237
-0.499879836614925 0.781325743935237
-0.542452728858587 0.855064156326414
0.166786830051742 1.094580349327109
-0.166546503281591 0.517230080137483
-0.375786062191920 0.517230080137483
0.333453496718409 0.805905214732296
0.166786830051742 0.517230080137483
-0.709119395525253 0.517230080137483
-0.875786062191920 0.805905214732296
-0.209119395525253 0.228554945542670
-0.333213169948258 0.228554945542670
0.562167050596578 0.987111988225291
0.352927491686249 0.409761719035665
0.124213937808080 0.228554945542670
-0.666546503281591 0.228554945542670
-0.895260057159760 0.409761719035665
0.457547271141413 0.541809550934542
-0.999879836614925 0.541809550934542
-0.147072508313751 0.121086584440852
-0.395260057159761 0.121086584440852
0.624213937808080 0.517230080137483
0.562167050596578 0.409761719035665
-1.104499616070089 0.409761719035665
0.019594158352916 -0.167588550153961
-1.042452728858587 -0.010961247458025
0.895500383929911 0.409761719035665
0.790880604474747 0.228554945542670
1.019594158352916 0.409761719035665
0.852927491686249 0.121086584440852
0.562167050596578 -0.167588550153961
-1.104499616070089 -0.167588550153961
-0.147072508313751 -0.456263684748773
-0.395260057159761 -0.456263684748773
0.062167050596578 -0.456263684748773
-0.604499616070089 -0.456263684748773
0.395500383929911 -0.456263684748773
-0.937832949403422 -0.456263684748773
0.519594158352916 -0.456263684748773
-0.104499616070089 -0.744938819343587
-0.437832949403422 -0.744938819343587
0.852927491686249 -0.456263684748773
0.352927491686249 -0.744938819343587
-0.895260057159760 -0.744938819343587
0.957547271141413 -0.588311516647650
-0.604499616070089 -1.033613953938399
-0.561926723826427 0.987111988225291
0.062167050596578 0.962532517428232
0.333453496718409 0.228554945542670
-0.561926723826427 -0.167588550153961
-1.061926723826427 -0.456263684748773
-0.395260057159761 0.698436853630478
0.666786830051742 0.805905214732296
0.216979908204692 -0.438389261077152
0.716979908204692 -0.727064395671965
-1.197874307307984 0.114381537315415
-1.011733645673476 0.535104503809105
-0.926587861186153 0.535104503809105
-0.697874307307984 0.138961008112474
-0.740447199551646 0.065222595721297
-0.802494086763148 0.535104503809105
-0.531207640641317 0.378477201113169
-0.531207640641317 -0.198873068076457
-0.302494086763148 0.559683974606164
-0.907113866218312 -0.487548202671270
-0.531207640641317 0.955827470302794
-0.135827420096481 0.271008840011351
-0.345066979006810 -0.306341429178275
-0.573780532884979 -0.487548202671270
-0.178400312340143 0.559683974606164
-0.845066979006810 -0.595016563773088
-0.073780532884979 -0.198873068076457
-0.678400312340143 -0.883691698367901
0.197505913236852 -0.306341429178275
0.092886133781688 -0.487548202671270
0.426219467115021 0.089802066518356
0.321599687659857 -0.306341429178275
0.154933020993190 -0.595016563773088
-0.135827420096481 -0.883691698367901
0.426219467115021 0.667152335707982
0.821599687659857 -0.017666294583462
0.154933020993190 -1.172366832962713
0.759552800448354 -0.438389261077152
-0.031207640641317 0.089802066518356
-0.697994470693059 0.653534112368947
-0.740567362936721 -0.427428013619127
-0.469280916814890 -0.897309921706935
-1.031327804026392 -0.402848542822068
-0.260041357904561 -0.584055316315063
-0.031327804026392 -0.402848542822068
-0.864661137359725 0.100763313976380
0.135338862640275 -0.691523677416881
0.092765970396613 -0.402848542822068
0.197385749851777 -1.161405585504689
-0.802614250148223 0.570645222064188
0.697385749851777 -0.872730450909876
0.364052416518443 0.281970087469375
0.030719083185110 1.123416020456755
0.183268811082103 -0.709797053200220
-0.316731188917897 -0.998472187795033
1.140695918838442 -0.206185196401772
0.931456359928113 0.107069408990100
0.764789693261446 0.395744543584913
0.702742806049944 0.288276182483096
0.931456359928113 0.684419678179726
0.578649031626939 -0.289074086706530
0.536076139383277 -0.000398952111717
0.702742806049944 0.503212904686731
0.578649031626939 0.288276182483096
0.536076139383277 -0.577749221301343
0.474029252171775 -0.470280860199525
0.245315698293606 0.288276182483096
0.598123026594780 -0.998472187795033
0.307362585505108 -0.758955994794338
0.202742806049944 -0.577749221301343
0.078649031626939 -0.577749221301343
-0.025970747828225 -0.181605725604712
0.202742806049944 0.791888039281544
0.078649031626939 0.576951317077909
0.307362585505108 0.973094812774539
-0.025970747828225 0.395744543584913
-0.192637414494892 0.107069408990100
-0.254684301706394 -0.000398952111717
-0.025970747828225 0.973094812774539
-0.421350968373061 -0.289074086706530
-0.421350968373061 0.288276182483096
-0.359304081161558 -0.709797053200220
-0.588017635039727 -0.313653557503589
0.140695918838442 -0.206185196401772
0.245315698293606 -0.866424355896156
-0.088017635039727 -1.179678961288028
-0.525970747828225 0.684419678179726
-0.026579468669507 -0.087547458753770
0.089108057652289 0.020755234289999
-0.410891942347711 -0.267919900304814
-0.453464834591373 0.020755234289999
0.046535165408627 -0.845270169494440
-0.682178388469542 0.416898729986630
-0.368800751875328 0.723207147451095
-0.097514305753497 0.615738786349278
-0.744706977452324 0.483690954450401
0.359912802002841 0.038388517159652
-0.306753864663826 0.038388517159652
-0.640087197997159 0.038388517159652
-1.097514305753498 0.038388517159652
-0.597514305753497 -0.250286617435161
-1.202134085208662 -0.093659314739225
-0.264180972420164 0.327063651754465
-0.062528588982781 0.066792224463771
0.437471411017219 -0.221882910131042
-1.124575476194284 -0.089835078232165
-0.124575476194284 -0.089835078232165
-0.124575476194284 -0.667185347421791
-0.314430180307699 -0.039717005100157
0.785891942347711 -0.906269576596959
-0.462777308269577 -0.154658721841744
0.037222691730423 -0.443333856436557
-0.785891942347711 -0.463367683985928
0.364781300744801 0.944658093756610
-0.197265586466702 1.125864867249605
0.302734413533298 0.837189732654793
0.717588629045975 0.548514598059980
-0.344458258165528 0.705141900755916
-0.635218699255199 0.944658093756610
-0.406505145377030 0.548514598059980
0.093494854622970 0.259839463465167
-0.239838478710363 0.259839463465167
0.593494854622970 -0.028835671129646
0.260161521289637 -0.028835671129646
-0.697265586466702 0.259839463465167
-0.801885365921866 0.127791631566290
0.093494854622970 -0.317510805724459
-1.030598919800035 0.523935127262920
-0.363932253133368 0.259839463465167
0.391906504836078 1.133737175001093
0.349333612592416 0.052775049013019
0.620620058714247 -0.417106859074789
0.163192950957909 -0.417106859074789
-1.170140382375424 -0.103852253682917
-0.836807049042091 -0.417106859074789
0.365327036166571 -0.323447544335564
0.481014562488367 -0.215144851291795
-0.018985437511633 -0.503819985886608
1.043061449699869 -0.083097019392918
0.895868778001043 -0.503819985886608
0.605108336911371 -0.264303792885913
0.271775003578038 0.313046476303712
0.105108336911371 0.601721610898525
0.043061449699869 0.494253249796708
-0.061558329755295 -0.215144851291795
0.438441670244705 -1.081170255076234
-0.290271883633464 0.180998644404835
0.438441670244705 0.288467005506653
0.543061449699869 -0.371772153987731
0.209728116366536 -0.685026759379603
-0.008342214450718 0.912286228695578
-0.050915106694380 -0.168675897292497
0.220371339427451 -0.638557805380305
-0.279628660572549 -0.564819392989127
0.573660369499904 -0.680770559047016
0.573660369499904 0.473929979332235
-0.070870803433499 -0.390558807423539
0.097450272103007 0.478106266177308
-0.402549727896993 0.189431131582496
-0.054186374532063 0.524143256351080
0.445813625467937 0.235468121756268
0.488386517711598 0.524143256351080
-0.011613482288402 -0.341882147433358
0.794234156798429 -0.448918544709649
0.608886413040770 -0.674289346658946
-0.348540694715568 -0.170677489860497
0.787102528345348 0.736858382503939
0.287102528345348 0.448183247909126
0.906632164447033 -0.179637144750521
-0.322081389431136 0.793856620135736
-0.050794943309305 0.323974712047927
-0.550794943309305 0.397713124439105
-1.050794943309305 -0.468312279345334
0.817701448145383 0.427859977444654
-0.493496391454687 -0.700724473108874
-0.722209945332856 0.272769291777383
-0.722209945332856 0.850119560967009
-0.722209945332856 -0.304580977412243
-0.187408425597706 0.251278760686861
-0.416121979475875 0.647422256383492
0.566611025532822 -0.056998237631796
-0.733943591006333 0.807873795586487
-1.004082436550040 -0.298469121426787
-0.275368882671871 0.171412786661021
-0.587897471654652 -0.035939670366801
-0.859183917776483 0.648878959924643
0.239356776939085 -0.349674541697332
-0.718070330817254 -0.638349676292145
-0.218070330817254 -0.927024810886958
-0.446783884695423 0.046468953999299
-0.218070330817254 -0.349674541697332
0.010643223060915 -0.530881315190327
0.132473867772799 0.191527928037333
0.361187421650968 0.587671423733964
-0.367526132227201 0.480203062632146
-0.607973331778847 0.041813801554994
-0.836686885657016 0.437957297251625
-0.379259777900678 1.015307566441251
0.120740222099322 0.149282162656812
-0.607973331778847 0.834100792948256
-0.607973331778847 -0.535536467634631
0.797625588021188 0.505613449366449
-0.159801519735150 0.216938314771636
1.026339141899357 -0.467880315519807
0.797625588021188 -0.864023811216438
1.026339141899357 0.109469953669819
-0.631744983546441 0.495739549046961
0.760523059675840 -0.720326336832718
0.260523059675840 -1.009001471427531
0.822569946887343 0.277746898850598
0.551283500765512 0.962565529142041
0.155903280220676 -0.299603370339028
0.217950167432178 -0.720326336832718
-0.010763386445991 -0.324182841136087
0.717950167432178 -0.216714480034269
0.051283500765512 0.673890394547229
0.243559376874200 1.018795458259505
0.743559376874200 0.730120323664692
-0.318487510337303 1.150843290158382
-0.651820843670636 0.573493020968756
0.181512489662697 0.862168155563569
-0.275914618093641 0.284817886373943
0.181512489662697 0.284817886373943
-0.318487510337303 -0.003857248220870
0.286132269117862 0.152770054475067
-0.454435093818859 0.302692310045565
0.045564906181141 0.014017175450752
-0.411862201575197 -0.563333093738874
-0.034921683120225 -0.544898490641079
-0.034921683120225 0.032451778548546
