0.228713553878169 0.973493764886256
-0.271286446121831 0.107468361101818
-0.771286446121831 0.973493764886256
0.728713553878169 0.107468361101818
0.686140661634507 -0.973493764886256
-0.228713553878169 -0.973493764886256
-1.228713553878169 -0.396143495696631
1.414854215512676 0.288675134594813
-0.957427107756338 0.288675134594813
-1.457427107756338 0.000000000000000
1.186140661634507 0.684818630291443
0.457427107756338 0.000000000000000
-0.500000000000000 0.288675134594813
-0.728713553878169 1.262168899481069
-0.728713553878169 0.684818630291443
0.000000000000000 0.000000000000000
0.957427107756338 0.288675134594813
0.124093774423005 1.105541596785133
0.166666666666667 1.130121067582192
0.290760441089671 1.130121067582192
0.333333333333333 1.105541596785133
0.395380220544836 0.998073235683316
0.395380220544836 0.948914294089197
0.333333333333333 0.841445932987379
0.290760441089671 0.816866462190320
0.166666666666667 0.816866462190320
0.124093774423005 0.841445932987379
0.062046887211502 0.948914294089197
0.062046887211502 0.998073235683316
0.228713553878169 1.237589428684010
0.457427107756338 0.841445932987379
0.000000000000000 0.841445932987379
0.186140661634507 1.262168899481069
0.271286446121831 1.262168899481069
0.500000000000000 0.866025403784439
0.457427107756338 0.792286991393261
0.000000000000000 0.792286991393261
-0.042572892243662 0.866025403784439
0.395380220544836 1.262168899481069
0.395380220544836 0.684818630291443
-0.104619779455164 1.237589428684010
0.166666666666667 1.394216731379946
0.290760441089671 1.394216731379946
0.562046887211502 1.237589428684010
0.624093774423005 1.130121067582192
0.624093774423005 0.816866462190320
0.562046887211502 0.709398101088503
0.290760441089671 0.552770798392567
0.166666666666667 0.552770798392567
-0.104619779455164 0.709398101088503
-0.166666666666667 0.816866462190320
-0.166666666666667 1.130121067582192
-0.104619779455164 1.286748370278128
0.000000000000000 1.369637260582887
0.457427107756338 1.369637260582887
0.562046887211502 1.286748370278128
0.666666666666667 1.105541596785133
0.686140661634507 0.973493764886256
0.457427107756338 0.577350269189626
0.333333333333333 0.528191327595508
0.124093774423005 0.528191327595508
0.000000000000000 0.577350269189626
-0.228713553878169 0.973493764886256
-0.209239558910329 1.105541596785133
-0.271286446121831 1.262168899481069
-0.166666666666667 1.394216731379946
0.728713553878169 1.262168899481069
0.790760441089671 1.105541596785133
0.790760441089671 0.841445932987379
0.728713553878169 0.684818630291443
0.624093774423005 0.552770798392567
0.395380220544836 0.420722966493690
0.228713553878169 0.396143495696631
0.062046887211502 0.420722966493690
-0.166666666666667 0.552770798392567
-0.271286446121831 0.684818630291443
-0.333333333333333 0.841445932987379
-0.333333333333333 1.105541596785133
0.833333333333333 0.816866462190320
0.666666666666667 0.528191327595508
-0.209239558910329 0.528191327595508
-0.375906225576995 0.816866462190320
-0.333333333333333 1.418796202177005
0.895380220544836 0.709398101088503
0.790760441089671 0.528191327595508
0.333333333333333 0.264095663797754
0.124093774423005 0.264095663797754
-0.333333333333333 0.528191327595508
-0.437953112788498 0.709398101088503
-0.437953112788498 1.237589428684010
-0.375906225576995 1.394216731379946
0.957427107756338 1.080962125988074
0.957427107756338 0.866025403784439
0.686140661634507 0.396143495696631
0.500000000000000 0.288675134594813
0.290760441089671 0.239516193000695
0.166666666666667 0.239516193000695
-0.042572892243662 0.288675134594813
-0.228713553878169 0.396143495696631
-0.500000000000000 0.866025403784439
-0.500000000000000 1.080962125988074
-0.437953112788498 1.286748370278128
0.957427107756338 1.130121067582192
0.957427107756338 0.816866462190320
0.728713553878169 0.420722966493690
0.457427107756338 0.264095663797754
0.000000000000000 0.264095663797754
-0.271286446121831 0.420722966493690
-0.500000000000000 0.816866462190320
-0.500000000000000 1.130121067582192
1.062046887211503 0.998073235683316
0.852807328301174 0.420722966493690
0.624093774423005 0.239516193000695
-0.166666666666667 0.239516193000695
-0.395380220544836 0.420722966493690
-0.562046887211502 0.709398101088503
-0.604619779455164 0.998073235683316
0.957427107756338 0.552770798392567
-0.500000000000000 0.552770798392567
0.352807328301174 0.132047831898877
0.104619779455164 0.132047831898877
-0.562046887211502 1.286748370278128
1.124093774423005 0.841445932987379
0.790760441089671 0.264095663797754
0.562046887211502 0.132047831898877
-0.104619779455164 0.132047831898877
-0.333333333333333 0.264095663797754
-0.666666666666667 0.841445932987379
-0.666666666666667 1.105541596785133
1.124093774423005 0.528191327595508
1.062046887211503 0.420722966493690
-0.604619779455164 0.420722966493690
-0.666666666666667 0.528191327595508
0.895380220544836 0.132047831898877
0.624093774423005 -0.024579470797059
-0.166666666666667 -0.024579470797059
-0.437953112788498 0.132047831898877
-0.833333333333333 0.816866462190320
-0.833333333333333 1.130121067582192
1.290760441089671 0.552770798392567
1.124093774423005 0.264095663797754
0.395380220544836 -0.156627302695936
0.062046887211502 -0.156627302695936
-0.666666666666667 0.264095663797754
-0.833333333333333 0.552770798392567
1.228713553878169 0.396143495696631
1.019473994967841 0.132047831898877
0.562046887211502 -0.132047831898877
0.228713553878169 -0.181206773492995
-0.104619779455164 -0.132047831898877
-0.562046887211502 0.132047831898877
-0.771286446121831 0.396143495696631
-0.895380220544836 0.709398101088503
0.519473994967840 -0.156627302695936
-0.542572892243662 0.000000000000000
1.395380220544836 0.420722966493690
1.290760441089671 0.239516193000695
1.186140661634507 0.107468361101818
0.500000000000000 -0.288675134594813
-0.042572892243662 -0.288675134594813
-0.728713553878169 0.107468361101818
-0.833333333333333 0.239516193000695
-0.937953112788498 0.420722966493690
-1.000000000000000 0.577350269189626
1.352807328301174 0.132047831898877
1.062046887211503 -0.156627302695936
-0.604619779455164 -0.156627302695936
-1.062046887211502 0.420722966493690
-1.166666666666667 0.816866462190320
0.352807328301174 -0.445302437290749
0.104619779455164 -0.445302437290749
0.957427107756338 -0.288675134594813
0.562046887211502 -0.445302437290749
-0.104619779455164 -0.445302437290749
-0.500000000000000 -0.288675134594813
1.228713553878169 -0.181206773492995
0.728713553878169 -0.469881908087808
-0.271286446121831 -0.469881908087808
-0.771286446121831 -0.181206773492995
-1.271286446121831 0.684818630291443
1.457427107756338 0.000000000000000
0.895380220544836 -0.445302437290749
0.457427107756338 -0.577350269189626
0.000000000000000 -0.577350269189626
-0.437953112788498 -0.445302437290749
-1.000000000000000 -0.000000000000000
-1.228713553878169 0.396143495696631
1.019473994967841 -0.445302437290749
0.395380220544836 -0.733977571885562
0.062046887211502 -0.733977571885562
1.414854215512676 -0.288675134594813
0.728713553878169 -0.684818630291444
0.228713553878169 -0.758557042682621
-0.271286446121831 -0.684818630291444
-0.957427107756338 -0.288675134594813
-1.271286446121831 0.107468361101818
1.352807328301174 -0.445302437290749
-0.895380220544836 -0.445302437290749
0.852807328301174 -0.733977571885562
-0.395380220544836 -0.733977571885562
-1.000000000000000 -0.577350269189626
-0.104619779455164 -1.022652706480375
-0.062046887211502 0.998073235683316
0.562046887211502 0.973493764886256
0.833333333333333 0.239516193000695
-1.000000000000000 0.792286991393261
-0.895380220544836 0.132047831898877
-1.228713553878169 -0.181206773492995
0.062046887211502 1.262168899481069
-0.062046887211502 -0.156627302695936
-0.562046887211502 -0.445302437290749
0.104619779455164 0.709398101088503
1.166666666666667 0.816866462190320
0.771046119351681 -0.951571269970207
-0.383462377835793 -0.930512702705212
-1.167275387507949 -0.458712531541624
-0.775368882671871 -0.694612617123418
-0.477623131265608 -0.199960415214993
0.900128555901721 0.232412193763539
-0.077374411978812 0.021490531090522
-0.748789414002364 0.762572102213239
-0.740447199551646 1.219923134100548
-0.469280916814890 0.257390616672316
0.499879836614925 0.010961247458025
1.197874307307984 0.727064395671965
-1.046535165408627 0.267919900304814
0.202134085208662 -0.483690954450401
1.477382804495458 0.221882910131042
-1.149038133289159 0.541121155907723
0.491537622164207 -0.446389784429285
-0.085716626429530 -0.435860500796788
1.292035060737799 -0.003487891818255
0.628962273164965 1.194944711191772
0.602382804495458 -0.262240008144885
-0.171535165408627 0.752042818580741
-0.198114634078134 -0.705141900755916
1.077134085208661 0.000431963825526
-0.163192950957909 1.209393850468051
-0.189772419627416 -0.247790868868606
0.237055768328887 1.430844796773566
-1.038192950957909 0.725270932192123
0.220371339427451 0.516142732998947
-1.054877379859345 -0.189431131582496
1.469040590044740 -0.235468121756268
0.620620058714247 0.737593679304462
-0.654628660572549 0.032019814723020
0.594040590044740 -0.719591040032195
0.805967802471906 0.962964481253759
0.508222051065643 0.468312279345334
-0.069032197528094 0.478841562977832
1.179637053089194 -0.272769291777383
-0.348540694715568 0.984023048518754
-0.050794943309305 1.478675250427179
-0.103953880648319 -1.435694188246135
0.908470770352439 0.689763225650849
-0.356882909166286 0.526672016631445
-0.869529636101686 0.035939670366801
-0.861187421650968 0.493290702254110
0.107973331778847 0.246861333039818
1.189532092857266 0.269713363784655
-0.366777948934357 -0.015810638930593
-0.340198480264850 1.441374080406064
0.891786341451003 -0.224938838123770
0.193791870757944 -0.941041986337710
1.171294838638476 -0.730120323664692
-0.375120163385075 -0.473161670817903
-0.451043662596101 1.257224304121664
-1.344280916814890 -0.226732301603611
0.322874307307984 0.242941477396037
-0.757131628453081 0.305221070325929
0.271286446121831 0.684818630291444
-0.228713553878169 -0.181206773492995
-0.271286446121831 -1.262168899481069
-0.790760441089671 0.841445932987380
-0.624093774423005 0.816866462190320
-0.562046887211502 0.660239159494384
-0.624093774423005 0.552770798392567
-0.790760441089671 0.528191327595507
-0.895380220544836 0.660239159494384
-0.728713553878169 0.948914294089197
-0.957427107756338 0.552770798392567
-0.686140661634507 0.973493764886256
-0.457427107756338 0.577350269189626
-0.500000000000000 0.503611856798448
-0.957427107756338 0.503611856798448
-0.562046887211502 0.973493764886256
-0.562046887211502 0.396143495696631
-1.062046887211502 0.948914294089197
-0.790760441089671 1.105541596785133
-0.395380220544836 0.948914294089197
-0.790760441089671 0.264095663797754
-1.124093774423005 0.528191327595507
-1.124093774423005 0.841445932987380
-1.062046887211502 0.998073235683316
-0.957427107756338 1.080962125988074
-0.395380220544836 0.998073235683316
-0.290760441089671 0.816866462190320
-0.624093774423005 0.239516193000695
-1.186140661634507 0.684818630291444
-0.562046887211502 1.237589428684010
-1.124093774423005 0.264095663797754
-1.290760441089672 0.552770798392567
-0.124093774423005 0.528191327595507
-0.290760441089671 0.239516193000695
-1.166666666666667 0.239516193000695
-1.333333333333333 0.528191327595507
-0.062046887211502 0.948914294089197
-0.062046887211502 0.420722966493690
-0.624093774423005 -0.024579470797059
-0.833333333333333 -0.024579470797059
-1.290760441089672 0.239516193000695
-1.395380220544836 0.420722966493690
-0.457427107756338 1.369637260582887
-0.124093774423005 1.105541596785133
-0.457427107756338 0.000000000000000
-0.666666666666667 -0.049158941594118
-0.790760441089671 -0.049158941594118
-1.186140661634507 0.107468361101818
-0.500000000000000 1.394216731379946
-0.228713553878169 1.237589428684010
0.000000000000000 0.528191327595507
-0.228713553878169 0.132047831898877
-0.500000000000000 -0.024579470797059
-0.957427107756338 -0.024579470797059
-1.228713553878169 0.132047831898877
-0.290760441089671 1.394216731379946
-0.333333333333333 -0.049158941594118
-1.124093774423005 -0.049158941594118
-1.352807328301174 0.132047831898877
-1.457427107756338 0.264095663797754
-0.062046887211502 1.213009957886951
-0.852807328301174 -0.156627302695936
-0.395380220544836 -0.156627302695936
-1.062046887211502 -0.156627302695936
-1.290760441089672 -0.024579470797059
-0.333333333333333 -0.313254605391872
-1.124093774423005 -0.313254605391872
-1.395380220544836 -0.156627302695936
0.166666666666667 -0.024579470797059
0.271286446121831 0.107468361101818
-0.395380220544836 -0.420722966493690
-0.728713553878169 -0.469881908087808
-1.062046887211502 -0.420722966493690
0.500000000000000 1.080962125988074
0.437953112788498 0.132047831898877
0.333333333333333 -0.049158941594118
-0.457427107756338 -0.577350269189626
-0.604619779455164 -0.733977571885562
-0.852807328301174 -0.733977571885562
-1.062046887211502 -0.733977571885562
0.771286446121831 0.973493764886256
0.771286446121831 0.396143495696631
0.271286446121831 -0.469881908087808
-0.228713553878169 -0.758557042682621
-1.228713553878169 -0.758557042682621
-0.062046887211502 -0.733977571885562
-0.500000000000000 -0.866025403784438
-0.957427107756338 -0.866025403784439
-0.562046887211502 -1.022652706480375
-0.895380220544836 -1.022652706480375
0.771286446121831 -0.181206773492995
-0.728713553878169 -1.047232177277434
1.000000000000000 0.000000000000000
0.500000000000000 -0.866025403784438
-1.019473994967840 0.709398101088503
-0.395380220544836 0.684818630291444
-0.124093774423005 -0.049158941594118
-0.895380220544836 0.973493764886256
-1.019473994967840 -0.445302437290749
-0.852807328301174 0.420722966493690
0.209239558910329 0.528191327595507
1.209607952981460 0.191959891862860
0.614116450168934 -0.797344511953990
-0.186380988404658 -1.240246404565020
1.217950167432178 0.649310923750169
0.640695918838442 0.659840207382667
0.248789414002364 0.895740292964461
-0.057298551854617 -0.056262940831273
-1.034801519735150 -0.267184603504291
-1.426708024571228 -0.031284517922497
-0.457547271141413 -0.277713887136788
0.240447199551646 0.438389261077152
-0.030719083185110 1.400921778505384
0.546535165408627 1.390392494872886
-0.755293022547676 -0.772366089045214
0.519955696739119 -0.066792224463771
-0.465889485592131 -0.735064919024098
-1.043143734185868 -0.724535635391600
0.334607952981461 -0.292163026413067
-0.328464834591373 0.906269576596959
-0.355044303260881 -0.550915142739698
0.920204416025916 0.154658721841744
-1.128962273164965 0.463367683985928
0.119706977452324 -0.288243170769286
-1.120620058714247 0.920718715873238
-1.147199527383754 -0.536466003463419
-0.720371339427451 1.142169662178753
0.528297911189837 0.390558807423539
-0.737055768328887 0.227467598404134
0.538192950957909 0.933041462985577
0.511613482288402 -0.524143256351080
-0.336807049042091 0.448918544709649
0.938441670244705 1.154492409291092
-0.363386517711598 -1.008266174627007
-0.151459305284432 0.674289346658946
-0.449205056690695 0.179637144750521
-1.026459305284432 0.190166428383019
0.222209945332856 -0.561444426372196
-1.305967802471906 0.695347913923941
-0.430967802471906 1.179470832199868
-0.048956337403899 0.401088091056036
-0.039061297635828 0.943570746618074
-1.314310016922624 0.237996882036632
0.649038133289159 1.117191239269977
1.191370698762671 -0.807873795586487
0.632353704387723 0.202489175495358
-0.849453775977491 -0.041813801554994
0.232104985100928 -0.018961770810158
0.425794943309305 0.663760063026448
-1.324205056690695 -0.304485773525406
-0.065640766305335 -0.513613972718583
-0.763635236998394 -1.229717120932523
0.213867730882138 -1.018795458259505
0.911862201575197 -0.302692310045565
-0.634552800448354 -0.045733657198775
0.042572892243662 -0.288675134594813
-0.457427107756338 -1.154700538379251
0.957427107756338 -0.866025403784439
0.228713553878169 -0.973493764886256
0.728713553878169 -1.262168899481069
-0.728713553878169 -1.262168899481069
-1.019473994967840 -0.132047831898877
-0.895380220544836 -0.132047831898877
-0.790760441089671 -0.264095663797754
-0.790760441089671 -0.313254605391872
-0.852807328301174 -0.420722966493690
-1.124093774423005 -0.264095663797754
-0.728713553878169 -0.420722966493690
-1.186140661634507 -0.420722966493690
-0.914854215512676 0.000000000000000
-0.686140661634507 -0.396143495696631
-1.186140661634507 -0.469881908087808
-0.790760441089671 0.000000000000000
-0.790760441089671 -0.577350269189626
-1.019473994967840 0.132047831898877
-0.562046887211502 -0.132047831898877
-0.624093774423005 -0.552770798392567
-0.895380220544836 -0.709398101088503
-1.019473994967840 -0.709398101088503
-1.290760441089671 -0.552770798392567
-1.352807328301174 -0.445302437290749
-1.352807328301174 -0.132047831898877
-1.290760441089671 0.024579470797059
-0.624093774423005 0.024579470797059
-0.519473994967840 -0.156627302695936
-0.728713553878169 -0.684818630291444
-1.186140661634507 -0.684818630291444
-1.414854215512676 -0.288675134594813
-0.562046887211502 -0.709398101088503
-0.790760441089671 -0.841445932987380
-1.124093774423005 -0.841445932987380
-1.124093774423005 0.313254605391872
-0.790760441089671 0.313254605391872
-0.352807328301174 -0.445302437290749
-0.519473994967840 -0.733977571885562
-0.395380220544836 0.156627302695936
-0.290760441089671 -0.024579470797059
-0.290760441089671 -0.552770798392567
-0.852807328301174 -0.998073235683316
-1.062046887211502 -0.998073235683316
-1.414854215512676 0.288675134594813
-0.686140661634507 0.396143495696631
-0.352807328301174 0.132047831898877
-0.290760441089671 0.024579470797059
-0.228713553878169 -0.396143495696631
-0.686140661634507 -0.973493764886256
-1.019473994967840 -1.022652706480375
-1.186140661634507 0.420722966493690
-0.728713553878169 0.420722966493690
-0.457427107756338 0.264095663797754
-0.228713553878169 -0.132047831898877
-0.228713553878169 -0.445302437290749
-0.457427107756338 -0.841445932987380
-0.728713553878169 -0.998073235683316
-0.519473994967840 0.420722966493690
-0.124093774423005 -0.264095663797754
-0.333333333333333 -0.841445932987380
-0.228713553878169 -0.709398101088503
-0.166666666666667 0.024579470797059
-0.833333333333333 -1.130121067582192
-0.062046887211502 -0.420722966493690
-0.395380220544836 -0.998073235683316
-0.624093774423005 -1.130121067582192
-0.124093774423005 -0.841445932987380
-0.290760441089671 0.552770798392566
0.104619779455164 -0.132047831898877
-0.290760441089671 -1.130121067582192
-0.562046887211502 -1.286748370278128
0.104619779455164 -0.709398101088503
-0.062046887211502 -0.998073235683316
-0.957427107756338 0.866025403784439
0.042572892243662 0.288675134594813
0.166666666666667 -0.552770798392567
0.042572892243662 -0.866025403784439
-0.166666666666667 -1.130121067582192
-0.852807328301174 0.998073235683316
0.271286446121831 -0.684818630291444
0.209239558910329 -0.841445932987380
0.104619779455164 -1.022652706480375
0.000000000000000 -1.154700538379251
0.437953112788498 -0.445302437290749
0.333333333333333 -0.841445932987380
0.166666666666667 -1.130121067582192
-0.124093774423005 -1.418796202177005
0.333333333333333 0.313254605391872
-0.457427107756338 1.154700538379252
0.042572892243662 0.866025403784439
0.542572892243662 0.000000000000000
0.542572892243662 -0.577350269189626
0.042572892243662 -1.443375672974065
0.604619779455164 -0.156627302695936
0.271286446121831 -1.262168899481069
0.437953112788498 0.709398101088502
0.604619779455164 0.420722966493690
0.542572892243662 0.577350269189626
0.542572892243662 -1.154700538379251
0.833333333333333 -0.552770798392567
0.209239558910329 1.105541596785133
0.833333333333333 0.024579470797059
0.771286446121831 -0.973493764886256
1.000000000000000 -0.577350269189626
-1.248187548846009 -0.264095663797754
-0.624093774423005 -0.288675134594813
-0.352807328301174 -1.022652706480375
-1.124093774423005 0.000000000000000
-0.624093774423005 0.601929739986685
-1.081520882179343 -0.552770798392567
-0.019473994967841 -0.445302437290749
0.833333333333333 -1.130121067582192
-1.290760441089671 0.601929739986685
0.438561833629780 1.143531161833067
0.997578828004728 0.133168190751222
0.980894399103291 -0.781533873023396
0.989236613554009 -0.324182841136087
0.411982364960273 -0.313653557503589
-0.651339141899357 0.663328099200921
0.020075860124195 -0.077753471921795
-0.286012105732786 -1.029756705717530
-1.228593390493094 0.673857382833419
-0.686260825019582 -1.251207652023045
0.011733645673477 -0.535104503809105
-0.259432637063279 0.427428013619127
0.317821611530458 0.416898729986630
-0.930847639086831 1.168509584741844
0.291242142860950 -1.040285989350027
0.140816082223517 0.648878959924643
-0.642996927448639 1.120679131088231
0.105894399103291 -1.265656791299324
-0.557178388469542 -0.067224188289298
-0.530598919800035 1.389960531047359
0.691490862147746 -0.818835043044512
-1.357675827043134 -0.510126080900328
-0.109006576425846 -1.261736935655543
-1.349333612592416 -0.052775049013019
-0.074084893305620 0.652798815568424
-0.949084893305620 0.168675897292497
0.326163825981176 0.874249761873939
0.299584357311668 -0.582934957462718
-0.965769322207056 -0.746026166482122
0.309479397079740 -0.040452301900680
-0.565520602920260 -0.524575220176607
0.709728116366536 0.180998644404835
-0.538941134250753 0.932609499160050
-0.380172859162601 -0.299204418227311
-0.353593390493094 1.157980301109346
-0.677918610568864 -0.793856620135736
-1.255172859162601 -0.783327336503238
1.295324579410991 0.627820392659647
-1.236935604943812 0.216506350946110
-0.659681356350075 0.205977067313612
-1.051587861186153 0.441877152895406
-0.277669891282069 -0.572405673830220
-0.267774851513997 -0.029923018268182
0.420324579410990 0.143697474383720
0.403640150509554 -0.771004589390899
0.046655328793702 1.379431247414862
-0.251090422612561 0.884779045506437
0.718070330817254 0.638349676292145
-1.078167329855660 -1.015307566441251
0.003391431222759 -0.992455535696414
0.197081389431136 -0.309733701859808
0.038313114342984 0.922080215527552
-0.828344671206298 0.895308329138935
0.683148647697028 -1.276186074931821
0.895075860124195 0.406369446354132
-0.863266354326523 -1.019227422085032
-0.437953112788498 -1.022652706480375
-0.937953112788498 -0.156627302695936
0.562046887211502 -1.022652706480375
0.062046887211502 1.213009957886951
0.290760441089671 -1.130121067582192
-0.666666666666667 -0.841445932987380
0.790760441089671 -0.841445932987380
-0.042572892243662 -0.024579470797059
0.124093774423005 0.000000000000000
0.228713553878169 -0.132047831898877
0.166666666666667 -0.288675134594813
0.124093774423005 -0.313254605391872
0.000000000000000 -0.313254605391872
-0.104619779455164 -0.181206773492995
0.062046887211502 0.107468361101818
0.290760441089671 -0.288675134594813
-0.166666666666667 -0.288675134594813
0.019473994967840 0.132047831898877
0.333333333333333 -0.264095663797754
0.290760441089671 -0.337834076188931
-0.166666666666667 -0.337834076188931
-0.209239558910329 -0.264095663797754
0.228713553878169 0.132047831898877
0.228713553878169 -0.445302437290749
0.395380220544836 0.107468361101818
0.457427107756338 -0.313254605391872
0.395380220544836 -0.420722966493690
0.124093774423005 -0.577350269189626
-0.271286446121831 -0.420722966493690
-0.333333333333333 0.000000000000000
-0.271286446121831 0.156627302695936
0.395380220544836 0.156627302695936
0.500000000000000 -0.024579470797059
0.290760441089671 -0.552770798392567
0.166666666666667 -0.601929739986685
-0.042572892243662 -0.601929739986685
-0.166666666666667 -0.552770798392567
-0.375906225576995 -0.024579470797059
-0.104619779455164 0.396143495696631
0.624093774423005 -0.288675134594813
0.228713553878169 -0.709398101088503
-0.104619779455164 -0.709398101088503
-0.333333333333333 -0.577350269189626
-0.104619779455164 0.445302437290749
0.228713553878169 0.445302437290749
0.666666666666667 -0.313254605391872
0.500000000000000 -0.601929739986685
-0.375906225576995 -0.601929739986685
-0.542572892243662 -0.313254605391872
-0.042572892243662 0.552770798392567
0.624093774423005 0.288675134594813
0.728713553878169 -0.420722966493690
0.624093774423005 -0.601929739986685
0.166666666666667 -0.866025403784439
-0.042572892243662 -0.866025403784439
-0.500000000000000 -0.601929739986685
-0.604619779455164 -0.420722966493690
-0.604619779455164 0.107468361101818
-0.542572892243662 0.264095663797754
0.519473994967841 0.420722966493690
0.666666666666667 0.264095663797754
0.728713553878169 0.156627302695936
0.790760441089671 -0.049158941594118
0.790760441089671 -0.264095663797754
0.519473994967841 -0.733977571885562
0.124093774423005 -0.890604874581498
0.000000000000000 -0.890604874581498
-0.209239558910329 -0.841445932987380
-0.666666666666667 -0.264095663797754
-0.604619779455164 0.156627302695936
-0.437953112788498 0.396143495696631
0.562046887211502 0.396143495696631
0.790760441089671 0.000000000000000
0.790760441089671 -0.313254605391872
0.562046887211502 -0.709398101088503
0.290760441089671 -0.866025403784439
-0.166666666666667 -0.866025403784439
-0.437953112788498 -0.709398101088503
-0.666666666666667 -0.313254605391872
-0.666666666666667 0.000000000000000
-0.375906225576995 0.552770798392567
-0.104619779455164 0.660239159494384
0.500000000000000 0.552770798392567
0.895380220544836 -0.132047831898877
0.686140661634507 -0.709398101088503
0.457427107756338 -0.890604874581498
-0.333333333333333 -0.890604874581498
-0.771286446121831 -0.132047831898877
0.062046887211502 0.684818630291443
0.790760441089671 -0.577350269189626
-0.666666666666667 -0.577350269189626
-0.604619779455164 0.371564024899572
0.728713553878169 0.371564024899572
0.852807328301174 0.156627302695936
0.186140661634507 -0.998073235683316
-0.728713553878169 0.156627302695936
0.957427107756338 -0.024579470797059
0.624093774423005 -0.866025403784439
0.395380220544836 -0.998073235683316
-0.271286446121831 -0.998073235683316
-0.833333333333333 -0.288675134594813
0.957427107756338 -0.601929739986685
0.895380220544836 -0.709398101088503
-0.771286446121831 -0.709398101088503
-0.833333333333333 -0.601929739986685
-0.604619779455164 0.684818630291443
1.124093774423005 0.000000000000000
1.124093774423005 -0.313254605391872
0.728713553878169 -0.998073235683316
0.457427107756338 -1.154700538379251
-0.333333333333333 -1.154700538379251
-0.604619779455164 -0.998073235683316
-1.000000000000000 -0.313254605391872
-0.104619779455164 0.973493764886256
1.124093774423005 -0.577350269189626
0.228713553878169 -1.286748370278128
-0.104619779455164 -1.286748370278128
-0.833333333333333 -0.866025403784439
-1.000000000000000 0.264095663797754
-0.271286446121831 0.948914294089197
0.852807328301174 0.684818630291443
1.186140661634507 -0.420722966493690
1.062046887211502 -0.733977571885562
0.852807328301174 -0.998073235683316
0.395380220544836 -1.262168899481069
0.062046887211502 -1.311327841075188
-0.937953112788498 -0.733977571885562
-1.062046887211503 0.107468361101818
0.352807328301174 -1.286748370278128
-1.062046887211503 0.156627302695936
-0.709239558910329 -1.130121067582192
-0.042572892243662 1.130121067582192
1.019473994967840 0.709398101088503
1.290760441089671 -0.552770798392567
1.228713553878169 -0.709398101088503
1.124093774423005 -0.890604874581498
1.019473994967840 -1.022652706480375
0.333333333333333 -1.418796202177005
-0.209239558910329 -1.418796202177005
-1.000000000000000 -0.890604874581498
-1.104619779455164 -0.709398101088503
-1.166666666666667 -0.552770798392567
1.457427107756338 -0.313254605391872
-1.228713553878169 -0.709398101088503
-1.333333333333333 -0.313254605391872
-1.104619779455164 0.660239159494384
1.228713553878169 0.660239159494384
1.352807328301174 0.445302437290749
-1.228713553878169 0.445302437290749
-1.000000000000000 0.841445932987379
1.457427107756338 0.264095663797754
-1.333333333333333 0.264095663797754
-0.937953112788498 0.998073235683316
-1.437953112788498 0.132047831898877
0.666666666666667 -0.890604874581498
-0.771286446121831 0.660239159494384
-1.166666666666667 -0.337834076188931
-0.771286446121831 1.237589428684010
0.395380220544836 0.733977571885562
-0.228713553878169 -1.286748370278128
1.000000000000000 -0.313254605391872
-0.271286446121831 0.733977571885562
-0.601025900361331 1.041805300314090
1.431456359928113 -0.181605725604712
-0.644289797932274 -1.330081482797186
-0.609368114812049 0.584454268426781
0.368134853068483 0.795375931099798
1.039549855092035 0.054294359977082
0.733461889235054 -0.897708873818653
-0.244041078645479 -1.108630536491670
-0.915456080669030 -0.367548965368954
-0.209119395525253 0.805905214732296
-0.907113866218312 0.089802066518356
-0.635947583481556 -0.872730450909876
0.333213169948258 -1.119159820124168
1.031207640641317 -0.403056671910228
0.760041357904561 0.559475845518004
-1.307362585505108 -0.131648879787160
1.337295606498298 0.548946561885506
0.088626355881010 1.300557416640721
-1.186622363405786 0.594983552059278
-1.213201832075294 -0.862201167277378
-1.315704799955826 -0.588999911674469
1.160290077191357 0.780926791823520
-1.001274619648127 0.820354354008575
-1.299020371054390 0.325702152100150
0.376477067519201 1.252726962987108
0.462295606498298 0.064823643609579
-0.786373644118990 0.816434498364794
0.435716137828791 -1.392361075727077
-0.338201832075293 -0.378078249001451
-0.311622363405786 1.079106470335206
0.910467418541995 -1.129689103756666
-0.329859617624576 0.079272782885858
0.945389101662220 0.784846647467301
-0.356439086294083 -1.377911936450799
0.070389101662220 0.300723729191373
-1.204859617624576 -0.404850135390069
1.319058352279509 -0.450887125563841
0.053704672760784 -0.613978334583246
1.328953392047580 0.091595529998197
-1.194964577856504 0.137632520171969
0.453953392047580 -0.392527388277730
0.480532860717088 1.064657331058927
-0.821295327239216 -1.098101252859173
0.639301135805239 -0.167156586328434
0.665880604474747 1.290028133008223
0.341555384398976 -0.661808788236859
-0.235698864194761 -0.651279504604361
-1.484368114812049 0.100331350150854
-0.515207361382234 -0.146098019063438
-0.217461609975971 0.348554182844987
0.359792638617766 0.338024899212489
-0.032113866218312 0.573924984794283
0.741804103685772 -0.440357841931343
0.751699143453843 0.102124813630695
-0.523549575832952 -0.603449050950748
-0.200777181074535 1.263256246619606
1.439798574378831 0.275745306282597
0.768383572355279 1.016826877405314
-1.027854088317635 -0.636830365328082
-0.058693334887820 -0.883259734542374
1.022865426190599 -0.860407703797537
1.216555384398976 -0.177685869960931
-0.533444615601024 -1.145931706512786
-0.496970107163445 0.853735668385909
1.057787109310824 1.054128047426429
-0.506865146931516 0.311253012823871
0.191129323761542 1.027356161037812
-0.617710329262767 0.127103236539471
-0.488627892712727 1.311086700273219
0.156207640641317 -0.887179590186155
-0.923798295119748 -0.824899997256263
-0.604619779455164 0.733977571885562
-1.104619779455164 -0.132047831898877
1.081520882179343 -0.816866462190320
0.852807328301174 -0.420722966493690
0.124093774423005 -1.105541596785133
-0.833333333333333 -0.816866462190320
-0.333333333333333 -1.105541596785133
0.624093774423005 -0.816866462190320
-0.209239558910329 0.000000000000000
-0.042572892243662 0.024579470797059
0.062046887211502 -0.107468361101818
0.000000000000000 -0.264095663797754
-0.271286446121831 -0.156627302695936
-0.271286446121831 -0.107468361101818
0.124093774423005 -0.264095663797754
-0.333333333333333 -0.264095663797754
-0.147192671698826 0.156627302695936
-0.062046887211502 0.156627302695936
0.166666666666667 -0.239516193000695
-0.375906225576995 -0.239516193000695
0.062046887211502 0.156627302695936
0.062046887211502 -0.420722966493690
-0.166666666666667 0.288675134594813
0.290760441089671 0.024579470797059
0.228713553878169 -0.396143495696631
-0.042572892243662 -0.552770798392567
-0.437953112788498 -0.396143495696631
-0.500000000000000 0.024579470797059
-0.437953112788498 0.181206773492995
0.228713553878169 0.181206773492995
0.333333333333333 0.000000000000000
0.352807328301174 -0.132047831898877
0.124093774423005 -0.528191327595508
-0.209239558910329 -0.577350269189626
-0.333333333333333 -0.528191327595508
0.290760441089671 0.288675134594813
0.457427107756338 -0.264095663797754
0.062046887211502 -0.684818630291444
-0.500000000000000 -0.552770798392567
-0.271286446121831 0.469881908087808
0.062046887211502 0.469881908087808
0.333333333333333 -0.577350269189626
-0.542572892243662 -0.577350269189626
-0.709239558910329 -0.288675134594813
-0.666666666666667 0.313254605391872
-0.209239558910329 0.577350269189626
0.457427107756338 0.313254605391872
0.562046887211502 -0.396143495696631
0.000000000000000 -0.841445932987380
-0.771286446121831 -0.396143495696631
-0.771286446121831 0.132047831898877
-0.709239558910329 0.288675134594813
-0.562046887211502 0.445302437290749
0.352807328301174 0.445302437290749
0.562046887211502 0.181206773492995
0.624093774423005 -0.239516193000695
0.352807328301174 -0.709398101088503
0.166666666666667 -0.816866462190320
-0.375906225576995 -0.816866462190320
-0.833333333333333 -0.239516193000695
-0.771286446121831 0.181206773492995
-0.333333333333333 0.577350269189626
0.124093774423005 0.577350269189626
0.624093774423005 0.024579470797059
0.395380220544836 -0.684818630291444
0.124093774423005 -0.841445932987380
-0.604619779455164 -0.684818630291444
-0.833333333333333 0.024579470797059
-0.542572892243662 0.577350269189626
0.333333333333333 0.577350269189626
0.728713553878169 -0.107468361101818
0.519473994967840 -0.684818630291444
-0.895380220544836 -0.396143495696631
-0.937953112788498 -0.107468361101818
0.624093774423005 -0.552770798392567
-0.833333333333333 -0.552770798392567
0.686140661634507 0.181206773492995
0.019473994967840 -0.973493764886256
-0.895380220544836 0.181206773492995
-0.666666666666667 0.577350269189626
0.228713553878169 0.709398101088503
0.457427107756338 -0.841445932987380
-0.437953112788498 -0.973493764886256
-1.000000000000000 -0.264095663797754
-0.166666666666667 0.866025403784438
-0.937953112788498 -0.684818630291444
-0.771286446121831 0.709398101088503
0.290760441089671 0.866025403784438
0.957427107756338 0.024579470797059
0.562046887211502 -0.973493764886256
-0.500000000000000 -1.130121067582192
-0.771286446121831 -0.973493764886256
-1.166666666666667 -0.288675134594813
-1.166666666666667 0.024579470797059
-0.271286446121831 0.998073235683316
0.790760441089671 0.577350269189626
0.957427107756338 -0.552770798392567
0.062046887211502 -1.262168899481069
-1.000000000000000 -0.841445932987380
-1.166666666666667 0.288675134594813
-1.104619779455164 0.445302437290749
-0.437953112788498 0.973493764886256
-0.104619779455164 1.022652706480375
0.686140661634507 0.709398101088503
0.895380220544836 0.445302437290749
1.019473994967841 -0.396143495696631
0.228713553878169 -1.237589428684010
-0.437953112788498 -1.237589428684010
-0.895380220544836 -0.973493764886256
0.186140661634507 -1.262168899481069
-1.228713553878169 0.181206773492995
-0.875906225576995 -1.105541596785133
-1.062046887211502 0.733977571885562
-0.375906225576995 1.130121067582192
-0.209239558910329 1.154700538379251
0.000000000000000 1.154700538379251
0.852807328301174 0.733977571885562
1.124093774423005 -0.528191327595508
1.062046887211503 -0.684818630291444
0.166666666666667 -1.394216731379946
-0.375906225576995 -1.394216731379946
-1.166666666666667 -0.866025403784439
-1.271286446121831 -0.684818630291444
-1.333333333333333 -0.528191327595508
-0.666666666666667 1.154700538379251
0.457427107756338 1.154700538379251
1.290760441089672 -0.288675134594813
1.186140661634507 -0.684818630291444
1.019473994967841 -0.973493764886256
1.062046887211503 0.684818630291444
1.186140661634507 0.469881908087808
-1.395380220544836 0.469881908087808
-1.166666666666667 0.866025403784438
1.290760441089672 0.288675134594813
1.352807328301174 -0.132047831898877
-0.604619779455164 1.311327841075188
0.395380220544836 1.311327841075188
0.895380220544836 1.022652706480375
1.395380220544836 0.156627302695936
1.395380220544836 -0.420722966493690
0.124093774423005 1.418796202177005
0.790760441089671 1.154700538379251
-0.395380220544836 -0.107468361101818
-0.937953112788498 0.684818630291444
0.228713553878169 0.758557042682621
-0.395380220544836 -1.262168899481069
0.833333333333333 -0.288675134594813
-0.437953112788498 0.758557042682621
-0.767692567027998 1.066384771111149
1.264789693261446 -0.157026254807653
-0.776034781478716 0.609033739223840
0.201468186401817 0.819955401896857
0.872883188425368 0.078873830774141
0.566795222568387 -0.873129403021594
-0.410707745312145 -1.084051065694611
-1.082122747335697 -0.342969494571895
-0.375786062191920 0.830484685529355
-1.073780532884979 0.114381537315415
-0.802614250148223 -0.848150980112817
0.166546503281591 -1.094580349327109
0.864540973974650 -0.378477201113169
0.593374691237895 0.584055316315063
-1.474029252171775 -0.107069408990100
1.170628939831632 0.573526032682566
-0.078040310785657 1.325136887437780
-1.353289030072453 0.619563022856337
1.144049471162124 -0.883658686654091
0.993623410524690 0.805506262620579
-1.167941286314794 0.844933824805634
0.209810400852535 1.277306433784167
0.958701727404465 -1.109029488603388
0.295628939831632 0.089403114406638
-0.953040310785657 0.841013969161853
0.269049471162124 -1.367781604930018
-0.504868498741960 -0.353498778204392
-0.478289030072453 1.103685941132265
0.743800751875328 -1.105109632959607
-0.496526284291242 0.103852253682917
0.778722434995554 0.809426118264360
-0.523105752960750 -1.353332465653740
-0.096277565004446 0.325303199988433
-1.371526284291242 -0.380270664593010
1.152391685612842 -0.426307654766782
-0.112961993905882 -0.589398863786186
1.162286725380914 0.116175000795256
-1.361631244523171 0.162211990969028
0.287286725380914 -0.367947917480671
0.313866194050421 1.089236801855986
-0.987961993905882 -1.073521782062113
0.472634469138573 -0.142577115531375
0.499213937808080 1.314607603805282
0.174888717732309 -0.637229317439799
-0.402365530861427 -0.626700033807302
-0.681874028048901 -0.121518548266379
-0.384128276642638 0.373133653642046
0.193125971951099 0.362604370009548
-0.198780532884979 0.598504455591342
0.575137437019105 -0.415778371134284
0.585032476787177 0.126704284427754
-0.690216242499619 -0.578869580153689
-0.367443847741202 1.287835717416665
1.273131907712164 0.300324777079656
1.256447478810728 -0.614377286694963
0.601716905688613 1.041406348202373
-1.194520754984301 -0.612250894531023
-0.225360001554486 -0.858680263745315
0.856198759523933 -0.835828233000478
1.049888717732310 -0.153106399163872
-0.700111282267691 -1.121352235715727
-0.663636773830112 0.878315139182968
0.891120442644158 1.078707518223488
-0.673531813598183 0.335832483620930
0.024462657094876 1.051935631834871
0.558453008117669 -1.330480434908903
-0.784376995929434 0.151682707336530
-0.655294559379394 1.335666171070278
-0.010459026025350 -0.862600119389096
-1.090464961786415 -0.800320526459204
-0.666666666666667 0.890604874581498
0.333333333333333 0.890604874581498
1.019473994967840 -0.660239159494384
0.062046887211502 -0.948914294089197
-0.895380220544836 -0.660239159494384
-0.395380220544836 -0.948914294089197
0.562046887211502 -0.660239159494384
0.790760441089671 0.313254605391872
-0.228713553878169 0.181206773492995
-0.104619779455164 0.181206773492995
0.000000000000000 0.049158941594118
-0.062046887211502 -0.107468361101818
-0.333333333333333 0.049158941594118
-0.209239558910329 0.313254605391872
-0.124093774423005 0.313254605391872
0.104619779455164 -0.082888890304759
-0.437953112788498 -0.082888890304759
0.000000000000000 0.313254605391872
-0.228713553878169 0.445302437290749
0.166666666666667 0.288675134594813
-0.104619779455164 -0.396143495696631
-0.500000000000000 -0.239516193000695
-0.562046887211502 0.181206773492995
-0.500000000000000 0.337834076188931
0.166666666666667 0.337834076188931
0.271286446121831 0.156627302695936
0.062046887211502 -0.371564024899572
-0.395380220544836 -0.371564024899572
-0.166666666666667 0.601929739986685
0.395380220544836 -0.107468361101818
0.000000000000000 -0.528191327595507
-0.562046887211502 -0.396143495696631
-0.728713553878169 -0.107468361101818
-0.333333333333333 0.626509210783744
0.000000000000000 0.626509210783744
0.437953112788498 -0.132047831898877
0.271286446121831 -0.420722966493690
-0.728713553878169 0.469881908087808
-0.062046887211502 0.733977571885562
0.395380220544836 0.469881908087808
0.500000000000000 -0.239516193000695
-0.062046887211502 -0.684818630291444
-0.833333333333333 0.288675134594813
-0.771286446121831 0.445302437290749
0.290760441089671 0.601929739986685
0.437953112788498 0.445302437290749
0.500000000000000 0.337834076188931
0.562046887211502 -0.082888890304759
0.104619779455164 -0.660239159494384
-0.437953112788498 -0.660239159494384
-0.895380220544836 -0.082888890304759
-0.833333333333333 0.337834076188931
-0.395380220544836 0.733977571885562
0.062046887211502 0.733977571885562
0.333333333333333 -0.528191327595507
-0.395380220544836 -0.684818630291444
-0.666666666666667 -0.528191327595507
0.271286446121831 0.733977571885562
0.666666666666667 0.049158941594118
0.457427107756338 -0.528191327595507
-0.790760441089671 -0.528191327595507
-0.957427107756338 -0.239516193000695
-1.000000000000000 0.049158941594118
0.624093774423005 0.337834076188931
-0.042572892243662 -0.816866462190320
-0.290760441089671 -0.816866462190320
-0.957427107756338 0.337834076188931
-0.728713553878169 0.733977571885562
0.166666666666667 0.866025403784439
-0.500000000000000 -0.816866462190320
-1.062046887211502 -0.107468361101818
-0.228713553878169 1.022652706480375
0.666666666666667 -0.528191327595507
-1.000000000000000 -0.528191327595507
-0.833333333333333 0.866025403784439
-0.562046887211502 1.022652706480375
0.228713553878169 1.022652706480375
0.895380220544836 0.181206773492995
0.500000000000000 -0.816866462190320
-0.562046887211502 -0.973493764886256
-1.228713553878169 -0.132047831898877
-0.333333333333333 1.154700538379251
0.728713553878169 0.733977571885562
0.895380220544836 -0.396143495696631
0.000000000000000 -1.105541596785133
-1.062046887211502 -0.684818630291444
-1.166666666666667 0.601929739986685
-0.166666666666667 1.179280009176311
0.624093774423005 0.866025403784439
0.833333333333333 0.601929739986685
0.957427107756338 -0.239516193000695
0.166666666666667 -1.080962125988074
-0.500000000000000 -1.080962125988074
-0.957427107756338 -0.816866462190320
-1.290760441089672 -0.239516193000695
-1.290760441089672 0.288675134594813
-1.290760441089672 0.337834076188931
-0.937953112788498 -0.948914294089197
-1.124093774423005 0.890604874581498
-0.271286446121831 1.311327841075187
-0.062046887211502 1.311327841075187
0.104619779455164 1.286748370278128
0.790760441089671 0.890604874581498
1.062046887211502 -0.371564024899572
1.000000000000000 -0.528191327595507
0.104619779455164 -1.237589428684010
-1.395380220544836 -0.371564024899572
1.228713553878169 -0.132047831898877
0.957427107756338 -0.816866462190320
0.666666666666667 -1.105541596785133
-1.000000000000000 -1.105541596785133
1.000000000000000 0.841445932987380
1.124093774423005 0.626509210783744
-0.042572892243662 -1.394216731379946
-0.290760441089671 -1.394216731379946
1.228713553878169 0.445302437290749
1.290760441089671 0.024579470797059
0.562046887211502 -1.237589428684010
-0.500000000000000 -1.394216731379946
0.833333333333333 1.179280009176311
1.333333333333333 0.313254605391872
1.333333333333333 -0.264095663797754
1.290760441089671 0.601929739986685
1.062046887211502 -0.948914294089197
0.500000000000000 -1.394216731379946
-0.457427107756338 0.049158941594118
0.166666666666667 0.024579470797059
0.437953112788498 -0.709398101088503
0.000000000000000 1.418796202177005
-0.333333333333333 0.313254605391872
0.166666666666667 0.915184345378557
-0.457427107756338 -1.105541596785133
-0.290760441089671 -0.239516193000695
0.771286446121831 -0.132047831898877
-0.500000000000000 0.915184345378557
-0.829739454239500 1.223012073807085
1.202742806049944 -0.000398952111717
-0.873003351810444 -1.148874709304191
-0.838081668690218 0.765661041919776
0.139421299190314 0.976582704592793
0.810836301213866 0.235501133470077
0.504748335356885 -0.716502100325658
-0.472754632523648 -0.927423762998675
-1.144169634547199 -0.186342191875959
-0.437832949403422 0.987111988225291
-1.135827420096481 0.271008840011351
-0.864661137359725 -0.691523677416881
0.104499616070089 -0.937953046631173
0.802494086763148 -0.221849898417233
0.531327804026392 0.740682619010999
1.108582052620129 0.730153335378502
-0.140087197997159 1.481764190133716
-0.193246135336174 -1.432605248539598
1.082002583950622 -0.727031383958155
0.931576523313188 0.962133565316515
0.096157401619371 -1.395304078518482
0.147763513641032 1.433933736480103
-0.481096846974366 -1.384774794885985
0.896654840192963 -0.952402185907452
0.233582052620129 0.246030417102574
-1.015087197997159 0.997641271857789
0.207002583950622 -1.211154302234082
-0.566915385953462 -0.196871475508456
-0.540335917283955 1.260313243828201
0.681753864663826 -0.948482330263671
-0.558573171502745 0.260479556378853
0.716675547784051 0.966053420960296
-0.585152640172252 -1.196705162957804
-0.158324452215949 0.481930502684369
-1.433573171502745 -0.223643361897074
1.090344798401340 -0.269680352070846
-0.175008881117385 -0.432771561090250
1.100239838169411 0.272802303491192
-1.423678131734673 0.318839293664964
0.225239838169411 -0.211320614784735
0.251819306838919 1.245864104551922
-1.050008881117385 -0.916894479366178
0.410587581927070 0.014050187164561
0.112841830520807 -0.480602014743863
-0.464412418072930 -0.470072731111366
0.784256832544359 -1.221683585866580
-0.743920915260403 0.035108754429557
-0.446175163854140 0.529760956337982
0.131079084739596 0.519231672705484
-0.260827420096481 0.755131758287278
0.513090549807603 -0.259151068438348
0.522985589575674 0.283331587123690
-0.752263129711122 -0.422242277457753
1.211085020500662 0.456952079775592
1.194400591599226 -0.457749983999027
0.539670018477110 1.198033650898309
-1.256567642195804 -0.455623591835087
-0.287406888765989 -0.702052961049379
0.794151872312430 -0.679200930304542
0.987841830520807 0.003520903532064
-0.762158169479193 -0.964724933019791
-0.725683661041614 1.034942441878904
0.829073555432655 1.235334820919424
-0.735578700809685 0.492459786316866
-0.037584230116627 1.208562934530807
0.496406120906167 -1.173853132212967
-0.846423883140936 0.308310010032466
-0.072505913236852 -0.705972816693160
-1.152511848997917 -0.643693223763268
0.937953112788498 0.156627302695936
0.437953112788498 1.022652706480375
-1.248187548846009 -0.528191327595507
-0.290760441089671 1.130121067582192
0.666666666666667 0.841445932987380
-1.019473994967840 0.445302437290749
0.104619779455164 0.181206773492995
0.042572892243662 0.024579470797059
-0.124093774423005 0.000000000000000
-0.019473994967840 0.445302437290749
0.209239558910329 0.049158941594118
0.104619779455164 0.445302437290749
-0.124093774423005 0.577350269189626
0.271286446121831 0.420722966493690
0.271286446121831 -0.107468361101818
-0.457427107756338 0.313254605391872
-0.395380220544836 0.469881908087808
0.271286446121831 0.469881908087808
0.375906225576995 0.288675134594813
-0.519473994967841 0.156627302695936
-0.228713553878169 0.709398101088503
0.500000000000000 0.024579470797059
0.104619779455164 -0.396143495696631
-0.457427107756338 -0.264095663797754
-0.624093774423005 0.288675134594813
-0.228713553878169 0.758557042682621
0.104619779455164 0.758557042682621
0.375906225576995 -0.288675134594813
0.500000000000000 0.601929739986685
0.604619779455164 -0.107468361101818
0.042572892243662 -0.552770798392567
-0.519473994967841 0.733977571885562
0.209239558910329 0.841445932987380
0.604619779455164 0.469881908087808
0.209239558910329 -0.528191327595507
-0.124093774423005 -0.577350269189626
-0.519473994967841 -0.420722966493690
-0.790760441089671 0.049158941594118
-0.290760441089671 0.866025403784439
0.666666666666667 0.313254605391872
0.666666666666667 0.000000000000000
0.437953112788498 -0.396143495696631
0.375906225576995 0.866025403784439
0.771286446121831 0.181206773492995
-0.852807328301174 -0.107468361101818
0.666666666666667 -0.264095663797754
0.604619779455164 0.684818630291444
0.728713553878169 0.469881908087808
-0.186140661634507 -0.684818630291443
-0.852807328301174 0.469881908087808
-0.624093774423005 0.866025403784439
0.271286446121831 0.998073235683316
0.833333333333333 0.288675134594813
0.500000000000000 -0.552770798392567
-0.957427107756338 0.024579470797059
-0.124093774423005 1.154700538379251
0.771286446121831 -0.396143495696631
-0.728713553878169 0.998073235683316
0.333333333333333 1.154700538379251
0.604619779455164 0.998073235683316
1.000000000000000 0.313254605391872
0.604619779455164 -0.684818630291443
-0.228713553878169 1.286748370278128
0.833333333333333 0.866025403784439
1.000000000000000 0.577350269189626
1.000000000000000 -0.264095663797754
0.104619779455164 -0.973493764886256
-0.957427107756338 -0.552770798392567
-1.124093774423005 0.577350269189626
-0.395380220544836 1.262168899481069
0.728713553878169 0.998073235683316
0.937953112788498 0.733977571885562
1.062046887211503 -0.107468361101818
0.937953112788498 -0.420722966493690
0.271286446121831 -0.948914294089197
-0.852807328301174 -0.684818630291443
-1.186140661634507 -0.107468361101818
-1.186140661634507 0.469881908087808
-1.019473994967840 1.022652706480375
-0.166666666666667 1.443375672974064
0.042572892243662 1.443375672974064
0.209239558910329 1.418796202177005
1.166666666666667 0.552770798392567
1.166666666666667 -0.239516193000695
1.104619779455164 -0.396143495696631
0.209239558910329 -1.105541596785133
-1.124093774423005 -0.577350269189626
1.333333333333333 0.000000000000000
1.228713553878169 -0.396143495696631
-1.352807328301174 -0.396143495696631
1.104619779455164 0.973493764886256
1.228713553878169 0.758557042682621
-0.186140661634507 -1.262168899481069
1.333333333333333 0.577350269189626
-0.790760441089671 -1.105541596785133
1.437953112788498 -0.132047831898877
0.937953112788498 -0.998073235683316
0.437953112788498 -1.286748370278129
1.166666666666667 -0.816866462190320
0.604619779455164 -1.262168899481069
-0.352807328301174 0.181206773492995
0.271286446121831 1.047232177277434
-0.352807328301174 -0.973493764886256
-0.186140661634507 -0.107468361101818
0.875906225576995 0.000000000000000
-0.395380220544836 1.047232177277434
1.307362585505108 0.131648879787160
-0.768383572355279 -1.016826877405314
-0.733461889235054 0.897708873818653
0.244041078645479 1.108630536491670
0.915456080669030 0.367548965368954
0.609368114812049 -0.584454268426781
-0.368134853068483 -0.795375931099798
-1.039549855092035 -0.054294359977082
-0.333213169948258 1.119159820124168
-1.031207640641317 0.403056671910228
-0.760041357904561 -0.559475845518004
0.209119395525253 -0.805905214732296
0.907113866218312 -0.089802066518356
0.635947583481556 0.872730450909876
-1.431456359928113 0.181605725604712
1.213201832075294 0.862201167277378
-1.337295606498298 -0.548946561885506
-0.088626355881010 -1.300557416640721
1.186622363405786 -0.594983552059278
-1.439798574378831 -0.275745306282597
0.200777181074535 -1.263256246619606
-0.376477067519201 -1.252726962987108
1.001274619648127 -0.820354354008575
0.338201832075293 0.378078249001451
-0.910467418541995 1.129689103756666
0.311622363405786 -1.079106470335206
-0.462295606498298 -0.064823643609579
-0.435716137828791 1.392361075727077
0.786373644118990 -0.816434498364794
-0.453953392047580 0.392527388277730
0.821295327239216 1.098101252859173
-0.480532860717088 -1.064657331058927
-0.053704672760784 0.613978334583246
-1.328953392047580 -0.091595529998197
1.194964577856504 -0.137632520171969
-0.070389101662220 -0.300723729191373
1.204859617624576 0.404850135390069
-1.319058352279509 0.450887125563841
0.329859617624576 -0.079272782885858
0.356439086294083 1.377911936450799
-0.945389101662220 -0.784846647467301
0.515207361382234 0.146098019063438
0.217461609975971 -0.348554182844987
-0.359792638617766 -0.338024899212489
0.888876611999523 -1.089635753967703
-0.639301135805239 0.167156586328434
-0.341555384398976 0.661808788236859
0.235698864194761 0.651279504604361
-0.156207640641317 0.887179590186155
0.617710329262767 -0.127103236539471
0.627605369030839 0.415379419022567
-0.647643350255957 -0.290194445558876
1.315704799955826 0.588999911674469
1.299020371054390 -0.325702152100150
0.644289797932274 1.330081482797186
-1.160290077191357 -0.780926791823520
-1.151947862740639 -0.323575759936210
-0.182787109310825 -0.570005129150502
0.898771651767594 -0.547153098405665
1.092461609975971 0.135568735430941
-0.657538390024029 -0.832677101120914
-0.621063881586450 1.166990273777781
-0.630958921354521 0.624507618215743
0.067035549338538 1.340610766429684
0.601025900361331 -1.041805300314090
-0.665880604474747 -1.290028133008223
-0.741804103685772 0.440357841931343
0.032113866218312 -0.573924984794283
-1.047892069542753 -0.511645391864391
1.104619779455164 0.132047831898877
0.604619779455164 -0.733977571885562
0.209239558910329 0.264095663797754
0.209239558910329 0.000000000000000
0.042572892243662 -0.024579470797059
-0.062046887211502 0.107468361101818
0.104619779455164 0.396143495696631
0.147192671698826 0.420722966493690
0.375906225576995 0.024579470797059
0.271286446121831 -0.156627302695936
0.042572892243662 0.552770798392567
0.437953112788498 0.396143495696631
-0.290760441089671 0.288675134594813
0.542572892243662 0.264095663797754
0.209239558910329 -0.313254605391872
-0.062046887211502 0.684818630291444
-0.290760441089671 -0.288675134594813
0.709239558910329 -0.024579470797059
0.542572892243662 -0.313254605391872
0.666666666666667 0.577350269189626
0.209239558910329 -0.577350269189626
-0.457427107756338 -0.313254605391872
-0.352807328301174 0.709398101088503
0.375906225576995 0.816866462190320
0.709239558910329 0.552770798392567
0.771286446121831 0.445302437290749
0.375906225576995 -0.552770798392567
0.042572892243662 -0.601929739986685
-0.124093774423005 0.841445932987380
0.833333333333333 -0.024579470797059
0.604619779455164 -0.420722966493690
0.542572892243662 0.841445932987380
-0.290760441089671 -0.601929739986685
-0.686140661634507 -0.132047831898877
0.104619779455164 0.973493764886256
0.771286446121831 0.660239159494384
-0.019473994967840 -0.709398101088503
-0.686140661634507 0.445302437290749
-0.457427107756338 0.841445932987380
0.437953112788498 0.973493764886256
1.000000000000000 0.264095663797754
0.666666666666667 -0.577350269189626
0.042572892243662 1.130121067582192
0.500000000000000 1.130121067582192
1.166666666666667 0.288675134594813
1.166666666666667 -0.024579470797059
0.771286446121831 -0.709398101088503
-0.290760441089671 -0.866025403784438
-0.062046887211502 1.262168899481069
1.166666666666667 -0.288675134594813
0.271286446121831 -0.998073235683316
0.437953112788498 1.237589428684010
0.895380220544836 0.973493764886256
1.104619779455164 0.709398101088503
1.104619779455164 -0.445302437290749
0.437953112788498 -0.973493764886256
-0.686140661634507 -0.709398101088503
-1.019473994967841 0.396143495696631
0.375906225576995 1.394216731379946
1.333333333333333 0.528191327595508
1.271286446121831 -0.420722966493690
1.166666666666667 -0.601929739986685
0.375906225576995 -1.130121067582192
-0.957427107756338 -0.601929739986685
-0.457427107756338 1.418796202177005
-0.019473994967840 -1.286748370278128
-1.186140661634507 0.733977571885562
-0.957427107756338 1.130121067582192
0.604619779455164 -1.311327841075188
-0.395380220544836 -1.311327841075188
-0.186140661634507 0.156627302695936
0.709239558910329 -0.601929739986685
-0.186140661634507 -0.998073235683316
-0.686140661634507 -1.286748370278128
-0.019473994967840 -0.132047831898877
1.042572892243662 -0.024579470797059
-0.558453008117669 1.330480434908903
1.474029252171775 0.107069408990100
-0.601716905688613 -1.041406348202373
-0.566795222568387 0.873129403021594
0.410707745312145 1.084051065694611
1.082122747335697 0.342969494571895
0.776034781478716 -0.609033739223840
-0.201468186401817 -0.819955401896857
-0.872883188425368 -0.078873830774141
-0.166546503281591 1.094580349327109
-0.864540973974650 0.378477201113169
-0.593374691237895 -0.584055316315063
0.375786062191920 -0.830484685529355
1.073780532884979 -0.114381537315415
0.802614250148223 0.848150980112817
-1.264789693261446 0.157026254807653
-1.144049471162124 0.883658686654091
-1.170628939831632 -0.573526032682566
0.078040310785657 -1.325136887437780
1.353289030072453 -0.619563022856337
-1.273131907712164 -0.300324777079656
-0.958701727404465 1.109029488603388
0.367443847741202 -1.287835717416665
-1.256447478810728 0.614377286694963
-0.209810400852535 -1.277306433784167
1.167941286314794 -0.844933824805634
0.504868498741960 0.353498778204392
-0.743800751875328 1.105109632959607
0.478289030072453 -1.103685941132265
-0.295628939831632 -0.089403114406638
-0.269049471162124 1.367781604930018
0.953040310785657 -0.841013969161853
-0.287286725380914 0.367947917480671
0.987961993905882 1.073521782062113
-0.313866194050421 -1.089236801855986
0.112961993905882 0.589398863786186
-1.162286725380914 -0.116175000795256
1.361631244523171 -0.162211990969028
0.096277565004446 -0.325303199988433
1.371526284291242 0.380270664593010
-1.152391685612842 0.426307654766782
0.496526284291242 -0.103852253682917
0.523105752960750 1.353332465653740
-0.778722434995554 -0.809426118264360
0.681874028048901 0.121518548266379
0.384128276642638 -0.373133653642046
-0.193125971951099 -0.362604370009548
-1.441795222568387 0.389006484745666
-0.472634469138573 0.142577115531375
-0.174888717732309 0.637229317439799
-1.450137437019105 -0.068344547141643
0.402365530861427 0.626700033807302
0.010459026025350 0.862600119389096
0.784376995929434 -0.151682707336530
0.794272035697505 0.390799948225508
-0.480976683589291 -0.314773916355935
-0.993623410524690 -0.805506262620579
-0.985281196073973 -0.348155230733269
-0.016120442644158 -0.594584599947561
1.065438318434261 -0.571732569202724
1.259128276642638 0.110989264633881
-0.490871723357362 -0.857256571917973
-0.454397214919783 1.142410802980722
-0.464292254687855 0.599928147418684
0.233702216005204 1.316031295632625
0.767692567027998 -1.066384771111149
-0.499213937808080 -1.314607603805282
-0.575137437019105 0.415778371134284
0.198780532884979 -0.598504455591342
-0.881225402876086 -0.536224862661450
0.166666666666667 1.345057789785828
0.895380220544836 0.660239159494384
0.104619779455164 -0.181206773492995
0.000000000000000 -0.049158941594118
0.395380220544836 -0.205786244290054
-0.062046887211502 -0.205786244290054
0.333333333333333 -0.313254605391872
0.500000000000000 0.239516193000695
0.562046887211502 -0.181206773492995
-0.062046887211502 0.371564024899571
0.395380220544836 0.371564024899571
0.604619779455164 0.107468361101818
0.062046887211502 -0.469881908087808
0.728713553878169 -0.156627302695936
-0.395380220544836 0.107468361101818
0.604619779455164 -0.469881908087808
-0.437953112788498 -0.181206773492995
0.271286446121831 -0.733977571885562
-0.395380220544836 -0.469881908087808
-0.500000000000000 0.239516193000695
0.437953112788498 0.660239159494384
0.895380220544836 0.082888890304759
0.104619779455164 -0.758557042682621
-0.562046887211502 0.082888890304759
0.895380220544836 -0.181206773492995
-0.562046887211502 -0.181206773492995
0.562046887211502 -0.758557042682621
0.833333333333333 0.503611856798448
0.500000000000000 0.816866462190320
1.062046887211502 0.107468361101818
0.728713553878169 -0.733977571885562
-0.728713553878169 -0.156627302695936
1.062046887211502 -0.469881908087808
1.228713553878169 0.132047831898877
0.833333333333333 -0.866025403784439
-0.228713553878169 -1.022652706480375
-0.895380220544836 -0.181206773492995
0.000000000000000 1.105541596785133
1.228713553878169 -0.445302437290749
0.333333333333333 -1.154700538379252
-0.728713553878169 -0.733977571885562
-0.895380220544836 0.396143495696630
-0.166666666666667 1.080962125988074
0.500000000000000 -1.130121067582192
0.166666666666667 -1.179280009176311
-0.624093774423005 -0.866025403784439
-0.957427107756338 0.239516193000695
1.395380220544836 0.371564024899571
1.333333333333333 -0.577350269189626
1.228713553878169 -0.758557042682621
-0.790760441089671 -0.890604874581498
-0.895380220544836 -0.758557042682621
-1.062046887211502 0.371564024899571
-0.666666666666667 -1.154700538379252
0.290760441089671 -1.443375672974065
-0.166666666666667 -1.443375672974065
-0.833333333333333 -1.179280009176311
-1.290760441089671 -0.601929739986685
-1.395380220544836 0.107468361101818
0.771286446121831 -0.758557042682621
-0.666666666666667 0.792286991393261
-1.062046887211502 -0.205786244290054
0.333333333333333 1.369637260582887
-0.124093774423005 -1.154700538379252
1.104619779455164 -0.181206773492995
-0.496406120906167 1.173853132212967
-0.539670018477110 -1.198033650898309
-0.504748335356885 0.716502100325658
0.472754632523648 0.927423762998675
1.144169634547199 0.186342191875958
0.838081668690218 -0.765661041919776
-0.139421299190314 -0.976582704592794
-0.810836301213866 -0.235501133470077
-0.104499616070089 0.937953046631173
-0.802494086763148 0.221849898417233
-0.531327804026392 -0.740682619010999
0.437832949403422 -0.987111988225291
1.135827420096481 -0.271008840011351
0.864661137359725 0.691523677416881
-1.202742806049944 0.000398952111717
0.193246135336174 1.432605248539598
-1.082002583950622 0.727031383958155
-1.108582052620129 -0.730153335378502
0.140087197997159 -1.481764190133716
-1.211085020500662 -0.456952079775592
-0.896654840192963 0.952402185907452
-1.194400591599226 0.457749983999027
0.481096846974366 1.384774794885985
-0.147763513641032 -1.433933736480103
0.566915385953462 0.196871475508456
-0.681753864663826 0.948482330263671
0.540335917283955 -1.260313243828201
-0.233582052620129 -0.246030417102575
-0.207002583950622 1.211154302234082
1.015087197997159 -0.997641271857789
-0.225239838169411 0.211320614784735
1.050008881117385 0.916894479366177
-0.251819306838919 -1.245864104551922
0.175008881117385 0.432771561090250
-1.100239838169411 -0.272802303491192
1.423678131734673 -0.318839293664964
0.158324452215949 -0.481930502684369
1.433573171502745 0.223643361897074
-1.090344798401340 0.269680352070846
0.558573171502745 -0.260479556378853
0.585152640172252 1.196705162957803
-0.716675547784051 -0.966053420960296
0.743920915260403 -0.035108754429557
0.446175163854140 -0.529760956337982
-0.131079084739596 -0.519231672705484
-1.379748335356885 0.232379182049730
-0.410587581927070 -0.014050187164562
-0.112841830520807 0.480602014743863
-1.388090549807603 -0.224971849837579
0.464412418072930 0.470072731111366
0.072505913236852 0.705972816693160
0.846423883140936 -0.308310010032466
0.856318922909008 0.234172645529571
-0.418929796377788 -0.471401219051871
-0.096157401619371 1.395304078518482
0.873003351810444 1.148874709304190
-0.931576523313188 -0.962133565316515
-0.923234308862470 -0.504782533429205
0.045926444567345 -0.751211902643497
1.127485205645764 -0.728359871898661
1.321175163854140 -0.045638038062055
-0.428824836145860 -1.013883874613909
-0.392350327708281 0.985783500284786
-0.402245367476352 0.443300844722748
0.295749103216707 1.159403992936688
0.829739454239500 -1.223012073807086
-0.513090549807603 0.259151068438348
-0.384008113257563 1.443134532172095
0.260827420096481 -0.755131758287278
-0.819178515664584 -0.692852165357386
1.248187548846009 -0.264095663797754
0.019473994967840 0.709398101088503
-0.542572892243662 0.841445932987379
0.519473994967841 0.998073235683316
-0.437953112788498 -0.132047831898877
0.686140661634507 -0.132047831898877
-0.604619779455164 0.948914294089197
0.728713553878169 0.948914294089197
0.186140661634507 -0.420722966493690
-0.604619779455164 1.262168899481069
0.457427107756338 1.418796202177005
1.124093774423005 0.577350269189626
1.186140661634507 0.156627302695936
-1.062046887211503 0.684818630291444
-0.709239558910329 -0.552770798392567
0.686140661634507 -1.286748370278129
1.431456359928113 0.395744543584913
-0.644289797932274 -0.752731213607560
-0.609368114812049 1.161804537616407
0.368134853068483 1.372726200289424
1.039549855092035 0.631644629166707
0.733461889235054 -0.320358604629027
-0.244041078645479 -0.531280267302044
-0.915456080669030 0.209801303820672
-0.209119395525253 1.383255483921922
-0.907113866218312 0.667152335707982
-0.635947583481556 -0.295380181720250
0.333213169948258 -0.541809550934542
1.031207640641317 0.174293597279398
0.760041357904561 1.136826114707630
-1.307362585505108 0.445701389402466
-1.213201832075294 -0.284850898087753
0.035467418541995 -1.036461752842967
1.310716137828791 -0.330887888261525
-1.315704799955826 -0.011649642484843
0.324870955497540 -0.999160582821852
-0.252383293096197 -0.988631299189354
1.125368394071132 -0.556258690210821
0.462295606498298 0.642173912799205
0.435716137828791 -0.815010806537452
-0.338201832075293 0.199272020188174
-0.364781300744801 -1.257912699148482
0.910467418541995 -0.552338834567040
-0.329859617624576 0.656623052075484
-0.356439086294083 -0.800561667261173
0.070389101662220 0.878073998380999
-1.204859617624576 0.172500133799557
1.319058352279509 0.126463143625785
0.053704672760784 -0.036628065393620
1.328953392047580 0.668945799187823
-1.194964577856504 0.714982789361595
-1.221544046526011 -0.742201929975062
0.453953392047580 0.184822880911896
-0.821295327239216 -0.520750983669547
0.427373923378073 -1.272361838424761
0.639301135805239 0.410193682861192
0.341555384398976 -0.084458519047233
-0.235698864194761 -0.073929235414735
1.012970386422528 -0.825540090169949
-0.515207361382234 0.431252250126187
-0.217461609975971 0.925904452034612
0.359792638617766 0.915375168402115
-0.032113866218312 1.151275253983909
0.741804103685772 0.136992427258283
0.751699143453843 0.679475082820320
-0.523549575832952 -0.026098781761122
1.423114145477395 -0.061606488302396
-1.036196302768353 -0.516831128025766
-1.027854088317635 -0.059480096138456
-0.058693334887820 -0.305909465352748
1.022865426190599 -0.283057434607912
1.216555384398976 0.399664399228694
-0.533444615601024 -0.568581437323160
-0.506865146931516 0.888603282013497
0.725119674784336 -0.777709636516337
0.027125204091277 -1.493812784730277
-0.541786830051742 -1.025932469210469
-0.617710329262767 0.704453505729097
0.156207640641317 -0.309829320996529
-0.923798295119748 -0.247549728066637
0.604619779455164 -0.948914294089197
0.895380220544836 -0.973493764886256
-0.062046887211502 -1.262168899481069
1.000000000000000 -1.105541596785133
1.062046887211502 -0.998073235683316
-0.166666666666667 -1.394216731379946
-0.457427107756338 -0.528191327595507
0.042572892243662 -0.816866462190320
0.666666666666667 -0.841445932987379
-1.009496670713770 0.640717209258054
-0.208999232140178 1.083619101869084
0.945509265047296 1.062560534604089
-0.609247951426974 0.862168155563569
-0.329739454239500 0.356986670022647
-0.338081668690218 -0.100364361864663
0.639421299190314 0.110557300808355
1.310836301213866 -0.630524270314362
-0.644169634547199 -1.052367595660397
0.062167050596578 0.121086584440852
-0.635827420096481 -0.595016563773088
1.031327804026392 -0.125342784773439
-1.036076139383277 -0.816467510078603
0.359912802002841 0.615738786349278
-0.915335917283955 -0.089835078232165
1.431576523313188 0.096108161532076
-0.729988173526296 0.135535723717132
-1.027733924932559 -0.359116478191293
0.647763513641032 0.567908332695665
0.733582052620129 -0.619994986681864
0.760161521289636 0.837189732654793
-0.515087197997159 0.131615868073350
-0.066915385953463 -1.062896879292895
-0.040335917283955 0.394287840043762
-1.315584636570751 -0.311286024537680
-0.058573171502745 -0.605545847405585
1.216675547784051 0.100028017175857
-0.031993702833237 0.851638871931072
0.341675547784051 -0.384094901100070
-0.906993702833237 0.367515953655145
-0.933573171502745 -1.089668765681512
0.324991118882615 -1.298796964874689
-0.923678131734673 -0.547186110119475
0.725239838169411 -1.077346018569174
0.751819306838919 0.379838700767483
0.910587581927070 -0.851975216619877
0.937167050596577 0.605209502716780
0.612841830520807 -1.346627418528302
0.035587581927070 -1.336098134895804
-1.213081668690218 -0.584487280140590
-0.243920915260404 -0.830916649354882
0.053824836145860 -0.336264447446457
0.631079084739596 -0.346793731078955
0.239172579903519 -0.110893645497161
1.022985589575674 -0.582693816660749
-0.252263129711122 -1.288267681242191
0.070509265047295 0.578437616328162
-1.307242422120033 0.146065007349629
1.039670018477110 0.332008247113870
-0.225683661041614 0.168917038094466
1.329073555432655 0.369309417134986
-0.235578700809686 -0.373565617467572
0.462415769883373 0.342537530746368
-1.194844414471429 0.415346407308757
-0.346423883140936 -0.557715393751972
-0.217341446590896 0.626268069981775
0.368255016453559 1.073089818236587
-1.290760441089671 -0.288675134594813
-1.457427107756338 -0.313254605391872
-1.395380220544836 -0.420722966493690
-0.228713553878169 0.660239159494384
0.271286446121831 0.948914294089197
-1.186140661634507 0.156627302695936
1.059625715216230 0.553891157244912
1.042941286314794 -0.360810906529707
0.447449783502268 -1.350115310346557
1.051283500765512 0.096540125357603
0.474029252171775 0.107069408990100
-0.589292254687855 1.084051065694611
0.082122747335697 0.342969494571895
-0.223965218521284 -0.609033739223840
-1.201468186401817 -0.819955401896857
-0.624213937808080 -0.830484685529355
0.073780532884979 -0.114381537315415
-0.197385749851777 0.848150980112817
0.379868498741960 0.837621696480319
0.353289030072453 -0.619563022856337
0.202862969435019 1.069601926418333
-0.632556152258798 -1.287835717416665
0.167941286314794 -0.844933824805634
-0.495131501258040 0.353498778204392
-0.521710969927547 -1.103685941132265
0.753537749359249 -0.398112076550822
-1.295628939831631 -0.089403114406638
-0.046959689214343 -0.841013969161853
-1.287286725380913 0.367947917480671
-0.012038006094118 1.073521782062113
-0.887038006094118 0.589398863786186
0.388210713192678 1.294972728367629
0.361631244523171 -0.162211990969028
-0.903722434995554 -0.325303199988433
0.371526284291242 0.380270664593010
0.344946815621735 -1.076914054743647
-0.503473715708758 -0.103852253682917
0.771775003578038 0.601721610898525
-0.476894247039250 1.353332465653740
-0.318125971951099 0.121518548266379
-0.615871723357362 -0.373133653642046
-1.193125971951099 -0.362604370009548
0.055543278666190 -1.114215224764762
-1.472634469138573 0.142577115531375
-1.174888717732309 0.637229317439799
-0.597634469138573 0.626700033807302
-0.989540973974650 0.862600119389096
-0.215623004070566 -0.151682707336530
-0.205727964302495 0.390799948225508
0.482371466622493 0.564420440877410
0.465687037721057 -0.350281622897209
-0.189043535401059 1.305502012000127
0.780117218028756 1.059072642785835
-1.016120442644158 -0.594584599947561
0.065438318434261 -0.571732569202724
0.259128276642638 0.110989264633881
0.100360001554486 1.342803182021242
-0.232307432972002 -1.066384771111149
0.745195534908531 -0.855463108438132
0.957122747335697 0.827092412847822
-0.801219467115021 -0.598504455591342
0.228713553878169 1.286748370278128
-1.000000000000000 1.105541596785133
-1.228713553878169 0.709398101088503
1.009496670713770 -0.640717209258054
0.208999232140178 -1.083619101869084
-0.945509265047296 -1.062560534604089
1.036076139383277 0.816467510078603
-1.039670018477110 -0.332008247113870
0.644169634547199 1.052367595660397
0.338081668690218 0.100364361864663
-0.639421299190314 -0.110557300808355
-1.310836301213866 0.630524270314362
-1.031327804026392 0.125342784773439
-0.062167050596578 -0.121086584440852
0.635827420096481 0.595016563773088
-0.359912802002841 -0.615738786349278
0.915335917283955 0.089835078232165
-0.070509265047295 -0.578437616328162
-0.647763513641032 -0.567908332695665
0.729988173526296 -0.135535723717132
0.066915385953463 1.062896879292895
0.040335917283955 -0.394287840043762
1.315584636570751 0.311286024537680
-0.733582052620129 0.619994986681864
-0.760161521289636 -0.837189732654793
0.515087197997159 -0.131615868073350
-0.725239838169411 1.077346018569174
-0.751819306838919 -0.379838700767483
-0.324991118882615 1.298796964874689
0.923678131734673 0.547186110119475
-0.341675547784051 0.384094901100070
0.933573171502745 1.089668765681512
0.906993702833237 -0.367515953655145
0.058573171502745 0.605545847405585
-1.216675547784051 -0.100028017175857
0.031993702833237 -0.851638871931072
0.243920915260404 0.830916649354882
-0.053824836145860 0.336264447446457
-0.631079084739596 0.346793731078955
0.617590165877692 -0.404817123676260
-0.910587581927070 0.851975216619877
0.311502200020711 -1.356820357471994
-0.612841830520807 1.346627418528302
-0.035587581927070 1.336098134895804
0.346423883140936 0.557715393751972
0.356318922909008 1.100198049314010
-0.918929796377788 0.394624184732568
1.027733924932559 0.359116478191293
-1.431576523313188 -0.096108161532076
-1.423234308862470 0.361242870355233
-0.454073555432655 0.114813501140941
0.627485205645764 0.137665531885778
0.821175163854140 0.820387365722384
-0.928824836145860 -0.147858470829470
0.329739454239500 -0.356986670022647
-0.368255016453559 -1.073089818236587
0.609247951426974 -0.862168155563569
-0.937167050596577 -0.605209502716780
1.307242422120033 -0.146065007349629
-0.239172579903519 0.110893645497161
-1.319178515664584 0.173173238427052
0.333333333333333 1.418796202177005
1.062046887211503 0.156627302695936
-0.050129044502460 -1.194608366502966
-0.833942054174615 -0.722808195339378
-1.392959048549563 0.287554775742467
-0.442035549338538 -0.958708280921172
-0.144289797932274 -0.464056079012747
-0.109368114812049 1.450479672211220
1.233461889235054 -0.031683470034214
0.255958921354521 -0.242605132707232
-0.415456080669030 0.498476438415485
-0.407113866218312 0.955827470302794
-0.135947583481556 -0.006705047125438
0.833213169948258 -0.253134416339729
-0.807362585505108 0.734376523997279
-0.713201832075293 0.003824236507060
0.535467418541995 -0.747786618248155
-0.815704799955826 0.277025492109970
0.824870955497540 -0.710485448227039
-0.799020371054390 1.191727555884589
0.247616706903803 -0.699956164594541
0.962295606498298 0.930849047394018
0.935716137828791 -0.526335671942639
0.161798167924707 0.487947154782987
0.135218699255199 -0.969237564553669
1.410467418541995 -0.263663699972227
0.170140382375425 0.945298186670297
-1.105108336911371 0.239724322088854
0.143560913705917 -0.511886532666360
0.570389101662220 1.166749132975812
-0.704859617624575 0.461175268394370
0.553704672760784 0.252047069201193
-0.694964577856504 1.003657923956407
-0.721544046526011 -0.453526795380249
0.953953392047580 0.473498015506709
-0.321295327239216 -0.232075849074734
0.927373923378073 -0.983686703829948
1.139301135805239 0.698868817456005
0.841555384398976 0.204216615547580
0.264301135805239 0.214745899180078
-0.984368114812049 0.966356753935292
-0.015207361382234 0.719927384721000
0.282538390024029 1.214579586629425
-0.992710329262767 0.509005722047983
0.859792638617766 1.204050302996928
1.241804103685772 0.425667561853095
-0.023549575832952 0.262576352833691
-0.536196302768352 -0.228155993430953
-0.527854088317634 0.229195038456357
0.441306665112180 -0.017234330757935
-0.033444615601024 -0.279906302728347
-0.006865146931516 1.177278416608310
1.225119674784336 -0.489034501921524
0.527125204091277 -1.205137650135464
-0.041786830051742 -0.737257334615657
-0.117710329262767 0.993128640323910
-1.010947583481557 -0.490827965401365
0.656207640641317 -0.021154186401716
-0.423798295119748 0.041125406528176
1.124093774423005 -0.264095663797754
1.062046887211502 -0.420722966493690
1.228713553878169 0.181206773492995
1.457427107756338 -0.264095663797754
1.062046887211502 0.469881908087808
1.457427107756338 0.313254605391872
1.000000000000000 -0.841445932987380
1.124093774423005 -0.841445932987380
1.228713553878169 0.709398101088503
0.562046887211502 0.758557042682621
-0.447449783502268 1.350115310346557
-1.059625715216230 -0.553891157244912
-1.042941286314794 0.360810906529707
0.232307432972002 1.066384771111149
0.189043535401059 -1.305502012000127
0.223965218521284 0.609033739223840
1.201468186401817 0.819955401896857
0.589292254687855 -1.084051065694611
-0.082122747335697 -0.342969494571895
0.624213937808080 0.830484685529355
-0.073780532884979 0.114381537315415
0.197385749851777 -0.848150980112817
-0.474029252171775 -0.107069408990100
-0.353289030072453 0.619563022856337
-0.379868498741960 -0.837621696480319
-0.482371466622493 -0.564420440877410
-0.167941286314794 0.844933824805634
-0.465687037721057 0.350281622897209
1.295628939831631 0.089403114406638
0.046959689214343 0.841013969161853
0.495131501258040 -0.353498778204392
0.521710969927547 1.103685941132265
-0.753537749359249 0.398112076550822
0.503473715708758 0.103852253682917
-0.771775003578038 -0.601721610898525
0.476894247039250 -1.353332465653740
0.903722434995554 0.325303199988433
-0.344946815621735 1.076914054743647
-0.371526284291242 -0.380270664593010
0.887038006094118 -0.589398863786186
-0.361631244523171 0.162211990969028
-0.388210713192678 -1.294972728367629
1.287286725380913 -0.367947917480671
0.012038006094118 -1.073521782062113
1.472634469138573 -0.142577115531375
1.174888717732309 -0.637229317439799
0.597634469138573 -0.626700033807302
-0.651034781478716 0.124910820947913
0.318125971951099 -0.121518548266379
0.615871723357362 0.373133653642046
-0.659376995929434 -0.332440210939397
1.193125971951099 0.362604370009548
0.801219467115021 0.598504455591342
0.309783757500381 -0.578869580153689
0.632556152258798 1.287835717416665
-0.745195534908531 0.855463108438132
-0.202862969435019 -1.069601926418333
-0.194520754984301 -0.612250894531023
0.774639998445514 -0.858680263745315
0.299888717732309 -1.121352235715727
0.336363226169888 0.878315139182968
0.326468186401817 0.335832483620930
1.024462657094876 1.051935631834871
-1.330791997952986 0.408641360183320
-1.051283500765512 -0.096540125357603
-0.632797527259927 1.124744508397260
0.215623004070566 0.151682707336530
0.344705440620606 1.335666171070278
-0.677614250148223 -1.332273898388744
0.989540973974650 -0.862600119389096
-0.090464961786415 -0.800320526459204
0.062046887211502 -0.998073235683315
-0.937953112788498 -0.998073235683315
0.519473994967841 0.948914294089197
-1.395380220544836 0.371564024899572
0.062046887211502 0.371564024899572
0.290760441089671 -0.024579470797059
1.019473994967840 -0.709398101088502
0.228713553878169 -1.022652706480375
0.124093774423005 -1.154700538379251
-0.042572892243662 -1.130121067582192
-0.104619779455164 -0.973493764886256
0.019473994967840 -0.709398101088502
0.333333333333333 -1.105541596785133
0.290760441089671 -1.179280009176310
-0.166666666666667 -1.179280009176310
-0.209239558910329 -1.105541596785133
-0.271286446121831 -0.733977571885562
0.124093774423005 -1.418796202177005
0.000000000000000 -1.418796202177005
-0.166666666666667 -0.601929739986685
0.290760441089671 -0.601929739986685
0.519473994967841 -0.998073235683315
0.290760441089671 -1.394216731379946
0.166666666666667 -1.443375672974064
-0.042572892243662 -1.443375672974064
-0.375906225576995 -0.866025403784438
0.624093774423005 -1.130121067582192
0.562046887211502 -1.286748370278128
0.457427107756338 -1.418796202177005
-0.333333333333333 -1.418796202177005
-0.437953112788498 -1.286748370278128
0.666666666666667 -1.154700538379251
-0.375906225576995 -1.443375672974064
-0.542572892243662 -1.154700538379251
-0.604619779455164 -1.262168899481069
-0.209239558910329 -0.313254605391872
0.519473994967841 -0.420722966493690
0.790760441089671 -0.890604874581498
0.790760441089671 -1.105541596785133
-0.666666666666667 -1.105541596785133
-0.666666666666667 -0.890604874581498
0.790760441089671 -1.154700538379251
-0.375906225576995 -0.288675134594813
-0.604619779455164 -0.469881908087808
0.852807328301174 -0.684818630291443
0.957427107756338 -1.130121067582192
-0.937953112788498 -0.420722966493690
0.852807328301174 -0.156627302695936
1.186140661634507 -0.733977571885562
-0.209239558910329 0.264095663797754
1.019473994967840 -0.132047831898877
1.290760441089671 -0.601929739986685
-1.166666666666667 -0.601929739986685
-1.104619779455164 -0.181206773492995
1.352807328301174 -0.396143495696630
-1.333333333333333 -0.577350269189626
-0.937953112788498 0.156627302695936
-0.437953112788498 0.445302437290749
0.562046887211502 0.445302437290749
-1.166666666666667 -0.024579470797059
1.290760441089671 -0.024579470797059
-1.333333333333333 0.000000000000000
-1.437953112788498 -0.132047831898877
-0.437953112788498 0.660239159494384
0.562046887211502 0.660239159494384
1.248187548846009 0.264095663797754
-1.104619779455164 0.396143495696631
-1.280783116835601 0.484089906562118
-0.480285678262009 0.926991799173148
0.674222818925465 0.905933231908153
-0.880534397548805 0.705540852867633
-0.601025900361331 0.200359367326711
-0.609368114812049 -0.256991664560599
0.368134853068483 -0.046070001887581
1.039549855092035 -0.787151573010298
-0.209119395525253 -0.035540718255084
-0.907113866218312 -0.751643866469024
0.760041357904561 -0.281970087469375
1.337295606498298 -0.292499371101873
0.088626355881010 0.459111483653342
-1.186622363405786 -0.246462380928101
1.160290077191357 -0.060519141163860
-1.001274619648127 -0.021091578978804
-1.299020371054390 -0.515743780887229
0.376477067519201 0.411281029999729
0.462295606498298 -0.776622289377800
0.488875075167806 0.680562429958857
-0.786373644118990 -0.025011434622585
-0.338201832075293 -1.219524181988831
-0.311622363405786 0.237660537347826
-0.329859617624576 -0.762173150101521
0.945389101662220 -0.056599285520079
-0.303280148955068 0.695011569235136
0.070389101662220 -0.540722203796006
1.345637820949016 0.164851660785437
-1.178280148955068 0.210888650959209
0.053704672760784 -1.455424267570625
-1.194964577856504 -0.703813412815411
0.453953392047580 -1.233973321265110
0.480532860717088 0.223211398071547
0.639301135805239 -1.008602519315813
0.665880604474747 0.448582200020844
0.394714321737991 1.411114717449076
-0.182539926855746 1.421644001081574
-0.515207361382234 -0.987543952050818
-0.217461609975971 -0.492891750142393
0.359792638617766 -0.503421033774891
-0.032113866218312 -0.267520948193096
0.741804103685772 -1.281803774918723
0.751699143453843 -0.739321119356685
-0.200777181074535 0.421810313632226
1.066129323761542 0.670033146326359
0.768383572355279 0.175380944417934
-0.496970107163445 0.012289735398530
1.057787109310824 0.212682114439050
-0.506865146931516 -0.530192920163508
0.191129323761542 0.185910228050432
-1.466130860593260 0.258719104612822
-0.617710329262767 -0.714342696447908
-0.488627892712727 0.469640767285839
0.096968570331728 0.916462515540651
0.833333333333333 0.552770798392567
1.333333333333333 -0.313254605391872
0.375906225576995 -1.394216731379946
-0.624093774423005 -0.816866462190320
-1.081520882179343 -0.024579470797059
-0.352807328301174 -0.132047831898877
0.104619779455164 1.237589428684010
-0.124093774423005 0.264095663797754
0.771286446121831 0.709398101088503
0.937953112788498 0.684818630291444
1.000000000000000 0.528191327595507
0.937953112788498 0.420722966493690
0.895380220544836 0.396143495696631
0.875906225576995 0.841445932987380
1.104619779455164 0.445302437290749
1.062046887211503 0.371564024899571
0.604619779455164 0.371564024899572
0.771286446121831 0.132047831898877
0.604619779455164 0.948914294089197
1.062046887211503 0.948914294089197
1.166666666666667 0.866025403784439
1.271286446121831 0.684818630291444
0.937953112788498 0.107468361101818
0.604619779455164 0.156627302695936
0.375906225576995 0.552770798392567
0.833333333333333 1.130121067582192
1.000000000000000 1.105541596785133
1.333333333333333 0.264095663797754
0.666666666666667 1.154700538379252
1.437953112788498 0.396143495696631
1.271286446121831 0.107468361101818
1.395380220544836 0.107468361101818
0.937953112788498 -0.156627302695936
0.375906225576995 1.130121067582192
1.104619779455164 -0.132047831898877
0.375906225576995 -0.024579470797059
0.104619779455164 0.660239159494384
0.604619779455164 1.262168899481069
0.437953112788498 -0.181206773492995
0.166666666666667 1.080962125988074
0.709239558910329 -0.288675134594813
0.500000000000000 1.394216731379946
1.395380220544836 -0.156627302695936
0.042572892243662 1.394216731379946
1.166666666666667 -0.552770798392567
0.833333333333333 -0.601929739986685
-0.124093774423005 1.418796202177005
1.104619779455164 -0.709398101088503
-0.124093774423005 -0.313254605391872
-0.333333333333333 1.369637260582887
0.709239558910329 -0.866025403784439
1.166666666666667 -0.866025403784439
0.333333333333333 -0.890604874581498
0.604619779455164 -0.998073235683316
-0.624093774423005 1.130121067582192
-0.790760441089671 0.577350269189626
0.833333333333333 -1.179280009176311
-0.352807328301174 -0.709398101088503
-0.852807328301174 0.156627302695936
-0.852807328301174 0.948914294089197
0.209239558910329 -1.154700538379252
1.437953112788498 -0.181206773492995
-0.395380220544836 0.371564024899571
-0.624093774423005 -0.601929739986685
0.709239558910329 0.288675134594813
0.221157401619371 -1.351235669198902
-0.562655608052784 -0.879435498035314
-1.121672602427732 0.130927473046531
-0.170749103216707 -1.115335583617108
0.126996648189556 -0.620683381708683
0.161918331309782 1.293852369515283
0.527245367476352 -0.399232435403168
-0.144169634547199 0.341849135719549
-0.135827420096481 0.799200167606858
0.135338862640275 -0.163332349821374
1.104499616070089 -0.409761719035665
-0.536076139383277 0.577749221301343
-0.415335917283955 1.304381653147781
-0.441915385953462 -0.152803066188876
0.806753864663826 -0.904413920944091
-0.544418353833995 0.120398189414034
1.096157401619371 -0.867112750922975
-0.527733924932559 1.035100253188653
0.518903153025634 -0.856583467290477
1.233582052620129 0.774221744698082
1.207002583950622 -0.682962974638575
0.433084614046538 0.331319852087051
-0.815584636570751 1.082930706842266
0.406505145377030 -1.125864867249605
0.441426828497255 0.788670883974361
-0.833821890789540 0.083097019392918
0.414847359827748 -0.668513835362296
0.841675547784051 1.010121830279876
-0.433573171502745 0.304547965698434
0.824991118882615 0.095419766505257
-0.423678131734673 0.847030621260471
-0.450257600404180 -0.610154098076185
1.225239838169411 0.316870712810773
-0.050008881117385 -0.388703151770670
-1.139909856646522 -0.868906214402816
1.112841830520807 0.047589312851644
0.535587581927070 0.058118596484142
-0.713081668690218 0.809729451239356
0.256079084739597 0.563300082025064
0.553824836145860 1.057952283933489
-0.721423883140936 0.352378419352047
0.739172579903519 1.283323085882786
0.247736870288878 0.105949050137755
-1.419418353833995 -0.363724728861894
-0.264909856646521 -0.384783296126889
-0.256567642195804 0.072567735760421
0.712593111234011 -0.173861633453871
0.237841830520807 -0.436533605424283
0.264421299190315 1.020651113912374
-1.113330387977014 0.588278504933841
0.229499616070089 -0.893884637311593
0.153576116859064 0.836501337627974
-0.739661137359726 -0.647455268097301
0.927494086763148 -0.177781489097652
-0.152511848997917 -0.115501896167761
-0.562046887211502 -0.924334823292138
0.957427107756338 0.601929739986685
1.124093774423005 0.313254605391872
1.166666666666667 0.337834076188931
1.062046887211502 0.733977571885562
1.124093774423005 0.049158941594118
0.728713553878169 1.047232177277434
1.062046887211502 1.047232177277434
1.395380220544836 -0.107468361101818
0.166666666666667 0.601929739986685
1.228713553878169 -0.660239159494384
0.395380220544836 -1.213009957886951
-0.895380220544836 0.758557042682621
0.562046887211502 1.335907311872246
0.283204288830873 -1.458704030300720
-0.500608720841282 -0.986903859137132
-1.059625715216230 0.023459111944713
-1.042941286314794 0.938161175719332
-0.108702216005204 -1.222803944718926
0.189043535401059 -0.728151742810501
0.223965218521284 1.186384008413466
0.589292254687855 -0.506700796504985
-0.082122747335697 0.234380774617731
-0.073780532884979 0.691731806505041
0.197385749851777 -0.270800710923191
1.166546503281591 -0.517230080137483
-0.474029252171775 0.470280860199525
-0.353289030072453 1.196913292045963
-0.379868498741960 -0.260271427290694
0.868800751875328 -1.011882282045908
-0.482371466622493 0.012929828312216
-0.167941286314794 1.422284093995260
-0.465687037721057 0.927631892086835
0.580950040237137 -0.964051828392295
1.295628939831631 0.666753383596264
0.046959689214343 1.418364238351479
1.269049471162124 -0.790431335740393
0.495131501258040 0.223851490985233
-0.753537749359249 0.975462345740448
0.468552032588533 -1.233333228351423
0.503473715708758 0.681202522872543
-0.771775003578038 -0.024371341708900
0.476894247039250 -0.775982196464114
0.903722434995554 0.902653469178058
-0.371526284291242 0.197079604596616
0.887038006094118 -0.012048594596561
-0.361631244523171 0.739562260158654
-0.388210713192678 -0.717622459178003
1.287286725380913 0.209402351708955
0.012038006094118 -0.496171512872488
-1.077862969435019 -0.976374575504634
1.174888717732309 -0.059879048250174
0.597634469138573 -0.049349764617676
-0.651034781478716 0.702261090137538
0.318125971951099 0.455831720923247
0.615871723357362 0.950483922831671
-0.659376995929434 0.244910058250229
0.801219467115021 1.175854724780968
0.309783757500381 -0.001519310964063
-1.357371466622493 -0.471193089963711
-0.202862969435019 -0.492251657228707
-0.194520754984301 -0.034900625341397
0.774639998445514 -0.281329994555689
0.299888717732309 -0.544001966526101
0.336363226169888 1.455665408372594
0.326468186401817 0.913182752810556
-1.051283500765512 0.480810143832023
0.291546503281591 -1.001352998413410
0.215623004070566 0.729032976526156
-0.677614250148223 -0.754923629199119
0.989540973974650 -0.285249850199470
-0.090464961786415 -0.222970257269578
-0.209239558910329 0.841445932987379
-0.209239558910329 -0.890604874581498
-0.709239558910329 -0.024579470797059
0.290760441089671 1.345057789785828
1.019473994967840 0.660239159494384
1.248187548846009 -0.313254605391872
0.186140661634507 0.107468361101818
0.457427107756338 -0.049158941594118
0.352807328301174 -0.181206773492995
0.186140661634507 -0.156627302695936
0.124093774423005 -0.049158941594118
0.248187548846010 0.264095663797754
0.519473994967840 -0.205786244290054
0.062046887211502 -0.205786244290054
0.019473994967840 -0.132047831898877
-0.042572892243662 0.239516193000695
0.352807328301174 0.396143495696630
0.686140661634507 0.132047831898877
0.686140661634507 -0.181206773492995
0.519473994967840 0.371564024899571
0.748187548846009 -0.024579470797059
0.395380220544836 -0.469881908087808
0.186140661634507 -0.469881908087808
-0.147192671698826 0.107468361101818
0.457427107756338 0.528191327595507
0.852807328301174 0.107468361101818
0.686140661634507 -0.445302437290749
-0.147192671698826 -0.469881908087808
-0.313859338365493 -0.181206773492995
0.186140661634507 0.684818630291443
0.957427107756338 0.239516193000695
0.852807328301174 -0.469881908087808
0.186140661634507 -0.733977571885562
-0.375906225576995 0.239516193000695
-0.313859338365493 0.396143495696630
0.019473994967840 0.660239159494384
0.748187548846009 0.552770798392567
1.019473994967840 0.082888890304759
0.748187548846009 -0.601929739986685
0.352807328301174 -0.758557042682621
-0.437953112788498 0.082888890304759
-0.375906225576995 0.288675134594813
0.519473994967840 0.684818630291443
1.019473994967840 -0.181206773492995
-0.147192671698826 0.684818630291443
0.124093774423005 0.792286991393261
0.914854215512676 -0.577350269189626
0.686140661634507 -0.758557042682621
-0.104619779455164 -0.758557042682621
-0.375906225576995 0.503611856798448
0.957427107756338 0.503611856798448
1.081520882179343 0.288675134594813
0.414854215512676 -0.866025403784439
-0.042572892243662 0.816866462190320
1.186140661634507 -0.156627302695936
0.352807328301174 0.973493764886256
1.186140661634507 -0.469881908087808
1.352807328301174 -0.181206773492995
0.686140661634507 -1.022652706480375
0.457427107756338 1.105541596785133
1.352807328301174 0.396143495696630
-0.771286446121831 -0.445302437290749
-0.709239558910329 0.552770798392567
-0.042572892243662 1.080962125988074
0.624093774423005 1.080962125988074
1.081520882179343 0.816866462190320
1.414854215512676 0.239516193000695
1.081520882179343 -0.866025403784439
-0.709239558910329 -0.601929739986685
0.581520882179343 -1.154700538379252
-0.480526005032160 -0.998073235683316
0.019473994967840 1.237589428684010
0.019473994967840 -1.286748370278128
-0.771286446121831 -0.758557042682621
-0.875906225576995 -0.577350269189626
-0.937953112788498 0.371564024899571
0.124093774423005 1.369637260582887
-0.875906225576995 0.792286991393261
-0.709239558910329 1.130121067582192
-0.209239558910329 1.418796202177005
-0.209239558910329 -1.467955143771124
-0.709239558910329 -1.179280009176311
-1.209239558910329 -0.313254605391872
-1.209239558910329 0.264095663797754
-0.937953112788498 0.948914294089197
-1.166666666666667 0.552770798392567
-1.104619779455164 0.973493764886256
-1.209239558910329 0.841445932987379
0.895380220544836 -0.758557042682621
-0.542572892243662 0.792286991393261
-0.937953112788498 -0.205786244290054
-0.542572892243662 1.369637260582887
-0.372312346483162 1.173853132212967
-0.415576244054105 -1.198033650898309
-0.380654560933880 0.716502100325658
0.596848406946653 0.927423762998675
1.268263408970204 0.186342191875958
0.962175443113223 -0.765661041919776
-0.015327524767310 -0.976582704592794
-0.686742526790861 -0.235501133470077
0.019594158352916 0.937953046631173
-0.678400312340143 0.221849898417233
-0.407234029603387 -0.740682619010999
0.561926723826427 -0.987111988225291
1.259921194519486 -0.271008840011351
0.988754911782730 0.691523677416881
-1.078649031626939 0.000398952111717
0.317339909759179 1.432605248539598
-0.957908809527617 0.727031383958155
-0.984488278197124 -0.730153335378502
-1.086991246077657 -0.456952079775592
-0.772561065769958 0.952402185907452
-1.070306817176221 0.457749983999027
-0.023669739218028 -1.433933736480103
0.691009160376467 0.196871475508456
-0.557660090240821 0.948482330263671
0.664429691706960 -1.260313243828201
-0.109488278197124 -0.246030417102575
-0.082908809527617 1.211154302234082
-1.358157528814413 0.505580437652640
-0.101146063746407 0.211320614784735
1.174102655540389 0.916894479366177
-1.376394783033202 -0.494253249796708
-0.127725532415914 -1.245864104551922
0.299102655540389 0.432771561090250
-0.976146063746407 -0.272802303491192
0.282418226638953 -0.481930502684369
-0.966251023978335 0.269680352070846
0.682666945925749 -0.260479556378853
0.709246414595257 1.196705162957803
-0.592581773361047 -0.966053420960296
0.868014689683408 -0.035108754429557
0.570268938277145 -0.529760956337982
-0.006985310316592 -0.519231672705484
-1.255654560933880 0.232379182049730
-0.286493807504065 -0.014050187164562
0.011251943902198 0.480602014743863
-1.263996775384598 -0.224971849837579
0.588506192495934 0.470072731111366
0.196599687659857 0.705972816693160
0.970517657563941 -0.308310010032466
0.980412697332012 0.234172645529571
-0.294836021954783 -0.471401219051871
0.027936372803634 1.395304078518482
-0.807482748890183 -0.962133565316515
-0.799140534439466 -0.504782533429205
0.170020218990349 -0.751211902643497
1.251578980068768 -0.728359871898661
1.445268938277145 -0.045638038062055
-0.304731061722855 -1.013883874613909
-0.268256553285276 0.985783500284786
-0.278151593053347 0.443300844722748
0.419842877639711 1.159403992936688
-0.388996775384598 0.259151068438348
-0.259914338834558 1.443134532172095
0.384921194519486 -0.755131758287278
-0.695084741241579 -0.692852165357386
-0.306087965856981 -0.952003233795734
0.693912034143019 -0.952003233795734
-0.806087965856981 -0.085977830011296
0.193912034143019 -0.085977830011296
-0.763515073613319 0.994984295976779
0.151339141899357 0.994984295976779
1.151339141899357 0.417634026787153
-0.306087965856981 0.417634026787153
-0.306087965856981 0.994984295976779
-0.534801519735150 0.021490531090522
0.422625588021188 -0.267184603504291
0.651339141899357 -1.240678368390547
-1.263515073613319 -0.663328099200921
0.651339141899357 -0.663328099200921
-0.410707745312145 -0.819955401896857
-0.244041078645479 -0.795375931099798
-0.139421299190314 -0.927423762998675
-0.201468186401817 -1.084051065694611
-0.368134853068483 -1.108630536491670
-0.472754632523648 -0.976582704592793
-0.306087965856981 -0.687907569997980
-0.077374411978812 -1.084051065694611
-0.534801519735150 -1.084051065694611
-0.348660858100643 -0.663328099200921
-0.263515073613319 -0.663328099200921
-0.034801519735150 -1.059471594897552
-0.077374411978812 -1.133210007288729
-0.534801519735150 -1.133210007288729
-0.577374411978812 -1.059471594897552
-0.139421299190314 -0.663328099200921
-0.139421299190314 -1.240678368390547
-0.639421299190314 -0.687907569997980
-0.368134853068483 -0.531280267302044
0.027245367476352 -0.687907569997980
0.089292254687855 -0.795375931099798
0.089292254687855 -1.108630536491670
0.027245367476352 -1.216098897593488
-0.244041078645479 -1.372726200289424
-0.368134853068483 -1.372726200289424
-0.639421299190314 -1.216098897593488
-0.701468186401817 -1.108630536491670
-0.701468186401817 -0.795375931099798
-0.639421299190314 -0.638748628403862
-0.534801519735150 -0.555859738099104
-0.077374411978812 -0.555859738099104
0.027245367476352 -0.638748628403862
0.131865146931517 -0.819955401896857
0.151339141899357 -0.952003233795734
-0.077374411978812 -1.348146729492365
-0.201468186401817 -1.397305671086483
-0.410707745312145 -1.397305671086483
-0.534801519735150 -1.348146729492365
-0.763515073613319 -0.952003233795734
-0.744041078645479 -0.819955401896857
-0.806087965856981 -0.663328099200921
-0.701468186401817 -0.531280267302044
-0.472754632523648 -0.399232435403168
-0.306087965856981 -0.374652964606108
-0.139421299190314 -0.399232435403168
0.089292254687855 -0.531280267302044
0.193912034143019 -0.663328099200921
0.255958921354521 -0.819955401896857
0.255958921354521 -1.084051065694611
0.193912034143019 -1.240678368390547
0.089292254687855 -1.372726200289424
-0.806087965856981 -1.240678368390547
-0.868134853068484 -1.084051065694611
-0.868134853068484 -0.819955401896857
-0.472754632523648 -0.350073493809049
-0.139421299190314 -0.350073493809049
0.298531813598183 -1.108630536491670
0.131865146931517 -1.397305671086483
-0.910707745312145 -1.108630536491670
-0.868134853068484 -0.506700796504985
-0.410707745312145 -0.242605132707232
-0.201468186401817 -0.242605132707232
0.255958921354521 -0.506700796504985
0.360578700809686 -0.687907569997980
0.360578700809686 -1.216098897593488
0.255958921354521 -1.397305671086483
-0.972754632523648 -0.687907569997980
-0.910707745312145 -0.531280267302044
-0.763515073613319 -0.374652964606108
-0.577374411978812 -0.267184603504291
-0.034801519735150 -0.267184603504291
0.151339141899357 -0.374652964606108
0.298531813598183 -0.531280267302044
0.360578700809686 -0.638748628403862
0.422625588021188 -0.844534872693916
0.422625588021188 -1.059471594897552
-1.034801519735150 -1.059471594897552
-1.034801519735150 -0.844534872693916
-0.972754632523648 -0.638748628403862
-0.806087965856981 -0.399232435403168
-0.534801519735150 -0.242605132707232
-0.077374411978812 -0.242605132707232
0.193912034143019 -0.399232435403168
0.422625588021188 -0.795375931099798
0.422625588021188 -1.108630536491670
-1.034801519735150 -0.795375931099798
-0.744041078645479 -0.242605132707232
-0.472754632523648 -0.135136771605414
0.131865146931517 -0.242605132707232
0.527245367476352 -0.927423762998675
-1.139421299190315 -0.927423762998675
-0.306087965856981 -0.110557300808355
0.422625588021188 -1.372726200289424
-0.972754632523648 -0.423811906200227
0.360578700809686 -0.423811906200227
0.484672475232690 -0.638748628403862
-1.096848406946653 -0.638748628403862
-0.868134853068484 -0.242605132707232
0.027245367476352 -0.110557300808355
0.589292254687855 -0.819955401896857
-0.368134853068483 0.046070001887581
-0.244041078645479 0.046070001887581
-0.972754632523648 -0.110557300808355
-0.701468186401817 0.046070001887581
0.089292254687855 0.046070001887581
0.360578700809686 -0.110557300808355
0.755958921354521 -0.795375931099798
0.755958921354521 -1.108630536491670
-1.201468186401817 -0.242605132707232
-0.472754632523648 0.178117833786458
-0.139421299190314 0.178117833786458
0.589292254687855 -0.242605132707232
0.755958921354521 -0.531280267302044
-1.368134853068483 -0.531280267302044
-1.306087965856981 -0.374652964606108
-1.096848406946653 -0.110557300808355
-0.639421299190314 0.153538362989399
-0.306087965856981 0.202697304583517
0.027245367476352 0.153538362989399
0.484672475232690 -0.110557300808355
0.693912034143019 -0.374652964606108
0.818005808566024 -0.687907569997980
0.818005808566024 -1.216098897593488
-1.263515073613319 -0.085977830011296
-0.577374411978812 0.310165665685335
-0.410707745312145 0.334745136482394
-0.201468186401817 0.334745136482394
-0.034801519735150 0.310165665685335
0.651339141899357 -0.085977830011296
0.922625588021188 -0.555859738099104
-0.868134853068484 0.334745136482394
-0.472754632523648 0.442213497584212
0.255958921354521 0.334745136482394
-1.472754632523648 -0.135136771605414
0.860578700809686 -0.135136771605414
0.984672475232690 -0.350073493809049
-1.368134853068483 0.046070001887581
-1.034801519735150 0.310165665685335
0.422625588021188 0.310165665685335
0.755958921354521 0.046070001887581
1.089292254687855 -0.531280267302044
1.151339141899357 -0.952003233795734
-1.306087965856981 0.202697304583517
-0.806087965856981 0.491372439178330
0.193912034143019 0.491372439178330
0.693912034143019 0.202697304583517
1.193912034143019 -0.663328099200921
-1.201468186401817 0.334745136482394
-0.534801519735150 0.598840800280148
-0.077374411978812 0.598840800280148
0.589292254687855 0.334745136482394
0.922625588021188 0.021490531090522
1.151339141899357 -0.374652964606108
1.255958921354521 -0.819955401896857
1.089292254687855 0.046070001887581
1.255958921354521 -0.242605132707232
-0.806087965856981 0.706309161381966
-0.306087965856981 0.780047573773143
0.193912034143019 0.706309161381966
0.880052695777526 0.310165665685335
1.193912034143019 -0.085977830011296
1.380052695777526 -0.555859738099104
-0.972754632523648 0.730888632179025
0.360578700809686 0.730888632179025
0.860578700809686 0.442213497584212
-1.034801519735150 0.887515934874961
0.422625588021188 0.887515934874961
-0.596848406946653 -0.927423762998675
0.027245367476352 -0.952003233795734
-1.139421299190315 -0.135136771605414
-0.139421299190314 0.442213497584212
-1.139421299190315 0.442213497584212
-0.139421299190314 1.019563766773838
-0.472754632523648 -0.663328099200921
0.027245367476352 -0.061398359214237
-0.034801519735150 0.887515934874961
-0.430181740279986 -1.216098897593488
0.631865146931516 -1.108630536491670
-0.639421299190314 -0.061398359214237
-0.848420531330493 0.973061801060729
0.306087965856981 0.952003233795734
1.089900975529137 0.480203062632146
-1.248669250617289 0.751610854755214
-0.969160753429815 0.246429369214292
1.063321506859630 -0.976981656704511
-0.977502967880533 -0.210921662673017
0.671415002023552 -0.741081571122717
-0.577254248593737 0.010529283632498
-1.275248719286796 -0.705573864581442
0.663072787572833 -1.198432603010026
0.391906504836078 -0.235900085581794
0.969160753429815 -0.246429369214292
-0.279508497187474 0.505181485540923
0.792155224122874 -0.014449139276279
-1.369409472716610 0.024978422908777
0.008342214450718 0.457351031887310
0.094160753429815 -0.730552287490219
0.120740222099322 0.726632431846438
-1.154508497187474 0.021058567264996
-0.706336685143777 -1.173454180101250
-0.679757216474270 0.283730539235407
-0.697994470693059 -0.716103148213940
0.577254248593737 -0.010529283632498
-0.671415002023552 0.741081571122717
-0.297745751406263 -0.494652201908425
0.977502967880533 0.210921662673018
-0.314430180307699 -1.409354265683044
0.960818538979097 -0.703780401101601
0.085818538979097 -1.187903319377528
1.361067258265893 -0.482329454796086
0.112398007648604 0.269281399959128
0.271166282736756 -0.962532517428232
0.297745751406263 0.494652201908425
-0.026579468669507 -1.457184719336657
0.026579468669507 1.457184719336657
-0.883342214450718 -0.941473950163237
-0.585596463044455 -0.446821748254812
-0.008342214450718 -0.457351031887309
-0.400248719286796 -0.221450946305515
0.373669250617288 -1.235733773031142
0.383564290385360 -0.693251117469104
-0.568912034143019 0.467880315519807
1.071663721310347 -0.519630624817201
0.697994470693059 0.716103148213940
0.400248719286796 0.221450946305515
1.369409472716611 -0.024978422908776
0.848420531330493 -0.973061801060730
-0.865104960231929 0.058359737286111
0.689652256242341 0.258752116326631
-0.875000000000000 -0.484122918275927
-0.177005529306941 0.231980229938013
1.275248719286796 0.705573864581442
-0.985845182331251 -0.668272694560327
-0.856762745781211 0.515710769173420
-0.271166282736756 0.962532517428232
-0.193912034143019 0.085977830011296
-0.693912034143019 0.952003233795734
0.806087965856981 0.085977830011296
0.763515073613319 -0.994984295976779
-0.151339141899357 -0.994984295976779
-1.151339141899357 -0.417634026787153
-0.880052695777526 0.267184603504291
-1.380052695777526 -0.021490531090522
1.263515073613319 0.663328099200921
0.534801519735150 -0.021490531090522
-0.422625588021188 0.267184603504291
-0.651339141899357 1.240678368390547
0.077374411978812 -0.021490531090522
1.034801519735150 0.267184603504291
0.201468186401817 1.084051065694611
0.368134853068483 1.108630536491670
0.472754632523648 0.976582704592794
0.410707745312145 0.819955401896857
0.244041078645479 0.795375931099798
0.139421299190314 0.927423762998675
0.306087965856981 1.216098897593488
0.534801519735150 0.819955401896857
0.077374411978812 0.819955401896857
0.263515073613319 1.240678368390547
0.348660858100643 1.240678368390547
0.577374411978812 0.844534872693916
0.534801519735150 0.770796460302739
0.077374411978812 0.770796460302739
0.034801519735150 0.844534872693916
0.472754632523648 1.240678368390547
0.472754632523648 0.663328099200921
-0.027245367476352 1.216098897593488
0.244041078645479 1.372726200289424
0.639421299190314 1.216098897593488
0.701468186401817 1.108630536491670
0.701468186401817 0.795375931099798
0.639421299190314 0.687907569997980
0.368134853068483 0.531280267302044
0.244041078645479 0.531280267302044
-0.027245367476352 0.687907569997980
-0.089292254687855 0.795375931099798
-0.089292254687855 1.108630536491670
-0.027245367476352 1.265257839187606
0.077374411978812 1.348146729492365
0.534801519735150 1.348146729492365
0.639421299190314 1.265257839187606
0.744041078645479 1.084051065694611
0.763515073613319 0.952003233795734
0.534801519735150 0.555859738099104
0.410707745312145 0.506700796504985
0.201468186401817 0.506700796504985
0.077374411978812 0.555859738099104
-0.151339141899357 0.952003233795734
-0.131865146931517 1.084051065694611
-0.193912034143019 1.240678368390547
-0.089292254687855 1.372726200289424
0.806087965856981 1.240678368390547
0.868134853068484 1.084051065694611
0.868134853068484 0.819955401896857
0.806087965856981 0.663328099200921
0.701468186401817 0.531280267302044
0.472754632523648 0.399232435403168
0.306087965856981 0.374652964606108
0.139421299190314 0.399232435403168
-0.089292254687855 0.531280267302044
-0.193912034143019 0.663328099200921
-0.255958921354521 0.819955401896857
-0.255958921354521 1.084051065694611
0.910707745312145 0.795375931099798
0.744041078645479 0.506700796504985
-0.131865146931517 0.506700796504985
-0.298531813598183 0.795375931099798
-0.255958921354521 1.397305671086483
0.972754632523648 0.687907569997980
0.868134853068484 0.506700796504985
0.410707745312145 0.242605132707232
0.201468186401817 0.242605132707232
-0.255958921354521 0.506700796504985
-0.360578700809686 0.687907569997980
-0.360578700809686 1.216098897593488
-0.298531813598183 1.372726200289424
1.034801519735150 1.059471594897552
1.034801519735150 0.844534872693916
0.763515073613319 0.374652964606108
0.577374411978812 0.267184603504291
0.368134853068483 0.218025661910172
0.244041078645479 0.218025661910172
0.034801519735150 0.267184603504291
-0.151339141899357 0.374652964606108
-0.422625588021188 0.844534872693916
-0.422625588021188 1.059471594897552
-0.360578700809686 1.265257839187606
1.034801519735150 0.795375931099798
0.806087965856981 0.399232435403168
0.534801519735150 0.242605132707232
0.077374411978812 0.242605132707232
-0.193912034143019 0.399232435403168
-0.422625588021188 0.795375931099798
-0.422625588021188 1.108630536491670
0.930181740279986 0.399232435403168
0.701468186401817 0.218025661910172
-0.089292254687855 0.218025661910172
-0.318005808566024 0.399232435403168
-0.484672475232690 0.687907569997980
-0.527245367476352 0.976582704592794
1.034801519735150 0.531280267302044
-0.422625588021188 0.531280267302044
0.430181740279986 0.110557300808355
0.181994191433976 0.110557300808355
-0.484672475232690 1.265257839187606
0.868134853068484 0.242605132707232
-0.027245367476352 0.110557300808355
-0.255958921354521 0.242605132707232
-0.589292254687855 0.819955401896857
1.201468186401817 0.506700796504985
1.139421299190315 0.399232435403168
-0.527245367476352 0.399232435403168
-0.589292254687855 0.506700796504985
0.972754632523648 0.110557300808355
0.701468186401817 -0.046070001887581
-0.089292254687855 -0.046070001887581
-0.360578700809686 0.110557300808355
-0.755958921354521 0.795375931099798
-0.755958921354521 1.108630536491670
1.368134853068483 0.531280267302044
1.201468186401817 0.242605132707232
0.472754632523648 -0.178117833786458
0.139421299190314 -0.178117833786458
-0.589292254687855 0.242605132707232
-0.755958921354521 0.531280267302044
1.306087965856981 0.374652964606108
1.096848406946653 0.110557300808355
0.639421299190314 -0.153538362989399
0.306087965856981 -0.202697304583517
-0.027245367476352 -0.153538362989399
-0.484672475232690 0.110557300808355
-0.693912034143019 0.374652964606108
-0.818005808566024 0.687907569997980
-0.818005808566024 1.216098897593488
0.596848406946653 -0.178117833786458
-0.465198480264850 -0.021490531090522
1.368134853068483 0.218025661910172
1.263515073613319 0.085977830011296
0.577374411978812 -0.310165665685335
0.034801519735150 -0.310165665685335
-0.651339141899357 0.085977830011296
-0.755958921354521 0.218025661910172
-0.860578700809686 0.399232435403168
-0.922625588021188 0.555859738099104
1.430181740279986 0.110557300808355
1.139421299190315 -0.178117833786458
-0.527245367476352 -0.178117833786458
-0.984672475232690 0.399232435403168
-1.089292254687855 0.795375931099798
0.430181740279986 -0.466792968381271
0.181994191433976 -0.466792968381271
1.034801519735150 -0.310165665685335
0.639421299190314 -0.466792968381271
-0.027245367476352 -0.466792968381271
-0.422625588021188 -0.310165665685335
-1.151339141899357 0.952003233795734
1.306087965856981 -0.202697304583517
0.806087965856981 -0.491372439178330
-0.193912034143019 -0.491372439178330
-0.693912034143019 -0.202697304583517
-1.193912034143019 0.663328099200921
0.972754632523648 -0.466792968381271
0.534801519735150 -0.598840800280148
0.077374411978812 -0.598840800280148
-0.360578700809686 -0.466792968381271
-0.922625588021188 -0.021490531090522
-1.151339141899357 0.374652964606108
1.096848406946653 -0.466792968381271
0.472754632523648 -0.755468102976084
0.139421299190314 -0.755468102976084
0.806087965856981 -0.706309161381966
0.306087965856981 -0.780047573773143
-0.193912034143019 -0.706309161381966
-0.880052695777526 -0.310165665685335
-1.193912034143019 0.085977830011296
-1.380052695777526 0.555859738099104
-0.818005808566024 -0.466792968381271
0.930181740279986 -0.755468102976084
-0.318005808566024 -0.755468102976084
-1.422625588021188 0.267184603504291
-0.922625588021188 -0.598840800280148
-0.027245367476352 -1.044143237570897
0.015327524767310 0.976582704592794
0.639421299190314 0.952003233795734
0.910707745312145 0.218025661910172
-0.922625588021188 0.770796460302739
-0.818005808566024 0.110557300808355
-1.151339141899357 -0.202697304583517
0.139421299190314 1.240678368390547
0.015327524767310 -0.178117833786458
-0.484672475232690 -0.466792968381271
0.181994191433976 0.687907569997980
1.244041078645479 0.795375931099798
-1.089900975529137 -0.480203062632146
-0.663072787572833 1.198432603010026
-0.391906504836078 0.235900085581794
-1.063321506859630 0.976981656704511
0.279508497187474 -0.505181485540923
-1.071663721310347 0.519630624817201
0.568912034143019 -0.467880315519807
0.706336685143777 1.173454180101250
0.679757216474270 -0.283730539235407
-0.094160753429815 0.730552287490219
-0.120740222099322 -0.726632431846438
1.154508497187474 -0.021058567264996
-0.085818538979097 1.187903319377528
-1.361067258265893 0.482329454796086
-0.112398007648604 -0.269281399959128
0.314430180307699 1.409354265683044
-0.960818538979097 0.703780401101601
0.883342214450718 0.941473950163237
0.585596463044455 0.446821748254812
1.257011465068006 -0.294259822867905
0.985845182331251 0.668272694560327
-0.792155224122874 0.014449139276279
-0.783813009672156 0.471800171163588
0.185347743757659 0.225370801949296
1.266906504836078 0.248222832694133
-0.289403536955545 -0.037301170021115
-0.262824068286038 1.419883549315542
1.248669250617289 -0.751610854755214
-0.373669250617288 1.235733773031142
-1.266906504836078 -0.248222832694133
-0.228833717263244 -0.096507113643793
-0.728833717263244 -0.962532517428232
0.771166282736756 -0.096507113643793
-0.186260825019582 0.984455012344281
0.728593390493094 0.984455012344281
-1.186260825019582 0.407104743154655
0.271166282736756 0.407104743154655
0.271166282736756 0.984455012344281
0.042452728858587 0.010961247458025
0.999879836614925 -0.277713887136788
-0.686260825019582 -0.673857382833419
1.228593390493094 -0.673857382833419
0.166546503281591 -0.830484685529355
0.333213169948258 -0.805905214732296
0.437832949403422 -0.937953046631173
0.375786062191920 -1.094580349327109
0.209119395525253 -1.119159820124168
0.104499616070089 -0.987111988225291
0.271166282736756 -0.698436853630478
0.499879836614925 -1.094580349327109
0.042452728858587 -1.094580349327109
0.228593390493094 -0.673857382833419
0.313739174980418 -0.673857382833419
0.542452728858587 -1.070000878530050
0.499879836614925 -1.143739290921227
0.042452728858587 -1.143739290921227
-0.000120163385075 -1.070000878530050
0.437832949403422 -0.673857382833419
0.437832949403422 -1.251207652023045
-0.062167050596578 -0.698436853630478
0.209119395525253 -0.541809550934542
0.604499616070089 -0.698436853630478
0.666546503281591 -0.805905214732296
0.666546503281591 -1.119159820124168
0.604499616070089 -1.226628181225986
0.333213169948258 -1.383255483921922
0.209119395525253 -1.383255483921922
-0.062167050596578 -1.226628181225986
-0.124213937808080 -1.119159820124168
-0.124213937808080 -0.805905214732296
-0.062167050596578 -0.649277912036360
0.042452728858587 -0.566389021731601
0.499879836614925 -0.566389021731601
0.604499616070089 -0.649277912036360
0.709119395525253 -0.830484685529355
0.728593390493094 -0.962532517428232
0.499879836614925 -1.358676013124863
0.375786062191920 -1.407834954718981
0.166546503281591 -1.407834954718981
0.042452728858587 -1.358676013124863
-0.186260825019582 -0.962532517428232
-0.166786830051742 -0.830484685529355
-0.228833717263244 -0.673857382833419
-0.124213937808080 -0.541809550934542
0.104499616070089 -0.409761719035665
0.271166282736756 -0.385182248238606
0.437832949403422 -0.409761719035665
0.666546503281591 -0.541809550934542
0.771166282736756 -0.673857382833419
0.833213169948258 -0.830484685529355
0.833213169948258 -1.094580349327109
0.771166282736756 -1.251207652023045
-0.124213937808080 -1.383255483921922
-0.228833717263244 -1.251207652023045
-0.290880604474747 -1.094580349327109
-0.290880604474747 -0.830484685529355
0.104499616070089 -0.360602777441547
0.437832949403422 -0.360602777441547
0.875786062191920 -1.119159820124168
-0.166786830051742 -1.407834954718981
-0.333453496718409 -1.119159820124168
-0.290880604474747 -0.517230080137483
0.166546503281591 -0.253134416339729
0.375786062191920 -0.253134416339729
0.833213169948258 -0.517230080137483
0.937832949403422 -0.698436853630478
-0.290880604474747 -1.407834954718981
-0.395500383929911 -1.226628181225986
-0.395500383929911 -0.698436853630478
-0.333453496718409 -0.541809550934542
-0.186260825019582 -0.385182248238606
-0.000120163385075 -0.277713887136788
0.542452728858587 -0.277713887136788
0.728593390493094 -0.385182248238606
0.875786062191920 -0.541809550934542
0.937832949403422 -0.649277912036360
0.999879836614925 -0.855064156326414
0.999879836614925 -1.070000878530050
-0.457547271141413 -1.070000878530050
-0.457547271141413 -0.855064156326414
-0.395500383929911 -0.649277912036360
-0.228833717263244 -0.409761719035665
0.042452728858587 -0.253134416339729
0.499879836614925 -0.253134416339729
0.771166282736756 -0.409761719035665
0.999879836614925 -0.805905214732296
-0.457547271141413 -1.119159820124168
-0.457547271141413 -0.805905214732296
-0.166786830051742 -0.253134416339729
0.104499616070089 -0.145666055237911
0.709119395525253 -0.253134416339729
1.104499616070089 -0.937953046631173
-0.519594158352916 -1.226628181225986
-0.562167050596578 -0.937953046631173
0.271166282736756 -0.121086584440852
-0.457547271141413 -1.383255483921922
-0.395500383929911 -0.434341189832724
0.937832949403422 -0.434341189832724
1.061926723826427 -0.649277912036360
-0.519594158352916 -0.649277912036360
-0.290880604474747 -0.253134416339729
0.604499616070089 -0.121086584440852
1.166546503281591 -0.830484685529355
-0.624213937808080 -1.094580349327109
0.209119395525253 0.035540718255084
0.333213169948258 0.035540718255084
-0.395500383929911 -0.121086584440852
-0.124213937808080 0.035540718255084
0.666546503281591 0.035540718255084
0.937832949403422 -0.121086584440852
-0.790880604474747 -1.119159820124168
-0.790880604474747 -0.805905214732296
-0.624213937808080 -0.253134416339729
0.104499616070089 0.167588550153961
0.437832949403422 0.167588550153961
1.166546503281591 -0.253134416339729
1.333213169948258 -0.541809550934542
-0.790880604474747 -0.541809550934542
-0.728833717263244 -0.385182248238606
-0.519594158352916 -0.121086584440852
-0.062167050596578 0.143009079356901
0.271166282736756 0.192168020951020
0.604499616070089 0.143009079356901
1.061926723826427 -0.121086584440852
1.271166282736756 -0.385182248238606
-0.852927491686249 -1.226628181225986
-0.852927491686249 -0.698436853630478
-0.852927491686249 -0.649277912036360
-0.686260825019582 -0.096507113643793
-0.000120163385075 0.299636382052837
0.166546503281591 0.324215852849897
0.375786062191920 0.324215852849897
0.542452728858587 0.299636382052837
1.228593390493094 -0.096507113643793
-0.957547271141413 -0.566389021731601
-0.290880604474747 0.324215852849897
0.104499616070089 0.431684213951714
0.833213169948258 0.324215852849897
-0.895500383929911 -0.145666055237911
1.437832949403423 -0.145666055237911
-1.019594158352916 -0.360602777441547
-0.790880604474747 0.035540718255084
-0.457547271141413 0.299636382052837
0.999879836614925 0.299636382052837
1.333213169948258 0.035540718255084
-1.124213937808080 -0.541809550934542
-0.728833717263244 0.192168020951020
-0.228833717263244 0.480843155545833
0.771166282736756 0.480843155545833
1.271166282736756 0.192168020951020
-1.228833717263244 -0.673857382833419
-0.957547271141413 0.010961247458025
-0.624213937808080 0.324215852849897
0.042452728858587 0.588311516647650
0.499879836614925 0.588311516647650
1.166546503281591 0.324215852849897
1.499879836614925 0.010961247458025
-1.186260825019582 -0.385182248238606
-1.124213937808080 0.035540718255084
-1.290880604474747 -0.253134416339729
-1.228833717263244 -0.096507113643793
-0.914974378897751 0.299636382052837
-0.228833717263244 0.695779877749468
0.271166282736756 0.769518290140645
0.771166282736756 0.695779877749468
1.457306944371263 0.299636382052837
-0.395500383929911 0.720359348546527
0.937832949403422 0.720359348546527
-0.895500383929911 0.431684213951714
-0.457547271141413 0.876986651242463
0.999879836614925 0.876986651242463
-0.019594158352916 -0.937953046631173
0.604499616070089 -0.962532517428232
-0.562167050596578 -0.145666055237911
-0.957547271141413 -1.143739290921227
0.437832949403422 0.431684213951714
-0.562167050596578 0.431684213951714
0.437832949403422 1.009034483141340
0.104499616070089 -0.673857382833419
0.604499616070089 -0.071927642846734
0.542452728858587 0.876986651242463
0.147072508313751 -1.226628181225986
-0.062167050596578 -0.071927642846734
-1.098243189979855 -0.937554094519455
-0.129082436550040 -1.183983463733747
-0.102502967880533 0.273201255602910
-1.377751687167329 -0.432372608978533
0.262824068286038 -1.419883549315542
0.875000000000000 0.484122918275927
0.177005529306941 -0.231980229938013
-0.287850711638192 0.047830453653613
-1.257011465068006 0.294259822867905
-0.408590933737514 -0.678801978192825
0.469160753429815 0.619596034570147
0.469160753429815 -1.112454772998730
-0.030839246570185 -0.246429369214292
-0.945693462082862 -0.823779638403918
-0.945693462082862 0.330920899975334
-0.488266354326523 1.123207891368595
0.969160753429815 1.123207891368595
-0.216979908204692 -0.931247999505735
-0.716979908204692 -1.219923134100548
0.740447199551646 0.727064395671965
0.240447199551646 -0.931247999505735
0.011733645673477 0.042245765380521
0.740447199551646 -1.219923134100548
0.864540973974650 -0.114381537315415
1.031207640641317 -0.089802066518356
1.135827420096481 -0.221849898417233
1.073780532884979 -0.378477201113169
0.907113866218312 -0.403056671910228
0.802494086763148 -0.271008840011351
0.969160753429815 0.017666294583462
1.197874307307984 -0.378477201113169
0.740447199551646 -0.378477201113169
0.926587861186153 0.042245765380521
1.011733645673476 0.042245765380521
1.240447199551646 -0.353897730316110
1.197874307307984 -0.427636142707287
0.740447199551646 -0.427636142707287
0.697874307307984 -0.353897730316110
1.135827420096481 0.042245765380521
1.135827420096481 -0.535104503809105
0.635827420096481 0.017666294583462
0.907113866218312 0.174293597279398
1.302494086763148 0.017666294583462
1.364540973974650 -0.089802066518356
1.364540973974650 -0.403056671910228
1.302494086763148 -0.510525033012046
1.031207640641317 -0.667152335707982
0.907113866218312 -0.667152335707982
0.635827420096481 -0.510525033012046
0.573780532884979 -0.403056671910228
0.573780532884979 -0.089802066518356
0.635827420096481 0.066825236177580
0.740447199551646 0.149714126482339
1.197874307307984 0.149714126482339
1.302494086763148 0.066825236177580
1.407113866218312 -0.114381537315415
1.426587861186153 -0.246429369214292
1.197874307307984 -0.642572864910922
1.073780532884979 -0.691731806505041
0.864540973974650 -0.691731806505041
0.740447199551646 -0.642572864910922
0.511733645673477 -0.246429369214292
0.531207640641317 -0.114381537315415
0.469160753429815 0.042245765380521
0.573780532884979 0.174293597279398
0.802494086763148 0.306341429178275
0.969160753429815 0.330920899975334
1.135827420096481 0.306341429178275
1.364540973974650 0.174293597279398
1.469160753429815 0.042245765380521
1.135827420096481 -0.799200167606858
0.969160753429815 -0.823779638403918
0.802494086763148 -0.799200167606858
0.573780532884979 -0.667152335707982
0.469160753429815 -0.535104503809105
0.407113866218312 -0.378477201113169
0.407113866218312 -0.114381537315415
0.802494086763148 0.355500370772393
1.135827420096481 0.355500370772393
0.531207640641317 -0.691731806505041
0.364540973974650 -0.403056671910228
0.407113866218312 0.198873068076457
0.864540973974650 0.462968731874211
1.073780532884979 0.462968731874211
1.073780532884979 -0.955827470302794
0.864540973974650 -0.955827470302794
0.407113866218312 -0.691731806505041
0.302494086763148 -0.510525033012046
0.302494086763148 0.017666294583462
0.364540973974650 0.174293597279398
0.511733645673477 0.330920899975334
0.697874307307984 0.438389261077152
1.240447199551646 0.438389261077152
1.426587861186153 0.330920899975334
1.031207640641317 -0.980406941099854
0.907113866218312 -0.980406941099854
0.697874307307984 -0.931247999505735
0.511733645673477 -0.823779638403918
0.240447199551646 -0.353897730316110
0.240447199551646 -0.138961008112474
0.302494086763148 0.066825236177580
0.469160753429815 0.306341429178275
0.740447199551646 0.462968731874211
1.197874307307984 0.462968731874211
0.740447199551646 -0.955827470302794
0.469160753429815 -0.799200167606858
0.240447199551646 -0.403056671910228
0.240447199551646 -0.089802066518356
0.531207640641317 0.462968731874211
0.802494086763148 0.570437092976029
1.407113866218312 0.462968731874211
0.573780532884979 -0.980406941099854
0.345066979006810 -0.799200167606858
0.178400312340143 -0.510525033012046
0.135827420096481 -0.221849898417233
0.969160753429815 0.595016563773088
0.240447199551646 -0.667152335707982
0.302494086763148 0.281761958381216
0.845066979006810 -1.087875302201671
0.178400312340143 0.066825236177580
0.407113866218312 0.462968731874211
1.302494086763148 0.595016563773088
0.635827420096481 -1.087875302201671
0.407113866218312 -0.955827470302794
0.073780532884979 -0.378477201113169
0.907113866218312 0.751643866469024
1.031207640641317 0.751643866469024
0.135827420096481 -0.799200167606858
0.073780532884979 -0.691731806505041
0.302494086763148 0.595016563773088
0.573780532884979 0.751643866469024
0.573780532884979 -1.244502604897607
0.302494086763148 -1.087875302201671
-0.092886133781688 -0.403056671910228
-0.092886133781688 -0.089802066518356
0.073780532884979 0.462968731874211
0.802494086763148 0.883691698367901
1.135827420096481 0.883691698367901
0.073780532884979 -0.955827470302794
-0.092886133781688 -0.667152335707982
-0.092886133781688 0.174293597279398
-0.030839246570185 0.330920899975334
0.178400312340143 0.595016563773088
0.635827420096481 0.859112227570841
0.969160753429815 0.908271169164960
0.635827420096481 -1.351970965999425
0.178400312340143 -1.087875302201671
-0.030839246570185 -0.823779638403918
-0.154933020993190 -0.510525033012046
-0.154933020993190 0.017666294583462
-0.154933020993190 0.066825236177580
0.197874307307984 -1.219923134100548
0.011733645673477 0.619596034570147
0.697874307307984 1.015739530266777
0.864540973974650 1.040319001063837
1.073780532884979 1.040319001063837
0.011733645673477 -1.112454772998730
-0.092886133781688 -0.980406941099854
-0.197505913236852 -0.799200167606858
-0.259552800448354 -0.642572864910922
-0.259552800448354 0.149714126482339
0.407113866218312 1.040319001063837
0.802494086763148 1.147787362165654
0.135827420096481 -1.376550436796484
-0.321599687659857 -0.799200167606858
-0.426219467115021 -0.403056671910228
-0.197505913236852 0.570437092976029
-0.321599687659857 0.355500370772393
-0.092886133781688 0.751643866469024
0.240447199551646 1.015739530266777
-0.488266354326523 -0.246429369214292
-0.426219467115021 0.174293597279398
-0.030839246570185 0.908271169164960
0.469160753429815 1.196946303759773
-0.030839246570185 -1.401129907593543
-0.530839246570185 -0.535104503809105
-0.530839246570185 0.042245765380521
-0.259552800448354 0.727064395671965
0.073780532884979 1.040319001063837
0.740447199551646 1.304414664861590
-0.259552800448354 -1.219923134100548
-0.488266354326523 -0.823779638403918
-0.592886133781688 -0.114381537315415
-0.488266354326523 0.330920899975334
-0.654933020993190 -0.221849898417233
-0.426219467115021 0.751643866469024
-0.592886133781688 0.462968731874211
-0.530839246570185 0.619596034570147
-0.216979908204692 1.015739530266777
0.469160753429815 1.411883025963408
-0.530839246570185 -1.112454772998730
-0.716979908204692 -0.642572864910922
-0.716979908204692 0.149714126482339
0.302494086763148 1.436462496760467
-0.821599687659857 -0.510525033012046
-0.197505913236852 1.147787362165654
-0.821599687659857 0.066825236177580
-0.759552800448354 -0.931247999505735
-0.988266354326523 -0.535104503809105
0.678400312340143 -0.221849898417233
1.302494086763148 -0.246429369214292
0.135827420096481 0.570437092976029
-0.259552800448354 -0.427636142707287
-0.154933020993190 -1.087875302201671
0.135827420096481 1.147787362165654
-0.488266354326523 -1.401129907593543
0.802494086763148 0.042245765380521
1.302494086763148 0.644175505367206
-0.926219467115021 0.462968731874211
0.845066979006810 -0.510525033012046
0.635827420096481 0.644175505367206
0.595491502812526 0.989304403816850
0.410143759054867 0.763933601867553
1.098243189979855 0.937554094519456
-0.559016994374948 1.010362971081845
0.289403536955545 0.037301170021115
0.418485973505585 1.221284633754863
-0.016684428901436 -0.914702063774619
0.197994470693059 -0.149922255570498
-0.302005529306941 0.716103148213940
1.197994470693059 -0.149922255570498
0.240567362936721 -1.230884381558573
-0.759432637063279 -0.653534112368947
-1.216859744819617 0.138752879024314
-0.488146190941448 0.031284517922497
-0.988146190941448 -0.257390616672316
0.926708024571228 -0.257390616672316
-0.030719083185110 0.031284517922497
-0.259432637063279 1.004778282808753
0.469280916814890 -0.257390616672316
1.426708024571228 0.031284517922497
0.593374691237895 0.848150980112817
0.760041357904561 0.872730450909876
0.864661137359725 0.740682619010999
0.802614250148223 0.584055316315063
0.635947583481556 0.559475845518004
0.531327804026392 0.691523677416881
0.697994470693059 0.980198812011694
0.926708024571228 0.584055316315063
0.469280916814890 0.584055316315063
0.655421578449397 1.004778282808753
0.740567362936721 1.004778282808753
0.969280916814890 0.608634787112122
0.926708024571228 0.534896374720945
0.469280916814890 0.534896374720945
0.426708024571228 0.608634787112122
0.864661137359725 1.004778282808753
0.864661137359725 0.427428013619127
0.364661137359726 0.980198812011694
0.635947583481556 1.136826114707630
1.031327804026392 0.980198812011694
1.093374691237895 0.872730450909876
1.093374691237895 0.559475845518004
1.031327804026392 0.452007484416186
0.760041357904561 0.295380181720250
0.635947583481556 0.295380181720250
0.364661137359726 0.452007484416186
0.302614250148223 0.559475845518004
0.302614250148223 0.872730450909876
0.364661137359726 1.029357753605812
0.469280916814890 1.112246643910571
0.926708024571228 1.112246643910571
1.031327804026392 1.029357753605812
1.135947583481556 0.848150980112817
1.155421578449397 0.716103148213940
0.926708024571228 0.319959652517310
0.802614250148223 0.270800710923191
0.593374691237895 0.270800710923191
0.469280916814890 0.319959652517310
0.240567362936721 0.716103148213940
0.260041357904561 0.848150980112817
0.197994470693059 1.004778282808753
0.302614250148223 1.136826114707630
0.531327804026392 1.268873946606507
0.697994470693059 1.293453417403566
1.260041357904561 0.584055316315063
1.197994470693059 0.427428013619127
1.093374691237895 0.295380181720250
0.864661137359725 0.163332349821374
0.697994470693059 0.138752879024314
0.531327804026392 0.163332349821374
0.302614250148223 0.295380181720250
0.197994470693059 0.427428013619127
0.135947583481556 0.584055316315063
0.135947583481556 0.848150980112817
0.531327804026392 1.318032888200625
1.302614250148223 0.559475845518004
1.135947583481556 0.270800710923191
0.260041357904561 0.270800710923191
0.093374691237895 0.559475845518004
0.135947583481556 1.161405585504689
1.364661137359725 0.452007484416186
1.260041357904561 0.270800710923191
0.802614250148223 0.006705047125438
0.593374691237895 0.006705047125438
0.135947583481556 0.270800710923191
0.031327804026392 0.452007484416186
0.031327804026392 0.980198812011694
0.093374691237895 1.136826114707630
0.240567362936721 1.293453417403566
0.426708024571228 1.400921778505384
1.155421578449397 0.138752879024314
0.969280916814890 0.031284517922497
0.760041357904561 -0.017874423671622
0.635947583481556 -0.017874423671622
0.426708024571228 0.031284517922497
0.240567362936721 0.138752879024314
-0.030719083185110 0.608634787112122
-0.030719083185110 0.823571509315758
0.031327804026392 1.029357753605812
0.197994470693059 1.268873946606507
1.197994470693059 0.163332349821374
0.926708024571228 0.006705047125438
0.469280916814890 0.006705047125438
0.197994470693059 0.163332349821374
-0.030719083185110 0.559475845518004
-0.030719083185110 0.872730450909876
0.260041357904561 1.425501249302443
1.322088245116064 0.163332349821374
1.093374691237895 -0.017874423671622
0.302614250148223 -0.017874423671622
0.073900696270054 0.163332349821374
-0.092765970396613 0.452007484416186
-0.135338862640275 0.740682619010999
1.426708024571228 0.295380181720250
-0.030719083185110 0.295380181720250
0.031327804026392 1.244294475809448
0.822088245116064 -0.125342784773439
0.573900696270054 -0.125342784773439
-0.092765970396613 1.029357753605812
0.135947583481556 1.425501249302443
1.260041357904561 0.006705047125438
0.364661137359726 -0.125342784773439
0.135947583481556 0.006705047125438
-0.197385749851777 0.584055316315063
-0.135338862640275 0.163332349821374
-0.197385749851777 0.270800710923191
1.364661137359725 -0.125342784773439
1.093374691237895 -0.281970087469375
0.302614250148223 -0.281970087469375
0.031327804026392 -0.125342784773439
-0.364052416518443 0.559475845518004
-0.364052416518443 0.872730450909876
-0.197385749851777 1.425501249302443
0.864661137359725 -0.414017919368252
0.531327804026392 -0.414017919368252
-0.197385749851777 0.006705047125438
-0.364052416518443 0.295380181720250
-0.364052416518443 1.136826114707630
-0.302005529306941 1.293453417403566
1.488754911782730 -0.125342784773439
1.031327804026392 -0.389438448571193
0.697994470693059 -0.438597390165312
0.364661137359726 -0.389438448571193
-0.092765970396613 -0.125342784773439
-0.302005529306941 0.138752879024314
-0.426099303729946 0.452007484416186
-0.426099303729946 0.980198812011694
0.988754911782730 -0.414017919368252
-0.426099303729946 1.029357753605812
-0.073291975428772 -0.257390616672316
0.969280916814890 -0.546065751267129
0.426708024571228 -0.546065751267129
-0.259432637063279 -0.149922255570498
-0.364052416518443 -0.017874423671622
-0.468672195973608 0.163332349821374
-0.530719083185110 0.319959652517310
-0.530719083185110 1.112246643910571
-0.135338862640275 -0.414017919368252
-0.592765970396612 0.163332349821374
-0.697385749851777 0.559475845518004
0.822088245116064 -0.702693053963065
0.573900696270054 -0.702693053963065
-0.592765970396612 1.318032888200625
1.031327804026392 -0.702693053963065
0.364661137359726 -0.702693053963065
-0.030719083185110 -0.546065751267129
-0.759432637063279 0.716103148213940
-0.697385749851777 1.136826114707630
1.197994470693059 -0.727272524760124
0.197994470693059 -0.727272524760124
-0.302005529306941 -0.438597390165312
-0.802005529306941 0.427428013619127
-0.802005529306941 1.004778282808753
0.926708024571228 -0.834740885861942
0.469280916814890 -0.834740885861942
0.031327804026392 -0.702693053963065
-0.530719083185110 -0.257390616672316
-0.759432637063279 0.138752879024314
-0.864052416518443 0.848150980112817
-0.759432637063279 1.293453417403566
-0.926099303729946 0.740682619010999
0.864661137359725 -0.991368188557878
0.531327804026392 -0.991368188557878
0.697994470693059 -1.015947659354937
0.197994470693059 -0.942209246963760
-0.488146190941448 -0.546065751267129
-0.802005529306941 -0.149922255570498
-0.988146190941448 0.319959652517310
-0.988146190941448 1.112246643910571
-0.426099303729946 -0.702693053963065
-1.092765970396612 0.452007484416186
0.073900696270054 -0.991368188557878
-1.030719083185110 0.031284517922497
-0.530719083185110 -0.834740885861942
-1.259432637063279 0.427428013619127
0.364661137359726 -1.280043323152691
0.407234029603387 0.740682619010999
1.031327804026392 0.716103148213940
1.302614250148223 -0.017874423671622
-0.530719083185110 0.534896374720945
-0.426099303729946 -0.125342784773439
-0.759432637063279 -0.438597390165312
0.531327804026392 1.004778282808753
0.407234029603387 -0.414017919368252
-0.092765970396613 -0.702693053963065
0.573900696270054 0.452007484416186
-0.185347743757659 -0.225370801949296
1.377751687167328 0.432372608978533
0.102502967880533 -0.273201255602910
0.129082436550040 1.183983463733747
0.018237254218789 0.999833687449347
0.030839246570185 0.246429369214292
-0.469160753429815 -0.619596034570147
-0.469160753429815 1.112454772998730
0.945693462082862 0.823779638403918
0.945693462082862 -0.330920899975334
0.488266354326523 -1.123207891368595
0.216979908204692 -0.438389261077152
0.716979908204692 -0.727064395671965
-0.240447199551646 0.931247999505735
-0.011733645673477 -0.042245765380521
-0.740447199551646 -0.727064395671965
-1.197874307307984 -0.727064395671965
-0.240447199551646 -0.438389261077152
-0.011733645673477 0.535104503809105
-1.073780532884979 0.378477201113169
-0.907113866218312 0.403056671910228
-0.802494086763148 0.271008840011351
-0.864540973974650 0.114381537315415
-1.031207640641317 0.089802066518356
-1.135827420096481 0.221849898417233
-0.969160753429815 0.510525033012046
-0.740447199551646 0.114381537315415
-1.197874307307984 0.114381537315415
-1.011733645673476 0.535104503809105
-0.926587861186153 0.535104503809105
-0.697874307307984 0.138961008112474
-0.740447199551646 0.065222595721297
-1.197874307307984 0.065222595721297
-1.240447199551646 0.138961008112474
-0.802494086763148 0.535104503809105
-0.802494086763148 -0.042245765380521
-1.302494086763148 0.510525033012046
-1.031207640641317 0.667152335707982
-0.635827420096481 0.510525033012046
-0.573780532884979 0.403056671910228
-0.573780532884979 0.089802066518356
-0.635827420096481 -0.017666294583462
-0.907113866218312 -0.174293597279398
-1.031207640641317 -0.174293597279398
-1.302494086763148 -0.017666294583462
-1.364540973974650 0.089802066518356
-1.364540973974650 0.403056671910228
-1.302494086763148 0.559683974606164
-1.197874307307984 0.642572864910922
-0.740447199551646 0.642572864910922
-0.635827420096481 0.559683974606164
-0.531207640641317 0.378477201113169
-0.511733645673477 0.246429369214292
-0.740447199551646 -0.149714126482339
-0.864540973974650 -0.198873068076457
-1.073780532884979 -0.198873068076457
-1.197874307307984 -0.149714126482339
-1.426587861186153 0.246429369214292
-1.407113866218312 0.378477201113169
-1.135827420096481 0.799200167606858
-0.969160753429815 0.823779638403918
-0.802494086763148 0.799200167606858
-0.573780532884979 0.667152335707982
-0.469160753429815 0.535104503809105
-0.407113866218312 0.378477201113169
-0.407113866218312 0.114381537315415
-0.469160753429815 -0.042245765380521
-0.573780532884979 -0.174293597279398
-0.802494086763148 -0.306341429178275
-0.969160753429815 -0.330920899975334
-1.135827420096481 -0.306341429178275
-1.364540973974650 -0.174293597279398
-1.469160753429815 -0.042245765380521
-1.135827420096481 0.848359109200977
-0.802494086763148 0.848359109200977
-0.364540973974650 0.089802066518356
-0.531207640641317 -0.198873068076457
-1.407113866218312 -0.198873068076457
-1.073780532884979 0.955827470302794
-0.864540973974650 0.955827470302794
-0.407113866218312 0.691731806505041
-0.302494086763148 0.510525033012046
-0.302494086763148 -0.017666294583462
-0.407113866218312 -0.198873068076457
-0.864540973974650 -0.462968731874211
-1.073780532884979 -0.462968731874211
-0.697874307307984 0.931247999505735
-0.511733645673477 0.823779638403918
-0.364540973974650 0.667152335707982
-0.302494086763148 0.559683974606164
-0.240447199551646 0.353897730316110
-0.240447199551646 0.138961008112474
-0.511733645673477 -0.330920899975334
-0.697874307307984 -0.438389261077152
-0.907113866218312 -0.487548202671270
-1.031207640641317 -0.487548202671270
-1.240447199551646 -0.438389261077152
-1.426587861186153 -0.330920899975334
-0.740447199551646 0.955827470302794
-0.469160753429815 0.799200167606858
-0.240447199551646 0.403056671910228
-0.240447199551646 0.089802066518356
-0.469160753429815 -0.306341429178275
-0.740447199551646 -0.462968731874211
-1.197874307307984 -0.462968731874211
-0.531207640641317 0.955827470302794
-0.135827420096481 0.271008840011351
-0.345066979006810 -0.306341429178275
-0.573780532884979 -0.487548202671270
-1.364540973974650 -0.487548202671270
-0.969160753429815 1.087875302201671
-0.240447199551646 -0.174293597279398
-0.302494086763148 0.774620696809799
-0.178400312340143 0.559683974606164
-0.845066979006810 -0.595016563773088
-1.093254527852819 -0.595016563773088
-0.635827420096481 1.087875302201671
-0.073780532884979 0.378477201113169
-0.407113866218312 -0.462968731874211
-1.302494086763148 -0.595016563773088
-0.073780532884979 -0.198873068076457
-0.135827420096481 -0.306341429178275
-0.573780532884979 1.244502604897607
-0.302494086763148 1.087875302201671
0.092886133781688 0.403056671910228
0.092886133781688 0.089802066518356
-0.302494086763148 -0.595016563773088
-0.573780532884979 -0.751643866469024
-0.073780532884979 0.955827470302794
0.092886133781688 0.667152335707982
0.092886133781688 -0.174293597279398
-0.073780532884979 -0.462968731874211
-0.802494086763148 -0.883691698367901
-1.135827420096481 -0.883691698367901
-0.635827420096481 1.351970965999425
-0.178400312340143 1.087875302201671
0.030839246570185 0.823779638403918
0.154933020993190 0.510525033012046
0.154933020993190 -0.017666294583462
0.030839246570185 -0.330920899975334
-0.178400312340143 -0.595016563773088
-0.635827420096481 -0.859112227570841
-0.969160753429815 -0.908271169164960
-0.678400312340143 -0.883691698367901
-0.011733645673477 1.112454772998730
0.259552800448354 0.642572864910922
0.259552800448354 -0.149714126482339
0.197505913236852 -0.306341429178275
0.092886133781688 -0.487548202671270
-0.011733645673477 -0.619596034570147
-0.697874307307984 -1.015739530266777
0.426219467115021 0.089802066518356
0.321599687659857 -0.306341429178275
0.154933020993190 -0.595016563773088
-0.135827420096481 -0.883691698367901
0.197505913236852 1.063295831404612
0.321599687659857 0.848359109200977
-0.845066979006810 -1.172366832962713
0.092886133781688 1.244502604897607
0.426219467115021 0.667152335707982
0.488266354326523 0.246429369214292
-0.240447199551646 -1.015739530266777
-0.635827420096481 -1.172366832962713
0.030839246570185 1.401129907593543
0.530839246570185 0.535104503809105
0.530839246570185 -0.042245765380521
0.030839246570185 -0.908271169164960
-0.469160753429815 -1.196946303759773
0.259552800448354 1.219923134100548
0.488266354326523 0.823779638403918
0.592886133781688 0.378477201113169
0.488266354326523 -0.330920899975334
0.259552800448354 -0.727064395671965
-0.302494086763148 -1.172366832962713
-0.740447199551646 -1.304414664861590
-0.178400312340143 -1.172366832962713
0.426219467115021 1.244502604897607
0.592886133781688 0.955827470302794
0.530839246570185 1.112454772998730
0.716979908204692 0.642572864910922
0.716979908204692 -0.149714126482339
0.530839246570185 -0.619596034570147
0.216979908204692 -1.015739530266777
-0.469160753429815 -1.411883025963408
0.821599687659857 -0.017666294583462
0.154933020993190 -1.172366832962713
0.821599687659857 0.559683974606164
0.759552800448354 -0.438389261077152
0.988266354326523 -0.042245765380521
0.259552800448354 -1.304414664861590
-1.259921194519486 0.271008840011351
-0.635827420096481 0.246429369214292
-0.364540973974650 -0.487548202671270
-1.135827420096481 0.535104503809105
-0.635827420096481 1.137034243795789
-1.093254527852819 -0.017666294583462
-0.031207640641317 0.089802066518356
0.821599687659857 -0.595016563773088
-0.595491502812526 -0.989304403816850
0.287850711638192 -0.047830453653613
-0.689652256242341 -0.258752116326631
-0.018237254218789 -0.999833687449347
0.408590933737514 0.678801978192825
0.302005529306941 -0.716103148213940
-1.197994470693059 0.149922255570498
-0.197994470693059 0.149922255570498
-0.240567362936721 1.230884381558573
0.759432637063279 0.653534112368947
1.216859744819617 -0.138752879024314
-0.697994470693059 0.653534112368947
0.488146190941448 -1.400921778505384
-0.697994470693059 1.230884381558573
-0.926708024571228 0.257390616672316
0.030719083185110 -0.031284517922497
0.259432637063279 -1.004778282808753
0.030719083185110 -1.400921778505384
0.259432637063279 -0.427428013619127
-0.802614250148223 -0.584055316315063
-0.635947583481556 -0.559475845518004
-0.531327804026392 -0.691523677416881
-0.593374691237895 -0.848150980112817
-0.760041357904561 -0.872730450909876
-0.864661137359725 -0.740682619010999
-0.697994470693059 -0.452007484416186
-0.469280916814890 -0.848150980112817
-0.926708024571228 -0.848150980112817
-0.740567362936721 -0.427428013619127
-0.655421578449397 -0.427428013619127
-0.426708024571228 -0.823571509315758
-0.469280916814890 -0.897309921706935
-0.926708024571228 -0.897309921706935
-0.969280916814890 -0.823571509315758
-0.531327804026392 -0.427428013619127
-0.531327804026392 -1.004778282808753
-1.031327804026392 -0.452007484416186
-0.760041357904561 -0.295380181720250
-0.364661137359726 -0.452007484416186
-0.302614250148223 -0.559475845518004
-0.302614250148223 -0.872730450909876
-0.364661137359726 -0.980198812011694
-0.635947583481556 -1.136826114707630
-0.760041357904561 -1.136826114707630
-1.031327804026392 -0.980198812011694
-1.093374691237895 -0.872730450909876
-1.093374691237895 -0.559475845518004
-1.031327804026392 -0.402848542822068
-0.926708024571228 -0.319959652517310
-0.469280916814890 -0.319959652517310
-0.364661137359726 -0.402848542822068
-0.260041357904561 -0.584055316315063
-0.240567362936721 -0.716103148213940
-0.469280916814890 -1.112246643910571
-0.593374691237895 -1.161405585504689
-0.802614250148223 -1.161405585504689
-0.926708024571228 -1.112246643910571
-1.155421578449397 -0.716103148213940
-1.135947583481556 -0.584055316315063
-1.197994470693059 -0.427428013619127
-1.093374691237895 -0.295380181720250
-0.864661137359725 -0.163332349821374
-0.697994470693059 -0.138752879024314
-0.531327804026392 -0.163332349821374
-0.302614250148223 -0.295380181720250
-0.197994470693059 -0.427428013619127
-0.135947583481556 -0.584055316315063
-0.135947583481556 -0.848150980112817
-0.197994470693059 -1.004778282808753
-0.302614250148223 -1.136826114707630
-0.531327804026392 -1.268873946606507
-0.697994470693059 -1.293453417403566
-1.260041357904561 -0.584055316315063
-0.864661137359725 -0.114173408227255
-0.531327804026392 -0.114173408227255
-0.093374691237895 -0.872730450909876
-0.260041357904561 -1.161405585504689
-1.260041357904561 -0.270800710923191
-0.802614250148223 -0.006705047125438
-0.593374691237895 -0.006705047125438
-0.135947583481556 -0.270800710923191
-0.031327804026392 -0.452007484416186
-0.031327804026392 -0.980198812011694
-0.135947583481556 -1.161405585504689
-1.364661137359725 -0.452007484416186
-1.302614250148223 -0.295380181720250
-1.155421578449397 -0.138752879024314
-0.969280916814890 -0.031284517922497
-0.426708024571228 -0.031284517922497
-0.240567362936721 -0.138752879024314
-0.093374691237895 -0.295380181720250
-0.031327804026392 -0.402848542822068
0.030719083185110 -0.608634787112122
0.030719083185110 -0.823571509315758
-0.240567362936721 -1.293453417403566
-0.426708024571228 -1.400921778505384
-1.364661137359725 -0.402848542822068
-1.197994470693059 -0.163332349821374
-0.926708024571228 -0.006705047125438
-0.469280916814890 -0.006705047125438
-0.197994470693059 -0.163332349821374
0.030719083185110 -0.559475845518004
0.030719083185110 -0.872730450909876
-0.197994470693059 -1.268873946606507
-1.135947583481556 -0.006705047125438
-0.864661137359725 0.100763313976380
-0.260041357904561 -0.006705047125438
0.135338862640275 -0.691523677416881
-0.073900696270054 -1.268873946606507
-0.302614250148223 -1.450080720099502
-0.697994470693059 0.125342784773439
0.030719083185110 -1.136826114707630
-1.364661137359725 -0.187911820618433
-0.031327804026392 -0.187911820618433
0.092765970396613 -0.402848542822068
-1.260041357904561 -0.006705047125438
-0.364661137359726 0.125342784773439
0.197385749851777 -0.584055316315063
-0.135947583481556 -1.425501249302443
-0.760041357904561 0.281970087469375
-0.635947583481556 0.281970087469375
0.197385749851777 -1.161405585504689
0.135338862640275 -1.268873946606507
-1.364661137359725 0.125342784773439
-1.093374691237895 0.281970087469375
-0.302614250148223 0.281970087469375
-0.031327804026392 0.125342784773439
0.364052416518443 -0.559475845518004
0.364052416518443 -0.872730450909876
-0.864661137359725 0.414017919368252
-0.531327804026392 0.414017919368252
0.197385749851777 -0.006705047125438
0.364052416518443 -0.295380181720250
0.364052416518443 -1.136826114707630
0.197385749851777 -1.425501249302443
-1.488754911782730 0.125342784773439
-1.031327804026392 0.389438448571193
-0.697994470693059 0.438597390165312
-0.364661137359726 0.389438448571193
0.092765970396613 0.125342784773439
0.302005529306941 -0.138752879024314
0.426099303729946 -0.452007484416186
0.426099303729946 -0.980198812011694
0.302005529306941 -1.293453417403566
-0.969280916814890 0.546065751267129
-0.802614250148223 0.570645222064188
-0.593374691237895 0.570645222064188
-0.426708024571228 0.546065751267129
0.259432637063279 0.149922255570498
0.530719083185110 -0.319959652517310
0.530719083185110 -1.112246643910571
0.468672195973608 -1.268873946606507
0.364052416518443 -1.450080720099502
-1.260041357904561 0.570645222064188
-0.864661137359725 0.678113583166006
-0.135947583481556 0.570645222064188
0.697385749851777 -0.872730450909876
0.592765970396612 -1.268873946606507
0.468672195973608 0.100763313976380
0.592765970396612 -0.114173408227255
0.030719083185110 0.546065751267129
0.364052416518443 0.281970087469375
0.697385749851777 -0.295380181720250
0.759432637063279 -0.716103148213940
-1.197994470693059 0.727272524760124
-0.197994470693059 0.727272524760124
0.302005529306941 0.438597390165312
0.802005529306941 -0.427428013619127
0.802005529306941 -1.004778282808753
-0.926708024571228 0.834740885861942
-0.469280916814890 0.834740885861942
0.197385749851777 0.570645222064188
0.530719083185110 0.257390616672316
0.759432637063279 -0.138752879024314
0.864052416518443 -0.584055316315063
0.759432637063279 -1.293453417403566
0.697385749851777 0.281970087469375
0.864052416518443 -0.006705047125438
-0.697994470693059 1.015947659354937
-0.197994470693059 0.942209246963760
0.488146190941448 0.546065751267129
0.802005529306941 0.149922255570498
0.988146190941448 -0.319959652517310
0.988146190941448 -1.112246643910571
-0.031327804026392 0.966788717760819
1.092765970396612 -0.980198812011694
0.468672195973608 0.678113583166006
1.092765970396612 -0.402848542822068
0.030719083185110 1.123416020456755
-0.988754911782730 -0.691523677416881
-0.364661137359726 -0.716103148213940
-0.093374691237895 -1.450080720099502
-0.531327804026392 0.678113583166006
-0.531327804026392 1.255463852355632
-0.864661137359725 -0.427428013619127
-0.364661137359726 0.174501726367557
-0.426708024571228 1.123416020456755
-0.822088245116064 -0.980198812011694
0.239958642095439 -0.872730450909876
-1.031327804026392 0.174501726367557
-0.383564290385360 0.693251117469104
0.559016994374948 -1.010362971081845
-0.418485973505585 -1.221284633754863
0.456514026494415 -0.737161715478936
