0.000000000000000 0.000000000000000
1.000000000000000 0.000000000000000
-0.500000000000000 0.866025403784439
-0.500000000000000 -0.866025403784439
-1.000000000000000 0.000000000000000
0.500000000000000 -0.866025403784439
0.500000000000000 0.866025403784439
-0.457427107756338 1.946987529772513
0.457427107756338 1.946987529772513
1.457427107756338 1.369637260582887
1.914854215512676 0.577350269189626
1.914854215512676 -0.577350269189626
1.457427107756338 -1.369637260582887
0.457427107756338 -1.946987529772513
-0.457427107756338 -1.946987529772513
-1.457427107756338 -1.369637260582887
-1.914854215512676 -0.577350269189626
-1.914854215512676 0.577350269189626
-1.457427107756338 1.369637260582887
0.000000000000000 1.369637260582887
1.186140661634507 -0.684818630291444
-1.186140661634507 -0.684818630291444
0.000000000000000 1.946987529772513
1.686140661634507 -0.973493764886256
-1.686140661634507 -0.973493764886256
-0.228713553878169 0.973493764886256
0.728713553878169 0.684818630291444
0.957427107756338 -0.288675134594813
0.228713553878169 -0.973493764886256
-0.728713553878169 -0.684818630291444
-0.957427107756338 0.288675134594813
0.228713553878169 0.973493764886256
-0.728713553878169 0.684818630291444
-0.957427107756338 -0.288675134594813
-0.228713553878169 -0.973493764886256
0.728713553878169 -0.684818630291444
0.957427107756338 0.288675134594813
-0.104619779455164 0.132047831898877
-0.062046887211502 0.156627302695936
0.062046887211502 0.156627302695936
0.104619779455164 0.132047831898877
0.166666666666667 0.024579470797059
0.166666666666667 -0.024579470797059
0.104619779455164 -0.132047831898877
0.062046887211502 -0.156627302695936
-0.062046887211502 -0.156627302695936
-0.104619779455164 -0.132047831898877
-0.166666666666667 -0.024579470797059
-0.166666666666667 0.024579470797059
0.000000000000000 0.264095663797754
0.228713553878169 -0.132047831898877
-0.228713553878169 -0.132047831898877
-0.042572892243662 0.288675134594813
0.042572892243662 0.288675134594813
0.271286446121831 -0.107468361101818
0.228713553878169 -0.181206773492995
-0.228713553878169 -0.181206773492995
-0.271286446121831 -0.107468361101818
0.166666666666667 0.288675134594813
0.166666666666667 -0.288675134594813
-0.333333333333333 0.264095663797754
-0.062046887211502 0.420722966493690
0.062046887211502 0.420722966493690
0.333333333333333 0.264095663797754
0.395380220544836 0.156627302695936
0.395380220544836 -0.156627302695936
0.333333333333333 -0.264095663797754
0.062046887211502 -0.420722966493690
-0.062046887211502 -0.420722966493690
-0.333333333333333 -0.264095663797754
-0.395380220544836 -0.156627302695936
-0.395380220544836 0.156627302695936
-0.333333333333333 0.313254605391872
-0.228713553878169 0.396143495696631
0.228713553878169 0.396143495696631
0.333333333333333 0.313254605391872
0.437953112788498 0.132047831898877
0.457427107756338 0.000000000000000
0.228713553878169 -0.396143495696631
0.104619779455164 -0.445302437290749
-0.104619779455164 -0.445302437290749
-0.228713553878169 -0.396143495696631
-0.457427107756338 0.000000000000000
-0.437953112788498 0.132047831898877
-0.500000000000000 0.288675134594813
-0.395380220544836 0.420722966493690
-0.166666666666667 0.552770798392567
0.000000000000000 0.577350269189626
0.166666666666667 0.552770798392567
0.395380220544836 0.420722966493690
0.500000000000000 0.288675134594813
0.562046887211502 0.132047831898877
0.562046887211502 -0.132047831898877
0.500000000000000 -0.288675134594813
0.395380220544836 -0.420722966493690
0.166666666666667 -0.552770798392567
0.000000000000000 -0.577350269189626
-0.166666666666667 -0.552770798392567
-0.395380220544836 -0.420722966493690
-0.500000000000000 -0.288675134594813
-0.562046887211502 -0.132047831898877
-0.562046887211502 0.132047831898877
-0.166666666666667 0.601929739986685
0.166666666666667 0.601929739986685
0.604619779455164 -0.156627302695936
0.437953112788498 -0.445302437290749
-0.437953112788498 -0.445302437290749
-0.604619779455164 -0.156627302695936
-0.562046887211502 0.445302437290749
-0.104619779455164 0.709398101088503
0.104619779455164 0.709398101088503
0.562046887211502 0.445302437290749
0.666666666666667 0.264095663797754
0.666666666666667 -0.264095663797754
0.562046887211502 -0.445302437290749
0.104619779455164 -0.709398101088503
-0.104619779455164 -0.709398101088503
-0.562046887211502 -0.445302437290749
-0.666666666666667 -0.264095663797754
-0.666666666666667 0.264095663797754
-0.604619779455164 0.420722966493690
-0.457427107756338 0.577350269189626
-0.271286446121831 0.684818630291444
0.271286446121831 0.684818630291444
0.457427107756338 0.577350269189626
0.604619779455164 0.420722966493690
0.666666666666667 0.313254605391872
0.728713553878169 0.107468361101818
0.728713553878169 -0.107468361101818
0.457427107756338 -0.577350269189626
0.271286446121831 -0.684818630291444
0.062046887211502 -0.733977571885562
-0.062046887211502 -0.733977571885562
-0.271286446121831 -0.684818630291444
-0.457427107756338 -0.577350269189626
-0.728713553878169 -0.107468361101818
-0.728713553878169 0.107468361101818
-0.666666666666667 0.313254605391872
-0.500000000000000 0.552770798392567
-0.228713553878169 0.709398101088503
0.228713553878169 0.709398101088503
0.500000000000000 0.552770798392567
0.728713553878169 0.156627302695936
0.728713553878169 -0.156627302695936
0.500000000000000 -0.552770798392567
0.228713553878169 -0.709398101088503
-0.228713553878169 -0.709398101088503
-0.500000000000000 -0.552770798392567
-0.728713553878169 -0.156627302695936
-0.728713553878169 0.156627302695936
-0.437953112788498 0.709398101088503
-0.166666666666667 0.816866462190320
0.437953112788498 0.709398101088503
0.833333333333333 0.024579470797059
0.624093774423005 -0.552770798392567
0.395380220544836 -0.733977571885562
-0.395380220544836 -0.733977571885562
-0.624093774423005 -0.552770798392567
-0.790760441089671 -0.264095663797754
-0.833333333333333 0.024579470797059
0.000000000000000 0.841445932987379
0.728713553878169 -0.420722966493690
-0.728713553878169 -0.420722966493690
-0.666666666666667 0.528191327595508
0.666666666666667 0.528191327595508
0.790760441089671 0.313254605391872
0.124093774423005 -0.841445932987379
-0.124093774423005 -0.841445932987379
-0.790760441089671 0.313254605391872
-0.562046887211502 0.709398101088503
-0.333333333333333 0.841445932987379
0.333333333333333 0.841445932987379
0.562046887211502 0.709398101088503
0.895380220544836 0.132047831898877
0.895380220544836 -0.132047831898877
0.562046887211502 -0.709398101088503
0.333333333333333 -0.841445932987379
-0.333333333333333 -0.841445932987379
-0.562046887211502 -0.709398101088503
-0.895380220544836 -0.132047831898877
-0.895380220544836 0.132047831898877
-0.062046887211502 0.998073235683315
0.062046887211502 0.998073235683315
0.895380220544836 -0.445302437290749
0.833333333333333 -0.552770798392567
-0.833333333333333 -0.552770798392567
-0.895380220544836 -0.445302437290749
-0.666666666666667 0.841445932987379
-0.395380220544836 0.998073235683315
0.395380220544836 0.998073235683315
0.666666666666667 0.841445932987379
1.062046887211502 0.156627302695936
1.062046887211502 -0.156627302695936
0.666666666666667 -0.841445932987379
0.395380220544836 -0.998073235683315
-0.395380220544836 -0.998073235683315
-0.666666666666667 -0.841445932987379
-1.062046887211502 -0.156627302695936
-1.062046887211502 0.156627302695936
-0.895380220544836 0.709398101088503
-0.166666666666667 1.130121067582192
0.166666666666667 1.130121067582192
0.895380220544836 0.709398101088503
1.062046887211502 0.420722966493690
1.062046887211502 -0.420722966493690
0.895380220544836 -0.709398101088503
0.166666666666667 -1.130121067582192
-0.166666666666667 -1.130121067582192
-0.895380220544836 -0.709398101088503
-1.062046887211502 -0.420722966493690
-1.062046887211502 0.420722966493690
-1.000000000000000 0.577350269189626
-0.790760441089671 0.841445932987379
-0.333333333333333 1.105541596785133
0.000000000000000 1.154700538379252
0.333333333333333 1.105541596785133
0.790760441089671 0.841445932987379
1.000000000000000 0.577350269189626
1.124093774423005 0.264095663797754
1.124093774423005 -0.264095663797754
1.000000000000000 -0.577350269189626
0.790760441089671 -0.841445932987379
0.333333333333333 -1.105541596785133
0.000000000000000 -1.154700538379252
-0.333333333333333 -1.105541596785133
-0.790760441089671 -0.841445932987379
-1.000000000000000 -0.577350269189626
-1.124093774423005 -0.264095663797754
-1.124093774423005 0.264095663797754
0.290760441089671 -1.130121067582192
-1.124093774423005 0.313254605391872
-0.771286446121831 -0.973493764886256
-0.957427107756338 0.866025403784439
-0.271286446121831 1.262168899481069
-0.104619779455164 1.286748370278128
0.104619779455164 1.286748370278128
0.271286446121831 1.262168899481069
0.957427107756338 0.866025403784439
1.228713553878169 0.396143495696631
1.228713553878169 -0.396143495696631
1.166666666666667 -0.552770798392567
1.062046887211502 -0.733977571885562
0.957427107756338 -0.866025403784439
0.271286446121831 -1.262168899481069
-0.271286446121831 -1.262168899481069
-0.957427107756338 -0.866025403784439
-1.062046887211502 -0.733977571885562
-1.166666666666667 -0.552770798392567
-1.228713553878169 -0.396143495696631
-1.228713553878169 0.396143495696631
-0.562046887211502 1.286748370278128
-0.166666666666667 1.394216731379946
0.562046887211502 1.286748370278128
1.395380220544836 -0.156627302695936
1.290760441089671 -0.552770798392567
1.124093774423005 -0.841445932987379
0.833333333333333 -1.130121067582192
-0.833333333333333 -1.130121067582192
-1.290760441089671 -0.552770798392567
-1.395380220544836 -0.156627302695936
-1.166666666666667 0.816866462190320
1.166666666666667 0.816866462190320
1.290760441089671 0.601929739986685
0.124093774423005 -1.418796202177005
-0.124093774423005 -1.418796202177005
-1.290760441089671 0.601929739986685
-1.062046887211502 0.998073235683315
-0.728713553878169 1.262168899481069
0.728713553878169 1.262168899481069
1.062046887211502 0.998073235683315
1.395380220544836 0.420722966493690
1.457427107756338 0.000000000000000
0.728713553878169 -1.262168899481069
0.333333333333333 -1.418796202177005
-0.333333333333333 -1.418796202177005
-0.728713553878169 -1.262168899481069
-1.457427107756338 0.000000000000000
-1.395380220544836 0.420722966493690
-1.000000000000000 1.154700538379252
-0.500000000000000 1.443375672974065
0.500000000000000 1.443375672974065
1.000000000000000 1.154700538379252
1.500000000000000 0.288675134594813
1.500000000000000 -0.288675134594813
1.000000000000000 -1.154700538379252
0.500000000000000 -1.443375672974065
-0.500000000000000 -1.443375672974065
-1.000000000000000 -1.154700538379252
-1.500000000000000 -0.288675134594813
-1.500000000000000 0.288675134594813
-1.228713553878169 0.973493764886256
-0.895380220544836 1.286748370278128
-0.228713553878169 1.550844034075882
0.228713553878169 1.550844034075882
0.895380220544836 1.286748370278128
1.228713553878169 0.973493764886256
1.457427107756338 0.577350269189626
1.562046887211502 0.132047831898877
1.457427107756338 -0.577350269189626
1.228713553878169 -0.973493764886256
0.666666666666667 -1.418796202177005
0.228713553878169 -1.550844034075882
-0.228713553878169 -1.550844034075882
-0.666666666666667 -1.418796202177005
-1.228713553878169 -0.973493764886256
-1.457427107756338 -0.577350269189626
-1.562046887211502 0.132047831898877
-1.457427107756338 0.577350269189626
0.790760441089671 -1.418796202177005
-1.624093774423005 0.024579470797059
-1.395380220544836 0.998073235683315
1.395380220544836 0.998073235683315
1.562046887211502 0.709398101088503
0.166666666666667 -1.707471336771818
-0.166666666666667 -1.707471336771818
-1.562046887211502 0.709398101088503
-1.500000000000000 0.866025403784439
-1.186140661634507 1.262168899481069
-0.500000000000000 1.658312395177700
0.000000000000000 1.732050807568877
0.500000000000000 1.658312395177700
1.186140661634507 1.262168899481069
1.500000000000000 0.866025403784439
1.686140661634507 0.396143495696631
1.686140661634507 -0.396143495696631
1.500000000000000 -0.866025403784439
1.186140661634507 -1.262168899481069
0.500000000000000 -1.658312395177700
0.000000000000000 -1.732050807568877
-0.500000000000000 -1.658312395177700
-1.186140661634507 -1.262168899481069
-1.500000000000000 -0.866025403784439
-1.686140661634507 -0.396143495696631
-1.686140661634507 0.396143495696631
-0.666666666666667 1.682891865974759
0.666666666666667 1.682891865974759
1.790760441089671 -0.264095663797754
1.124093774423005 -1.418796202177005
-1.124093774423005 -1.418796202177005
-1.790760441089671 -0.264095663797754
-1.166666666666667 1.394216731379946
1.166666666666667 1.394216731379946
1.790760441089671 0.313254605391872
0.624093774423005 -1.707471336771818
-0.624093774423005 -1.707471336771818
-1.790760441089671 0.313254605391872
1.728713553878169 -0.684818630291444
-1.728713553878169 -0.684818630291444
-0.728713553878169 1.839519168670695
0.728713553878169 1.839519168670695
1.957427107756338 -0.288675134594813
1.228713553878169 -1.550844034075882
-1.228713553878169 -1.550844034075882
-1.957427107756338 -0.288675134594813
-0.333333333333333 -1.996146471366631
-0.290760441089671 0.024579470797059
0.333333333333333 0.000000000000000
0.604619779455164 -0.733977571885562
-0.833333333333333 0.816866462190320
-1.228713553878169 -0.181206773492995
-1.124093774423005 -0.841445932987379
0.166666666666667 1.394216731379946
-0.833333333333333 1.394216731379946
-1.457427107756338 -1.154700538379252
0.166666666666667 1.971567000569572
-0.166666666666667 0.288675134594813
0.333333333333333 0.890604874581498
-0.290760441089671 -1.130121067582192
-0.790760441089671 -1.418796202177005
0.271286446121831 1.839519168670695
-1.895380220544836 0.709398101088503
-0.124093774423005 -0.264095663797754
0.937953112788498 -0.156627302695936
1.790760441089671 -0.841445932987379
-0.333333333333333 0.890604874581498
-1.342830004047103 1.482163142245434
-0.542332565473511 1.925065034856464
0.612175931713962 1.904006467591469
1.395988941386118 1.432206296427880
1.955005935761066 0.421843325346035
1.938321506859629 -0.492858738428584
1.342830004047103 -1.482163142245434
0.542332565473511 -1.925065034856464
-0.612175931713962 -1.904006467591469
-1.395988941386118 -1.432206296427880
-1.955005935761066 -0.421843325346035
-1.938321506859629 0.492858738428584
-0.942581284760307 1.703614088550949
1.946663721310347 -0.035507706541274
-1.004082436550040 -1.668106382009674
-0.663072787572834 1.198432603010026
1.369409472716611 -0.024978422908776
-0.706336685143777 -1.173454180101250
-0.671415002023552 0.741081571122717
0.306087965856981 0.952003233795734
0.977502967880533 0.210921662673018
0.671415002023552 -0.741081571122717
-0.306087965856981 -0.952003233795734
-0.977502967880533 -0.210921662673018
-0.271166282736756 0.962532517428232
-0.969160753429815 0.246429369214292
-0.697994470693059 -0.716103148213940
0.271166282736756 -0.962532517428232
0.969160753429815 -0.246429369214292
0.697994470693059 0.716103148213940
-1.369409472716611 0.024978422908776
1.275248719286796 0.705573864581442
0.026579468669507 1.457184719336657
-1.248669250617289 0.751610854755214
-1.275248719286796 -0.705573864581442
-0.026579468669507 -1.457184719336657
1.248669250617289 -0.751610854755214
-1.377751687167329 -0.432372608978533
1.098243189979855 0.937554094519456
-1.063321506859629 0.976981656704511
0.262824068286038 -1.419883549315542
-1.361067258265892 0.482329454796086
0.314430180307699 1.409354265683044
-0.314430180307699 -1.409354265683044
1.063321506859630 -0.976981656704511
0.400248719286796 0.221450946305515
0.426828187956303 1.678635665642172
-0.848420531330493 0.973061801060730
0.373669250617289 -1.235733773031142
1.648917969904085 -0.530159908449699
-0.400248719286796 -0.221450946305515
-0.373669250617288 1.235733773031142
-1.648917969904085 0.530159908449699
-0.426828187956303 -1.678635665642172
0.848420531330493 -0.973061801060730
-0.391906504836078 0.235900085581794
0.883342214450718 0.941473950163237
-0.365327036166571 1.693084804918451
-1.667155224122874 -0.469673778999648
-0.418485973505585 -1.221284633754863
0.008342214450718 0.457351031887310
1.283590933737514 1.162924896468752
-1.240327036166571 1.208961886642524
-1.266906504836078 -0.248222832694133
1.257011465068006 -0.294259822867905
-0.008342214450718 -0.457351031887310
1.266906504836078 0.248222832694133
-1.257011465068006 0.294259822867905
-1.283590933737514 -1.162924896468752
1.240327036166571 -1.208961886642524
0.391906504836078 -0.235900085581794
1.667155224122874 0.469673778999648
0.418485973505585 1.221284633754863
-0.883342214450718 -0.941473950163237
0.365327036166571 -1.693084804918451
0.577254248593737 -0.010529283632498
0.603833717263244 1.446655435704159
-1.920084252640840 1.492692425877931
-1.973243189979855 -1.421677012795383
0.279508497187474 -0.505181485540923
0.332667434526488 2.409187953132391
-2.217830004047103 0.998040223969506
-0.297745751406263 -0.494652201908425
-1.546415002023552 0.256958652846790
0.950923499211025 -1.246263056663639
2.252751687167329 0.916495527254460
-0.244586814067248 2.419717236764889
-0.577254248593737 0.010529283632498
0.644835533354044 -2.198266290459374
-0.279508497187474 0.505181485540923
-1.554757216474269 -0.200392379040520
-0.332667434526488 -2.409187953132391
2.217830004047103 -0.998040223969506
0.297745751406263 0.494652201908425
-0.094160753429815 0.730552287490219
0.679757216474270 -0.283730539235407
0.689652256242341 0.258752116326631
-0.585596463044455 -0.446821748254812
-0.262824068286038 1.419883549315542
-2.252751687167329 -0.916495527254460
-1.640575755453366 0.987510940337008
1.377751687167329 0.432372608978533
1.973243189979855 1.421677012795383
0.244586814067248 -2.419717236764889
1.920084252640840 -1.492692425877931
1.361067258265892 -0.482329454796086
1.004082436550040 1.668106382009674
0.706336685143777 1.173454180101250
-1.098243189979855 -0.937554094519456
1.675497438573592 0.927024810886958
-1.089900975529137 -0.480203062632146
-0.120740222099322 -0.726632431846438
0.960818538979097 -0.703780401101601
1.154508497187474 -0.021058567264995
-0.595491502812526 -0.989304403816850
-0.559016994374947 1.010362971081845
0.995740222099322 1.210755350122365
-0.568912034143019 0.467880315519807
0.129082436550040 1.183983463733748
0.663072787572834 -1.198432603010026
-2.226172218497821 0.540689192082197
-0.034921683120225 -1.914535751223966
-1.946663721310347 0.035507706541274
0.942581284760307 -1.703614088550949
1.581336685143777 1.657577098377177
-1.528177747804762 1.256792340296137
-0.603833717263244 -1.446655435704159
-0.679757216474270 0.283730539235407
1.640575755453366 -0.987510940337008
1.852502967880533 0.695044580948945
-0.550674779924230 1.467714002969155
-1.572994470693059 -1.200226066489867
0.094160753429815 -0.730552287490219
-0.985845182331251 -0.668272694560327
0.034921683120225 1.914535751223966
1.186140661634507 -0.107468361101818
0.790760441089671 -0.264095663797754
-0.771286446121831 0.973493764886256
-1.728713553878169 0.684818630291444
0.624093774423005 -1.130121067582192
-1.290760441089671 0.024579470797059
0.457427107756338 -1.154700538379252
0.457427107756338 1.154700538379252
-1.457427107756338 1.154700538379252
0.290760441089671 -0.552770798392567
0.124093774423005 -0.264095663797754
-1.790760441089671 -0.841445932987379
-0.271286446121831 -1.839519168670695
-0.271286446121831 1.839519168670695
-1.228713553878169 0.181206773492995
1.728713553878169 0.684818630291444
0.771286446121831 -0.973493764886256
0.771286446121831 0.973493764886256
1.290760441089671 0.024579470797059
-0.624093774423005 -1.130121067582192
-0.624093774423005 0.024579470797059
1.457427107756338 -1.154700538379252
1.457427107756338 1.154700538379252
-0.686140661634507 -0.973493764886256
-0.457427107756338 -1.154700538379252
-0.457427107756338 1.154700538379252
1.624093774423005 -1.130121067582192
1.228713553878169 -0.181206773492995
1.228713553878169 0.181206773492995
0.271286446121831 -1.839519168670695
-0.500000000000000 1.080962125988074
-0.333333333333333 0.000000000000000
-0.166666666666667 -0.288675134594813
-0.666666666666667 1.105541596785133
0.333333333333333 0.528191327595508
0.166666666666667 0.239516193000695
0.166666666666667 0.816866462190320
0.666666666666667 1.105541596785133
-0.042572892243662 0.866025403784439
-0.771286446121831 -0.396143495696631
0.042572892243662 0.866025403784439
0.771286446121831 -0.396143495696631
0.728713553878169 -0.469881908087808
0.686140661634507 -0.973493764886256
0.624093774423005 0.024579470797059
-0.728713553878169 -0.469881908087808
0.500000000000000 1.080962125988074
-0.333333333333333 0.528191327595508
-1.186140661634507 -0.107468361101818
-0.290760441089671 -0.552770798392567
0.166666666666667 -0.816866462190320
1.062046887211502 -0.998073235683315
0.228713553878169 0.181206773492995
-0.166666666666667 -0.816866462190320
-0.790760441089671 0.264095663797754
0.042572892243662 -0.288675134594813
0.333333333333333 1.418796202177005
-1.395380220544836 -0.420722966493690
0.624093774423005 0.552770798392567
-0.271286446121831 0.107468361101818
-0.624093774423005 0.552770798392567
0.550674779924230 -1.467714002969155
0.585596463044455 0.446821748254812
-0.950923499211025 1.246263056663639
1.546415002023552 -0.256958652846790
-0.062046887211502 -0.998073235683315
-0.833333333333333 0.552770798392567
-0.895380220544836 0.445302437290749
0.014190964081221 -0.167870618932816
0.166666666666667 -0.239516193000695
-0.166666666666667 0.239516193000695
0.271286446121831 0.107468361101818
-0.228713553878169 0.181206773492995
-0.042572892243662 -0.288675134594813
-0.290760441089671 -0.024579470797059
-0.166666666666667 -0.239516193000695
-0.242904517959390 0.349077392425811
0.242904517959390 -0.349077392425811
-0.423762148707277 -0.035822787033939
0.180857630747887 0.384900179459751
0.423762148707277 0.035822787033939
0.423762148707277 -0.035822787033939
-0.423762148707277 0.035822787033939
-0.180857630747887 0.384900179459751
-0.242904517959390 -0.349077392425811
0.242904517959390 0.349077392425811
-0.104619779455164 0.445302437290749
0.437953112788498 -0.132047831898877
-0.028381928162441 -0.456545753527629
-0.437953112788498 -0.132047831898877
0.104619779455164 0.445302437290749
0.319142369252113 -0.481125224324688
0.576237851292723 -0.035822787033939
-0.576237851292723 0.035822787033939
0.257095482040610 -0.516948011358627
-0.257095482040610 0.516948011358627
0.319142369252113 0.481125224324688
-0.319142369252113 -0.481125224324688
0.576237851292723 0.035822787033939
-0.319142369252113 0.481125224324688
-0.576237851292723 -0.035822787033939
-0.257095482040610 -0.516948011358627
0.257095482040610 0.516948011358627
0.624093774423005 -0.024579470797059
0.333333333333333 -0.528191327595507
-0.333333333333333 -0.528191327595507
0.437953112788498 0.445302437290749
-0.437953112788498 0.445302437290749
-0.714522589796948 0.060402257830998
-0.409571184626056 -0.588593585426506
0.666666666666667 -0.313254605391872
0.120740222099322 0.726632431846438
-0.604619779455164 -0.420722966493690
0.604619779455164 -0.420722966493690
0.062046887211502 0.733977571885562
0.228713553878169 0.758557042682621
0.792155224122874 -0.014449139276279
0.790760441089671 0.264095663797754
0.437953112788498 -0.709398101088503
-0.076237851292723 0.830202616750499
0.395380220544836 0.733977571885562
0.124093774423005 0.841445932987379
-0.666666666666667 -0.528191327595507
0.666666666666667 -0.528191327595507
-0.562046887211502 -0.660239159494384
0.042572892243662 -0.866025403784439
-0.728713553878169 0.469881908087808
-0.042572892243662 -0.866025403784439
-0.742904517959390 -0.516948011358627
0.742904517959390 0.516948011358627
-0.819142369252113 0.384900179459751
0.076237851292723 -0.901848190818378
-0.076237851292723 0.901848190818378
0.076237851292723 0.901848190818378
0.819142369252113 0.384900179459751
-0.742904517959390 0.516948011358627
-0.076237851292723 -0.901848190818378
0.652475702585446 0.937670977852317
-1.138284738504225 0.096225044864938
-0.500000000000000 -1.080962125988074
0.500000000000000 -1.080962125988074
0.085818538979097 -1.187903319377529
-1.071663721310347 0.519630624817201
-1.000000000000000 -0.792286991393261
-1.166666666666667 0.552770798392567
1.166666666666667 0.552770798392567
-1.062046887211502 0.733977571885562
0.624093774423005 1.130121067582192
-1.290760441089671 -0.024579470797059
1.290760441089671 -0.024579470797059
-0.104619779455164 -1.286748370278128
0.666666666666667 -1.105541596785133
-0.923762148707277 -0.901848190818378
-1.242904517959390 0.349077392425811
0.104619779455164 -1.286748370278128
1.062046887211502 0.733977571885562
0.319142369252113 1.250925583244189
-0.923762148707277 0.901848190818378
-0.666666666666667 -1.105541596785133
-1.186140661634507 0.684818630291444
0.000000000000000 -1.369637260582887
-1.395380220544836 0.156627302695936
0.166666666666667 -1.394216731379946
1.124093774423005 0.841445932987379
1.395380220544836 0.156627302695936
-1.062046887211502 -0.998073235683315
-0.333333333333333 1.418796202177005
-0.090428815373944 1.454618989210944
0.895380220544836 -1.286748370278128
0.666666666666667 1.418796202177005
1.562046887211502 -0.132047831898877
-0.895380220544836 -1.286748370278128
-0.666666666666667 1.418796202177005
1.554757216474269 0.200392379040520
-0.771286446121831 1.550844034075882
0.771286446121831 -1.550844034075882
-1.728713553878169 -0.107468361101818
-0.957427107756338 1.443375672974065
-1.675497438573592 -0.927024810886958
-1.686140661634507 0.973493764886256
0.000000000000000 -1.946987529772513
-1.957427107756338 0.288675134594813
1.228713553878169 1.550844034075882
0.728713553878169 -1.839519168670695
0.166666666666667 -1.971567000569572
-0.166666666666667 1.971567000569572
-1.624093774423005 -1.130121067582192
-0.728713553878169 -1.839519168670695
-1.228713553878169 1.550844034075882
1.825923499211025 -0.762140138387712
1.957427107756338 0.288675134594813
1.790760441089671 0.841445932987379
0.895380220544836 0.445302437290749
0.409571184626056 -0.588593585426506
0.652475702585446 -0.937670977852317
1.395380220544836 -0.420722966493690
-0.090428815373944 -1.454618989210944
-2.244409472716611 -0.459144495367151
-1.581336685143777 -1.657577098377177
2.226172218497821 -0.540689192082197
-2.523917969904085 0.046036990173772
0.833333333333333 0.552770798392567
-0.395380220544836 0.733977571885562
0.742904517959390 -0.516948011358627
-0.624093774423005 1.130121067582192
1.242904517959390 0.349077392425811
1.214522589796948 0.805623145953440
0.333333333333333 -0.313254605391872
0.180857630747887 -0.384900179459751
0.771286446121831 1.550844034075882
-0.413442345388857 0.402987295547508
-0.555718408040958 -0.156557926333216
0.142276062652101 0.559545221880724
-0.142276062652101 -0.559545221880724
0.413442345388857 -0.402987295547508
0.555718408040958 0.156557926333216
-0.719530311245838 -0.549015938248226
0.835226905228432 -0.348623559207706
0.719530311245838 0.549015938248226
-0.835226905228432 0.348623559207706
-0.115696593982594 0.897639497455933
0.115696593982594 -0.897639497455933
-0.875000000000000 -0.484122918275927
0.875000000000000 0.484122918275927
-0.018237254218789 -0.999833687449347
0.018237254218789 0.999833687449347
0.856762745781211 -0.515710769173420
-0.856762745781211 0.515710769173420
-1.825923499211026 0.762140138387712
1.572994470693059 1.200226066489867
0.252929028517966 -1.962366204877579
-1.127929028517966 1.478243286601653
1.127929028517966 -1.478243286601653
-1.844160753429814 -0.237693549061635
1.844160753429814 0.237693549061635
-0.716231724911848 -1.715936835663288
0.716231724911848 1.715936835663288
-0.124093774423005 0.841445932987379
0.604619779455164 0.156627302695936
0.680857630747887 0.481125224324688
-0.304951405170892 0.648995843257504
1.138284738504225 -0.096225044864938
-0.819142369252113 -0.384900179459751
0.062046887211502 -0.998073235683316
-0.347524297414554 0.937670977852317
-0.985809035918779 0.167870618932816
0.514190964081221 1.033896022717255
-0.138284738504225 0.096225044864938
0.757095482040610 -0.349077392425811
-0.638284738504225 0.962250448649376
0.971618071837559 0.456545753527629
0.485809035918779 -1.033896022717255
0.638284738504225 -0.962250448649376
-0.187348962403834 0.885461876953672
-0.514190964081221 -1.033896022717255
0.152475702585446 0.071645574067879
1.152475702585446 0.071645574067879
-0.804951405170892 -0.217029560526934
0.673157998322613 0.604979899291212
-1.152475702585446 -0.071645574067879
-0.652475702585446 -0.937670977852317
-0.881189256463615 0.613173056223565
0.014190964081221 0.167870618932816
-0.014190964081221 -0.167870618932816
-1.019473994967840 0.709398101088503
-1.276569477008451 0.192450089729875
-0.700331625715728 0.228272876763815
0.547855923130282 0.492368540561568
-1.242904517959390 -0.349077392425811
0.700331625715728 -0.228272876763815
-0.666666666666667 -0.313254605391872
1.276569477008451 -0.192450089729875
0.471618071837559 -1.201766641650071
-0.124093774423005 0.264095663797754
-0.471618071837559 1.201766641650071
0.104619779455164 1.237589428684010
0.804951405170892 1.009316551920196
0.195048594829108 -0.217029560526934
-0.152475702585446 0.720641417325383
0.923762148707277 -0.901848190818378
-0.804951405170892 -1.009316551920196
0.409571184626056 0.588593585426506
-0.055555555555556 1.289798529582656
0.444444444444444 -0.368513865595044
0.541364591474335 0.200643246662228
-0.444444444444444 0.368513865595044
-0.541364591474335 -0.200643246662228
0.096920147029890 0.569157112257273
-0.096920147029890 -0.569157112257273
-0.506491331655947 1.366587101278360
-0.533664959049061 -0.324497921628752
-0.409571184626056 0.203693405966755
-1.304951405170892 0.648995843257504
-0.381189256463615 -0.252852347560874
-1.381189256463615 -0.252852347560874
-0.416062516282003 -0.088031887932585
1.533664959049061 0.324497921628752
0.416062516282003 0.088031887932585
-1.533664959049061 -0.324497921628752
0.485809035918779 1.490441776244884
-0.284269109433725 0.316304764696399
0.131793406848279 0.404336652628984
-1.047855923130282 1.165943854616132
-1.624093774423005 -0.601929739986685
-1.333333333333333 1.105541596785133
1.728713553878169 0.107468361101818
-0.790760441089671 1.682891865974759
-0.166666666666667 -1.971567000569572
-1.624093774423005 1.130121067582192
-0.486865487681485 -0.310314888843580
0.025307833070342 -0.576795324979856
-0.512173320751827 0.266480436136276
0.512173320751827 -0.266480436136276
0.486865487681485 0.310314888843580
-0.025307833070342 0.576795324979856
0.732723937347899 -0.075422303604797
0.431679599607646 0.596846391901839
-0.732723937347899 0.075422303604797
-0.431679599607646 -0.596846391901839
0.301044337740253 -0.672268695506636
-0.301044337740253 0.672268695506636
0.369897258099726 -0.826025658017000
0.530410574970616 0.733353251313071
-0.369897258099726 0.826025658017000
-0.530410574970616 -0.733353251313072
-0.900307833070342 0.092672406703928
0.900307833070342 -0.092672406703928
-0.537481153822169 0.843275761116131
-0.461557654611143 -0.887110213823435
0.999038808433312 0.043834452707304
0.537481153822169 -0.843275761116131
0.461557654611143 0.887110213823435
-0.999038808433312 -0.043834452707304
-1.430718408040958 -0.640680844609143
1.430718408040958 0.640680844609143
0.160513316870891 1.559378909330071
1.270205091170068 -0.918698064720928
-0.160513316870891 -1.559378909330071
-1.270205091170068 0.918698064720928
-1.159552125304202 -1.603213362037375
-0.808647436558924 1.805808278544363
1.968199561863126 -0.202594916506988
-1.697033279126370 -0.759937600921244
1.697033279126370 0.759937600921244
-0.190391371874387 -1.849642731251667
0.190391371874387 1.849642731251667
1.506641907251983 -1.089705130330423
-1.506641907251983 1.089705130330423
-0.485809035918779 -0.698154784851622
-0.347524297414554 -0.794379829716560
-0.290760441089671 0.816866462190320
0.138284738504225 -0.096225044864938
1.124093774423005 0.528191327595508
0.714522589796948 -0.060402257830998
0.290760441089671 -0.024579470797059
1.019473994967840 -0.709398101088503
0.471618071837559 -0.409479650256810
0.937953112788498 0.998073235683315
1.319142369252113 -0.481125224324688
1.852807328301174 -0.156627302695936
1.062046887211502 1.526264563278823
-1.144776070160172 0.596786742358859
-0.624093774423005 -0.601929739986685
0.076237851292723 -0.830202616750499
-0.437953112788498 -0.709398101088503
-0.833333333333333 0.239516193000695
-0.847524297414554 0.071645574067879
-0.680857630747887 -0.481125224324688
-0.209239558910329 0.841445932987379
0.000000000000000 0.792286991393261
-0.728713553878169 -1.047232177277434
-0.166666666666667 -1.179280009176311
0.304951405170892 -0.648995843257504
0.790760441089671 -0.890604874581498
-0.166666666666667 -0.601929739986685
-0.395380220544836 1.311327841075187
-1.333333333333333 0.313254605391872
0.290760441089671 0.552770798392567
-0.937953112788498 -0.998073235683315
-0.547855923130282 0.299918450831693
1.333333333333333 -0.313254605391872
0.395380220544836 -1.311327841075187
-0.014190964081221 0.624416372460445
1.352807328301174 0.709398101088503
0.624093774423005 1.394216731379946
-0.895380220544836 1.237589428684010
-1.290760441089671 0.816866462190320
-1.519473994967840 -0.156627302695936
-0.771286446121831 -1.550844034075882
0.957427107756338 -1.443375672974065
-1.790760441089671 0.890604874581498
-1.895380220544836 0.445302437290749
-1.000000000000000 1.732050807568877
-0.562046887211502 1.864098639467754
1.000000000000000 -1.732050807568877
0.562046887211502 -1.864098639467754
1.790760441089671 -0.890604874581498
1.895380220544836 -0.445302437290749
-2.000000000000000 0.000000000000000
2.000000000000000 0.000000000000000
1.000000000000000 1.732050807568877
1.333333333333333 1.418796202177005
-1.666666666666667 -1.105541596785133
-1.333333333333333 -1.418796202177005
1.666666666666667 1.105541596785133
-0.124093774423005 1.996146471366631
-1.000000000000000 -1.732050807568877
0.124093774423005 -1.996146471366631
-0.312651037596166 0.772850518224028
-0.701539926485055 -0.148434145763583
-0.124038808433312 0.440288465568623
0.319281591959042 0.327564991942711
-0.319281591959042 -0.327564991942711
0.124038808433312 -0.440288465568623
0.443320400392354 -0.112723473625912
-0.443320400392354 0.112723473625912
-0.762601992351396 -0.214841518316799
0.762601992351396 0.214841518316799
-0.567359208825665 0.553011939194536
0.567359208825665 -0.553011939194536
-0.195242783525730 -0.767853457511334
0.195242783525730 0.767853457511334
-0.425083146173564 1.112557161075260
0.425083146173564 -1.112557161075260
-0.904878055003497 -0.774386740197523
0.904878055003497 0.774386740197523
-0.750961191566688 -0.924411383844550
0.750961191566688 0.924411383844550
-1.123077616866623 0.396454012861319
1.176044337740253 -0.188145777230709
-1.176044337740253 0.188145777230709
1.123077616866623 -0.396454012861319
-0.218199561863126 1.170840753058842
0.218199561863126 -1.170840753058842
-0.573955662259747 -1.156391613782563
-0.048115309222286 -1.290097509370943
0.048115309222286 1.290097509370943
0.573955662259747 1.156391613782563
-1.288442345388857 -0.081135622728419
1.288442345388857 0.081135622728419
-1.141314871085412 -0.603379674588028
0.714486683129110 -1.075255991054144
-0.714486683129110 1.075255991054144
1.141314871085412 0.603379674588028
-1.093199561863126 0.686717834782915
1.093199561863126 -0.686717834782915
-0.980801554214522 0.955999234742044
0.337518846177831 1.327398679392058
1.318320400392354 0.371399444650015
-1.318320400392354 -0.371399444650015
-0.337518846177831 -1.327398679392058
0.980801554214522 -0.955999234742044
-0.105801554214522 1.440122153017970
-0.661519962255480 1.283564226684754
1.194281591959042 0.811687910218638
-1.194281591959042 -0.811687910218638
0.780839246570185 1.214675205766146
-0.780839246570185 -1.214675205766146
0.105801554214522 -1.440122153017970
0.661519962255480 -1.283564226684754
1.442359208825665 -0.068889020918608
-1.442359208825665 0.068889020918608
1.300083146173564 -0.628434242799333
-1.300083146173564 0.628434242799333
-0.395205091170067 1.402820982996855
1.017276062652101 1.043668140156651
-1.017276062652101 -1.043668140156651
0.395205091170067 -1.402820982996855
1.412481153822168 -0.359152842840204
-1.412481153822169 0.359152842840204
-0.893237254218789 -1.483956605725274
0.075923499211025 -1.730385974939566
-0.075923499211025 1.730385974939566
0.893237254218789 1.483956605725274
-1.460596463044455 -0.930944666530739
-0.838525491562421 1.515544456622768
1.460596463044455 0.930944666530739
0.838525491562421 -1.515544456622768
1.731762745781211 -0.031587850897493
1.536519962255480 -0.799441308408827
-1.731762745781211 0.031587850897493
-1.536519962255480 0.799441308408827
-1.998077616866623 -0.087668905414608
1.713525491562421 -1.031421538346840
-1.713525491562421 1.031421538346840
1.998077616866623 0.087668905414608
1.750000000000000 0.968245836551854
-1.750000000000000 -0.968245836551854
0.036474508437579 1.999667374898695
0.923115309222286 1.774220427646870
-0.923115309222286 -1.774220427646870
-1.074962307644337 1.686551522232262
-0.036474508437579 -1.999667374898695
1.074962307644337 -1.686551522232262
-0.479794908829933 -1.886943901272783
0.479794908829933 1.886943901272783
-1.336557654611143 -1.371233132099362
1.394243899603379 -1.358986530289551
-1.394243899603379 1.358986530289551
-0.519243899603379 1.843109448565478
1.874038808433312 0.527957370983231
-1.874038808433312 -0.527957370983231
-0.284552125304202 -1.119090443761448
-0.826884690777714 0.805974591095016
1.111436816081916 0.313115852666432
0.290760441089671 -0.816866462190320
0.562046887211502 -1.286748370278128
-0.638284738504225 -0.769800358919501
0.354015629070501 1.086105123615900
-0.152475702585446 -0.071645574067879
-0.860506960726448 0.280481977662460
-1.117602442767058 -0.236466033696168
0.187348962403834 -0.885461876953672
-0.971618071837559 -0.456545753527629
-1.124093774423005 -0.528191327595507
-0.090428815373944 -0.277431818357933
-0.319142369252113 -1.250925583244189
-0.028381928162441 0.456545753527629
-1.214522589796948 -0.805623145953440
0.028381928162441 -0.456545753527629
-0.471618071837559 -1.322571157312068
-0.131793406848279 -0.404336652628984
-0.485809035918779 -1.490441776244884
-1.852807328301174 0.156627302695936
1.471618071837559 1.322571157312068
0.361715261495775 -0.769800358919501
0.790760441089671 -1.682891865974759
0.209239558910329 -0.841445932987379
0.833333333333333 -0.024579470797059
0.833333333333333 1.130121067582192
-1.352807328301174 -0.709398101088503
-0.624093774423005 -1.394216731379946
-0.222222222222222 -0.681768470986916
1.855801554214523 -0.471876316466116
0.790760441089671 -0.313254605391872
0.852807328301174 -0.156627302695936
1.290760441089671 0.552770798392567
0.000000000000000 -1.105541596785133
-0.852807328301174 -0.156627302695936
-0.790760441089671 -0.313254605391872
0.771286446121831 0.396143495696631
0.728713553878169 0.469881908087808
0.542572892243662 -0.577350269189626
-0.686140661634507 0.973493764886256
-0.686140661634507 -0.396143495696631
0.542572892243662 0.577350269189626
-0.228713553878169 -0.758557042682621
1.000000000000000 0.792286991393261
0.771286446121831 -0.181206773492995
-1.186140661634507 0.107468361101818
-0.228713553878169 0.758557042682621
0.375906225576995 1.130121067582192
-0.519473994967841 0.998073235683315
1.166666666666667 0.239516193000695
-0.124093774423005 1.418796202177005
-0.562046887211502 -1.286748370278128
1.271286446121831 0.684818630291444
-0.519473994967841 -0.156627302695936
1.271286446121831 -0.684818630291444
-0.290760441089671 0.552770798392567
-0.624093774423005 -0.024579470797059
1.228713553878169 -0.758557042682621
-0.271286446121831 -0.469881908087808
1.186140661634507 0.684818630291444
0.166666666666667 -0.601929739986685
0.271286446121831 0.469881908087808
0.542572892243662 0.000000000000000
0.375906225576995 0.552770798392567
-1.290760441089671 0.552770798392567
-1.414854215512676 0.288675134594813
0.062046887211502 1.526264563278823
1.333333333333333 -0.264095663797754
0.957427107756338 1.443375672974065
-0.957427107756338 -1.443375672974065
-0.686140661634507 1.550844034075882
-1.728713553878169 0.107468361101818
-1.686140661634507 -0.181206773492995
1.562046887211502 0.660239159494384
1.728713553878169 -0.107468361101818
1.562046887211502 -0.709398101088503
1.395380220544836 -0.998073235683315
-1.519473994967840 0.998073235683315
1.686140661634507 0.973493764886256
-0.549639323301362 0.176719969483233
-0.121775678722190 0.564361601639484
0.549639323301362 -0.176719969483233
0.121775678722190 -0.564361601639484
0.427863644579171 0.387641632156251
-0.427863644579171 -0.387641632156251
0.568912034143019 -0.467880315519807
-0.689652256242341 -0.258752116326631
0.408590933737514 0.678801978192825
-0.408590933737514 -0.678801978192825
-0.792155224122874 0.014449139276279
-0.383564290385360 0.693251117469104
0.383564290385360 -0.693251117469104
-0.847385074707625 -0.317932232425192
0.699029927315927 -0.574890885271981
0.847385074707625 0.317932232425192
-0.699029927315927 0.574890885271981
0.148355147391698 0.892823117697173
-0.148355147391698 -0.892823117697173
1.071663721310347 -0.519630624817201
-0.129082436550040 -1.183983463733748
-0.085818538979097 1.187903319377529
1.089900975529137 0.480203062632146
0.985845182331251 0.668272694560327
-0.960818538979097 0.703780401101601
-0.995740222099322 -1.210755350122365
-0.252929028517966 1.962366204877579
1.528177747804762 -1.256792340296137
-1.852502967880533 -0.695044580948945
-0.653177747804762 1.740915258572064
0.653177747804762 -1.740915258572064
-1.834265713661743 0.304789106500403
1.834265713661743 -0.304789106500403
-1.181087965856981 -1.436126152071662
1.181087965856981 1.436126152071662
-1.154508497187474 0.021058567264995
0.595491502812526 0.989304403816850
0.559016994374947 -1.010362971081845
1.895380220544836 0.445302437290749
0.937953112788498 -0.998073235683315
0.124093774423005 0.264095663797754
1.104619779455164 -0.445302437290749
1.166666666666667 -0.239516193000695
1.666666666666667 -0.313254605391872
1.166666666666667 -0.024579470797059
-0.333333333333333 -0.313254605391872
2.000000000000000 0.577350269189626
2.457427107756338 -0.577350269189626
2.062046887211503 0.998073235683315
2.395380220544836 -0.420722966493690
1.333333333333333 0.528191327595508
1.104619779455164 0.709398101088503
2.290760441089672 0.024579470797059
2.395380220544836 0.420722966493690
1.957427107756338 1.443375672974065
1.728713553878169 1.839519168670695
0.624093774423005 1.707471336771818
0.562046887211502 1.864098639467754
0.395380220544836 1.311327841075187
1.271286446121831 1.262168899481069
1.228713553878169 0.758557042682621
1.042572892243662 0.866025403784439
2.000000000000000 1.154700538379252
0.728713553878169 0.420722966493690
1.395380220544836 0.733977571885562
1.562046887211502 0.973493764886256
-0.624093774423005 1.707471336771818
-0.437953112788498 1.864098639467754
-0.604619779455164 1.311327841075187
-0.771286446121831 0.396143495696631
-1.124093774423005 0.841445932987379
-0.833333333333333 -0.024579470797059
1.562046887211502 -0.445302437290749
0.375906225576995 -1.130121067582192
-0.562046887211502 -1.864098639467754
0.624093774423005 -0.601929739986685
0.542572892243662 -1.154700538379252
0.395380220544836 -1.575423504872941
0.604619779455164 -0.998073235683315
0.271286446121831 -0.469881908087808
0.771286446121831 -0.758557042682621
0.042572892243662 -1.443375672974065
1.500000000000000 -1.443375672974065
1.728713553878169 -1.262168899481069
2.228713553878169 -1.550844034075882
1.562046887211502 -0.973493764886256
1.333333333333333 -0.841445932987379
1.271286446121831 -1.839519168670695
-0.125000000000000 0.484122918275927
0.750000000000000 0.968245836551854
1.625000000000000 1.452368754827781
-0.981762745781211 0.999833687449347
-0.106762745781211 1.483956605725274
-0.143237254218789 -0.515710769173420
0.731762745781211 -0.031587850897493
1.606762745781211 0.452535067378434
0.768237254218789 1.968079524001201
0.600609395985434 1.366416752340603
0.442876577520151 1.307236636242042
1.317876577520151 1.791359554517969
0.200360676698639 1.144965806035087
0.015012932940980 0.919595004085791
0.890012932940980 1.403717922361718
-0.097385074707625 0.650313604126662
-0.105727289158343 0.192962572239353
-0.003224321277810 -0.080238683363557
0.871775678722190 0.403884234912371
0.173781208029131 -0.312218913301570
0.303899101202039 -0.419229483053744
1.178899101202040 0.064893435222183
0.315021814058364 1.538320342065076
1.056087965856981 1.920249070347589
-0.004259777900678 1.210755350122365
0.870740222099322 1.694878268398292
-0.116657785549282 0.941473950163237
0.758342214450718 1.425596868439164
-0.146535840552779 0.651210128241641
-0.144272710841657 0.775283264312501
0.730727289158343 1.259406182588428
-0.022497032119467 0.210921662673018
0.852502967880533 0.695044580948945
0.154508497187474 -0.021058567264995
1.029508497187474 0.463064351010932
0.390945313269390 -0.192065632874490
1.265945313269390 0.292057285401437
1.159626390360382 0.356053781258758
0.546415002023552 -0.256958652846790
1.421415002023552 0.227164265429138
-0.219160753429815 1.214675205766146
-0.249038808433312 0.924411383844550
-0.246775678722190 1.048484519915411
0.628224321277810 1.532607438191338
-0.227502967880533 0.757324173878837
0.052005529306941 0.252142688337914
0.288442345388857 0.081135622728419
1.163442345388857 0.565258541004346
0.182123422479849 0.145132118585740
0.443912034143019 0.016242602756120
1.318912034143019 0.500365521032047
-0.396166282736756 1.446655435704159
0.478833717263244 1.930778353980086
0.448955662259747 1.640514532058490
0.451218791970869 1.764587668129351
-0.404508497187474 0.989304403816850
0.470491502812526 1.473427322092777
0.572994470693059 1.200226066489867
0.986436816081916 0.797238770942359
0.005117893172908 0.377112348523753
0.266906504836078 0.248222832694133
1.141906504836078 0.732345750970060
0.554757216474270 0.200392379040520
1.429757216474269 0.684515297316447
1.719160753429815 0.721816467337562
1.001893571895098 0.296873665160196
-0.662481153822169 1.327398679392058
-0.640945313269390 1.160311469426345
-0.538442345388857 0.887110213823435
0.336557654611143 1.371233132099362
0.030469688754162 0.419229898303628
0.318320400392354 0.371399444650015
0.607723937347899 0.408700614671130
0.874038808433312 0.527957370983231
1.007972656634695 0.630151560976645
1.882972656634695 1.114274479252573
-0.526284175909664 1.553666005456333
-0.553899101202039 1.387475319605598
0.321100898797961 1.871598237881525
-0.534626390360382 1.096314973569024
0.340373609639618 1.580437891844951
-0.432123422479849 0.823113717966114
-0.255117893172908 0.591133488028101
0.136788611663170 0.355233402446307
1.011788611663170 0.839356320722234
0.424639323301361 0.307402948792694
1.299639323301361 0.791525867068621
0.714042860256907 0.344704118813809
-0.817950842576331 1.392291699364358
0.057049157423669 1.876414617640285
-0.796415002023552 1.225204489398644
0.078584997976448 1.709327407674571
-0.516906504836078 0.720023003857721
0.358093495163922 1.204145922133649
-0.280469688754162 0.549015938248226
0.594530311245838 1.033138856524154
0.162850711638192 0.436292464622314
1.037850711638192 0.920415382898241
0.452254248593737 0.473593634643429
1.327254248593737 0.957716552919357
1.593569119679149 1.076973309231457
0.609987067059020 0.532773750741991
1.727502967880533 1.179167499224872
-0.804757216474270 0.767853457511334
0.070242783525730 1.251976375787261
0.306679599607646 1.080969310177766
-0.674639323301362 0.660842887759160
0.462149288361808 1.016076290205467
0.164403536955545 0.521424088297042
1.039403536955545 1.005547006572970
0.430718408040958 0.640680844609143
1.305718408040958 1.124803762885070
0.322136355420829 0.580604204395604
1.439652256242341 1.226997952878485
-1.094160753429815 0.730552287490219
0.017276062652101 1.043668140156651
-0.964042860256907 0.623541717738045
-0.702254248593737 0.494652201908425
0.172745751406263 0.978775120184352
-0.414403536955545 0.446821748254812
0.460596463044455 0.930944666530739
1.016314871085413 1.087502592863955
0.032732818465284 0.543303034374488
0.907732818465284 1.027425952650415
0.275248719286796 0.705573864581442
1.150248719286796 1.189696782857370
1.335596463044455 1.415067584806666
1.447994470693059 1.684348984765794
-1.124038808433312 0.440288465568623
-0.680718408040958 0.327564991942711
0.194281591959042 0.811687910218638
-0.391314871085413 0.364866161963826
0.008933848201383 0.586317108269342
0.883933848201383 1.070440026545269
-1.251893571895098 0.671372171391658
-0.376893571895098 1.155495089667585
-1.121775678722190 0.564361601639484
-0.859987067059020 0.435472085809864
0.302863644579171 0.871764550432178
0.592267181534716 0.909065720453293
0.117515900821512 0.646393748482881
1.177863644579171 1.355887468708105
1.290261652227776 1.625168868667233
-1.257972656634695 0.338094275575209
-0.382972656634695 0.822217193851136
-1.102502967880533 0.273201255602909
-0.814652256242341 0.225370801949296
0.060347743757659 0.709493720225224
-0.525248719286796 0.262671971970412
0.616066151798617 0.866051646558440
-0.367515900821512 0.321852088068973
0.935347743757659 1.193616638501151
1.047745751406263 1.462898038460279
-0.710596463044455 0.037301170021115
-0.552863644579171 0.096481286119676
-0.310347743757659 0.258752116326631
-0.012601992351396 0.753404318235055
0.862398007648604 1.237527236510983
0.892276062652101 1.527791058432578
-0.822994470693059 -0.231980229938013
-0.556679599607646 -0.112723473625912
-0.422745751406263 -0.010529283632498
-0.237398007648604 0.214841518316799
0.637601992351396 0.698964436592726
0.779878055003497 1.258509658473450
-0.586557654611143 -0.402987295547508
-0.452623806409760 -0.300793105554093
0.422376193590240 0.183329812721834
-0.850609395985434 -0.398170915788748
0.024390604014566 0.085952002487179
-0.692876577520151 -0.338990799690187
-0.450360676698638 -0.176719969483233
0.722385074707625 0.802055150701119
-0.565021814058364 -0.570074505513222
0.309978185941636 -0.085951587237295
-0.431087965856981 -0.467880315519807
-0.245740222099322 -0.242509513570511
0.629259777900678 0.241613404705416
-0.133342214450718 0.026771886388618
-0.103464159447221 0.317035708310213
-0.030839246570185 -0.246429369214292
0.146166282736756 -0.478409599152305
0.412481153822169 -0.359152842840204
1.287481153822169 0.124970075435723
0.276284175909664 -0.585420168904479
1.151284175909664 -0.101297250628552
0.567950842576331 -0.424045862812503
1.745740222099322 2.179001186674219
2.296415002023551 0.711287183705065
1.353833717263244 2.414901272256013
1.345491502812526 1.957550240368704
2.016906504836078 1.216468669245987
2.304757216474270 1.168638215592374
1.912850711638192 1.404538301174169
2.314652256242340 1.711120871154412
1.891314871085412 1.571625511139882
2.025248719286796 1.673819701133297
0.498106428104902 1.639618007943512
1.867515900821513 1.614639585034736
1.737398007648604 1.721650154786910
0.461113831738940 2.307070323691388
-0.087490034939553 1.192796259688700
0.199325220075770 2.435959839521009
0.013977476318111 2.210589037571712
0.888977476318111 2.694711955847640
-0.098420531330493 1.941307637612584
0.776579468669507 2.425430555888512
-0.126035456622868 1.775116951761849
-0.088525491562421 2.483790293174622
-0.200923499211025 2.214508893215493
-0.228538424503401 2.048318207364758
-0.377929028517966 2.446489123153506
0.497070971482034 2.930612041429434
-0.405543953810342 2.280298437302771
0.469456046189658 2.764421355578698
-0.386271242968684 1.989138091266197
0.488728757031316 2.473261009542124
-0.283768275088152 1.715936835663288
0.591231724911848 2.200059753939215
0.023355147391698 1.376946035973100
0.898355147391698 1.861068954249028
1.160143759054867 1.732179438419408
1.020130826113888 1.296707352609544
-0.622708059050600 2.160145156875692
-0.520205091170067 1.886943901272782
0.354794908829933 2.371066819548710
0.048706942972952 1.419063585752975
1.026209910853484 1.629985248425993
-0.535661846983250 2.387309007054945
0.339338153016750 2.871431925330873
-0.516389136141592 2.096148661018371
-0.413886168261060 1.822947405415462
-0.778177747804762 2.225038176847991
-0.675674779924230 1.951836921245082
-0.498669250617288 1.719856691307069
0.376330749382712 2.203979609582996
-0.262232434535373 1.548849625697574
0.736806373897939 1.592684078404877
-0.963525491562421 1.999667374898695
-0.786519962255480 1.767687144960681
-0.656402069082572 1.660676575208508
0.582889510461130 1.742708722051905
0.035513316870891 2.043501827605998
-0.945805606038117 1.623375405187392
-0.684016994374947 1.494485889357772
0.190983005625053 1.978608807633699
0.159552125304202 1.603213362037375
0.050970072684073 1.543136721823836
0.293485973505585 1.705407552030790
1.466231724911848 2.684182672215142
-1.233656317676309 1.671205858841005
-0.358656317676309 2.155328777116932
-1.103538424503401 1.564195289088831
-0.264495564246494 1.424776489626713
-1.084265713661743 1.273034943052257
-0.507011465068006 1.262505659419759
-0.240696593982594 1.381762415731860
0.634303406017406 1.865885334007787
-0.692359208825665 1.037134857470463
-0.292110489538870 1.258585803775978
-0.076884690777714 1.774220427646870
-0.832372141766645 0.601662771660599
0.042627858233355 1.085785689936526
-0.134377671073586 1.317765919874539
0.740622328926414 1.801888838150466
-0.546784559839575 0.429759181936126
0.328215440160425 0.913882100212053
-0.115104960231929 1.026605573837965
-0.085226905228432 1.316869395759561
0.294521430128453 0.414413518544868
1.169521430128453 0.898536436820795
0.586188096795120 0.575787824636844
-0.256153349795776 1.882127521514023
-0.954147820488835 1.166024373300083
-0.861022523681889 1.726466119295785
-0.973420531330493 1.457184719336657
-1.252929028517966 1.962366204877579
-1.261271242968684 1.505015172990270
-0.851644852608302 0.892823117697173
-0.589856240945133 0.763933601867553
0.145130826113888 0.812584434333617
-1.218199561863126 1.170840753058842
-0.826293057027048 0.934940667477048
0.151209910853484 1.145862330150066
-1.410661846983250 1.903186088779018
-1.288886168261060 1.338824487139535
-1.111880638954119 1.106844257201522
-1.653177747804762 1.740915258572064
-1.550674779924230 1.467714002969155
-1.373669250617288 1.235733773031142
-1.243551357444380 1.128723203278967
-1.661519962255480 1.283564226684754
-1.531402069082572 1.176553656932581
-1.950923499211025 1.246263056663639
-1.559016994374947 1.010362971081845
-0.824029927315927 1.059013803547908
-1.537481153822169 0.843275761116131
-1.959265713661743 0.788912024776330
-1.671415002023552 0.741081571122717
-1.382011465068006 0.778382741143832
-0.654138939371451 1.784749711279368
-1.856762745781211 0.515710769173420
-1.679757216474269 0.283730539235407
-1.522024398008986 0.342910655333968
-1.279508497187474 0.505181485540923
-1.549639323301361 0.176719969483233
-1.287850711638192 0.047830453653613
-0.990104960231929 0.542482655562038
-0.960226905228432 0.832746477483634
-0.887601992351396 0.269281399959128
-0.580478569871547 -0.069709399731059
-0.288811903204880 0.091664906360917
-0.274390604014566 0.882293834064675
-0.972385074707625 0.166190685850735
-0.701218791970869 -0.796341831577497
-0.559978185941636 1.054197423789149
-0.991657785549282 0.457351031887310
-0.720491502812526 -0.505181485540923
-0.328584997976448 -0.741081571122717
-0.608093495163922 -0.235900085581794
0.126893571895098 -0.187249253115731
-0.844530311245838 -0.064893019972299
0.132972656634695 0.146028642700718
-1.401284175909664 1.069543087180406
-1.130117893172908 0.107010569752174
-1.577254248593737 0.010529283632498
-0.842267181534716 0.059180116098561
-1.843569119679149 -0.108727472679603
-1.555718408040958 -0.156557926333216
-1.266314871085412 -0.119256756312101
-0.866066151798617 0.102194189993415
-1.400248719286796 -0.221450946305515
-1.697994470693059 -0.716103148213940
-1.297745751406263 -0.494652201908425
-1.306087965856981 -0.952003233795734
-1.008342214450718 -0.457351031887310
-1.018237254218789 -0.999833687449347
0.582372141766645 0.366583064891255
1.457372141766645 0.850705983167182
-0.115622328926414 -0.349520083322685
0.751035456622868 -0.322748196934067
-0.021461575496599 -1.080072370812904
0.853538424503401 -0.595949452536977
0.155543953810342 -1.312052600750917
0.285661846983250 -1.419063170503091
0.296784559839575 0.538486654615729
1.171784559839575 1.022609572891656
0.740104960231929 0.425763180989816
-0.164773094771568 -0.348623559207706
0.710226905228432 0.135499359068221
0.712490034939553 0.259572495139081
0.834265713661743 -0.304789106500403
0.136271242968684 -1.020892254714343
1.011271242968684 -0.536769336438416
0.033768275088152 -0.747690999111433
0.908768275088152 -0.263568080835506
1.145205091170068 -0.434575146445001
0.425674779924230 -0.983591084693228
1.300674779924230 -0.499468166417300
0.713525491562421 -1.031421538346840
1.588525491562421 -0.547298620070913
0.968199561863126 -0.202594916506988
0.248669250617288 -0.751610854755214
1.123669250617289 -0.267487936479287
1.411519962255480 -0.315318390132900
0.825923499211025 -0.762140138387712
1.700923499211025 -0.278017220111785
0.983656317676309 -0.702960022289151
0.012232434535373 -0.580603789145719
0.989735402415905 -0.369682126472702
-0.544521430128453 0.553832318006986
0.330478569871547 1.037955236282913
-0.273355147391698 -0.408700199421246
0.601644852608302 0.075422718854681
0.993551357444380 -0.160477366727113
0.695805606038117 -0.655129568635538
1.728538424503401 -0.111826534261050
-0.836188096795120 0.392458011915010
0.038811903204880 0.876580930190937
-0.535143759054867 -0.279810683591626
0.339856240945133 0.204312234684301
0.576293057027048 0.033305169074806
0.434016994374947 -0.526240052805918
1.309016994374947 -0.042117134529991
1.709265713661743 0.179333811775525
1.132011465068006 0.189863095408022
1.317359208825665 0.415233897357319
-0.986806373897939 -0.624438241853023
-0.409552125304202 -0.634967525485521
-0.009303406017406 -0.413516579180006
0.865696593982594 0.070606339095921
-0.395130826113888 0.155661402218238
-0.300970072684073 -0.574890885271981
0.574029927315927 -0.090767966996054
1.272024398008986 0.625335181217886
-0.401209910853484 -0.177616493598211
0.042110489538870 -0.290339967224124
-0.543485973505585 -0.737161715478936
-0.841231724911848 -1.231813917387360
0.404138939371451 -0.816503874727514
-0.173115309222286 -0.805974591095016
0.701884690777714 -0.321851672819089
0.704147820488835 -0.197778536748228
-0.449325220075770 -1.467714002969155
-0.263977476318111 -1.242343201019858
0.723420531330493 -0.488938882784803
0.127929028517966 -1.478243286601652
1.002929028517966 -0.994120368325725
1.585226905228432 0.619622277344148
2.278177747804762 -0.288546503744283
2.286519962255480 0.168804528143027
2.575923499211025 0.206105698164142
0.913811903204880 1.360703848466865
1.451293057027049 0.517428087350733
2.584265713661743 0.663456730051452
2.007011465068006 0.673986013683949
0.479869173886112 0.639784320494165
1.449029927315927 0.393354951279873
0.473790089146516 0.306506424677716
1.579147820488835 0.286344381527699
1.877929028517966 -0.509997450049798
1.562046887211502 1.286748370278128
1.395380220544836 1.311327841075187
1.333333333333333 0.313254605391872
0.833333333333333 1.179280009176311
0.604619779455164 0.998073235683315
-0.624093774423005 0.601929739986685
0.395380220544836 1.575423504872941
-0.042572892243662 1.443375672974065
0.562046887211502 1.022652706480375
0.771286446121831 0.181206773492995
-0.833333333333333 1.130121067582192
-0.937953112788498 0.998073235683315
-0.062046887211502 0.733977571885562
-0.562046887211502 1.600002975670000
-0.562046887211502 1.022652706480375
-0.833333333333333 -0.239516193000695
1.833333333333333 -0.552770798392567
-0.771286446121831 -0.181206773492995
0.042572892243662 1.443375672974065
0.271286446121831 1.047232177277434
-0.728713553878169 1.047232177277434
-0.395380220544836 1.575423504872941
-1.333333333333333 1.418796202177005
-1.166666666666667 0.024579470797059
-1.228713553878169 0.758557042682621
-1.562046887211502 -0.132047831898877
-0.771286446121831 0.758557042682621
-1.562046887211502 0.445302437290749
2.457427107756338 0.577350269189626
2.228713553878169 -0.973493764886256
2.000000000000000 1.732050807568877
1.562046887211502 1.864098639467754
2.957427107756338 -0.288675134594813
2.728713553878169 -0.107468361101818
2.228713553878169 0.758557042682621
0.833333333333333 1.394216731379946
1.957427107756338 0.866025403784439
0.604619779455164 1.575423504872941
0.437953112788498 1.286748370278128
0.728713553878169 2.416869437860321
1.457427107756338 2.309401076758503
1.228713553878169 2.128194303265508
1.124093774423005 1.996146471366631
0.124093774423005 1.996146471366631
0.271286446121831 2.416869437860321
1.166666666666667 2.284821605961444
0.166666666666667 2.284821605961444
0.062046887211502 1.575423504872941
0.895380220544836 1.022652706480375
-0.228713553878169 2.705544572455134
-0.271286446121831 2.416869437860321
-0.228713553878169 2.128194303265508
0.833333333333333 1.971567000569572
-0.395380220544836 2.152773774062567
0.500000000000000 2.020725942163690
-0.500000000000000 2.020725942163690
0.166666666666667 1.707471336771818
0.457427107756338 1.732050807568877
-0.166666666666667 1.707471336771818
1.166666666666667 1.971567000569572
-0.437953112788498 1.286748370278128
-0.604619779455164 0.156627302695936
-1.395380220544836 0.733977571885562
-1.728713553878169 1.839519168670695
-1.228713553878169 2.705544572455134
-1.271286446121831 2.416869437860321
-1.166666666666667 1.971567000569572
-1.728713553878169 1.047232177277434
-0.833333333333333 1.707471336771818
-0.542572892243662 1.732050807568877
-2.457427107756338 1.154700538379252
-2.228713553878169 0.973493764886256
-1.957427107756338 0.866025403784439
-1.290760441089671 1.707471336771818
-2.228713553878169 0.181206773492995
-0.833333333333333 0.601929739986685
0.437953112788498 -1.864098639467754
1.333333333333333 -1.418796202177005
-1.228713553878169 -0.758557042682621
2.457427107756338 -1.154700538379252
0.125000000000000 -0.484122918275927
-0.750000000000000 -0.968245836551854
0.143237254218789 0.515710769173420
-0.731762745781211 0.031587850897493
1.018237254218789 0.999833687449347
-0.713525491562421 1.031421538346840
0.106762745781211 -1.483956605725274
0.981762745781211 -0.999833687449347
-0.768237254218789 -1.968079524001201
1.856762745781211 -0.515710769173420
0.161474508437579 1.515544456622768
0.850609395985434 0.398170915788748
-0.024390604014566 -0.085952002487179
-0.006153349795776 0.913881684962169
0.692876577520151 0.338990799690187
1.567876577520151 0.823113717966114
-0.182123422479849 -0.145132118585740
0.711113831738940 1.338824487139535
0.450360676698638 0.176719969483233
-0.424639323301361 -0.307402948792694
0.468597930917428 1.176553656932581
-0.406402069082572 0.692430738656653
1.140012932940980 0.435472085809864
-0.609987067059020 -0.532773750741991
0.152614925292375 -0.317932232425192
-0.722385074707625 -0.802055150701119
0.170852179511165 0.681901455024155
-0.704147820488835 0.197778536748228
1.121775678722190 -0.564361601639484
0.423781208029131 -1.280464749853424
0.553899101202039 -1.387475319605598
1.428899101202039 -0.903352401329671
-0.321100898797961 -1.871598237881525
-0.302863644579171 -0.871764550432178
0.565021814058364 0.570074505513222
-0.309978185941636 0.085951587237295
0.431087965856981 0.467880315519807
1.306087965856981 0.952003233795734
-0.443912034143019 -0.016242602756120
0.449325220075770 1.467714002969155
-0.425674779924230 0.983591084693228
0.245740222099322 0.242509513570511
1.120740222099322 0.726632431846438
0.263977476318111 1.242343201019858
-0.611022523681889 0.758220282743931
0.133342214450718 -0.026771886388618
1.008342214450718 0.457351031887310
0.151579468669507 0.973061801060730
0.103464159447221 -0.317035708310213
0.978464159447221 0.167087209965714
0.105727289158343 -0.192962572239353
0.123964543377132 0.806871115209995
0.227502967880533 -0.757324173878837
0.404508497187474 -0.989304403816850
1.279508497187474 -0.505181485540923
-0.470491502812526 -1.473427322092777
0.422745751406263 0.010529283632498
-0.452254248593737 -0.473593634643429
1.515945313269390 -0.676188551150417
0.659182567488179 -0.160477781976997
0.534626390360382 -1.096314973569024
1.409626390360382 -0.612192055293097
0.552863644579171 -0.096481286119676
-0.322136355420829 -0.580604204395604
0.796415002023552 -1.225204489398644
1.671415002023552 -0.741081571122717
0.814652256242341 -0.225370801949296
-0.060347743757659 -0.709493720225224
0.030839246570185 0.246429369214292
-0.844160753429815 -0.237693549061635
0.049076500788975 1.246263056663639
-0.825923499211025 0.762140138387712
-0.874038808433312 -0.527957370983231
0.003224321277810 0.080238683363557
-0.871775678722190 -0.403884234912371
0.021461575496599 1.080072370812904
-0.853538424503401 0.595949452536977
0.022497032119467 -0.210921662673018
-0.852502967880533 -0.695044580948945
-0.834265713661743 0.304789106500403
0.302005529306941 -0.716103148213940
-0.572994470693059 -1.200226066489867
0.320242783525730 0.283730539235407
-0.554757216474270 -0.200392379040520
0.538442345388857 -0.887110213823435
0.556679599607646 0.112723473625912
-0.318320400392354 -0.371399444650015
0.432123422479849 -0.823113717966114
-0.442876577520151 -1.307236636242042
0.693912034143019 -0.952003233795734
1.568912034143019 -0.467880315519807
-0.181087965856981 -1.436126152071661
-0.162850711638192 -0.436292464622314
-0.146166282736756 0.478409599152305
0.728833717263244 0.962532517428232
-0.127929028517966 1.478243286601652
-1.002929028517966 0.994120368325725
0.698955662259747 0.672268695506636
0.701218791970869 0.796341831577497
-0.154508497187474 0.021058567264995
0.720491502812526 0.505181485540923
-1.029508497187474 -0.463064351010932
-0.136271242968684 1.020892254714343
-1.011271242968684 0.536769336438416
-0.033768275088152 0.747690999111433
1.236436816081916 -0.171007065609495
0.255117893172908 -0.591133488028101
1.130117893172908 -0.107010569752174
0.273355147391698 0.408700199421246
-0.601644852608302 -0.075422718854681
0.516906504836078 -0.720023003857721
1.391906504836078 -0.235900085581794
0.535143759054867 0.279810683591626
-0.339856240945133 -0.204312234684301
1.679757216474269 -0.283730539235407
1.094160753429815 -0.730552287490219
1.969160753429814 -0.246429369214292
0.219160753429815 -1.214675205766146
0.237398007648604 -0.214841518316799
1.251893571895098 -0.671372171391658
0.376893571895098 -1.155495089667585
1.270130826113888 0.328461516057690
0.395130826113888 -0.155661402218238
-0.412481153822169 0.359152842840204
0.462518846177831 0.843275761116131
-0.390945313269390 0.192065632874490
-1.265945313269390 -0.292057285401437
-0.288442345388857 -0.081135622728419
0.586557654611143 0.402987295547508
-0.270205091170067 0.918698064720928
0.280469688754162 -0.549015938248226
-0.594530311245838 -1.033138856524154
0.298706942972952 0.450817749201121
-0.576293057027048 -0.033305169074806
0.568320400392354 -0.596846391901839
-0.306679599607646 -1.080969310177766
0.857723937347899 -0.559545221880724
-0.017276062652101 -1.043668140156651
1.124038808433312 -0.440288465568623
1.142276062652101 0.559545221880724
0.267276062652101 0.075422303604797
0.382972656634695 -0.822217193851136
1.276209910853484 0.661739411874139
0.401209910853484 0.177616493598211
-0.276284175909664 0.585420168904479
0.598715824090336 1.069543087180406
-0.303899101202039 0.419229483053744
0.571100898797961 0.903352401329671
-0.285661846983250 1.419063170503091
-0.284626390360382 0.128069137017170
0.590373609639618 0.612192055293097
-0.005117893172908 -0.377112348523753
0.869882106827092 0.107010569752174
1.261788611663170 -0.128889515829620
0.674639323301362 -0.660842887759160
1.549639323301361 -0.176719969483233
-0.200360676698639 -1.144965806035087
0.964042860256907 -0.623541717738045
1.839042860256907 -0.139418799462118
-0.567950842576331 0.424045862812503
0.307049157423669 0.908168781088431
-0.546415002023552 0.256958652846790
0.328584997976448 0.741081571122717
-1.421415002023552 -0.227164265429138
-0.528177747804762 1.256792340296137
-1.403177747804762 0.772669422020210
-0.266906504836078 -0.248222832694133
0.608093495163922 0.235900085581794
-1.141906504836078 -0.732345750970060
-0.248669250617288 0.751610854755214
-1.123669250617289 0.267487936479287
0.844530311245838 0.064893019972299
-0.012232434535373 0.580603789145719
-0.136788611663170 -0.355233402446307
-0.118551357444380 0.644600285003040
-0.993551357444380 0.160477366727113
0.412850711638192 -0.531953371929540
1.287850711638192 -0.047830453653613
0.702254248593737 -0.494652201908425
1.577254248593737 -0.010529283632498
-0.172745751406263 -0.978775120184352
0.986806373897939 0.624438241853023
0.859987067059020 -0.435472085809864
-0.015012932940980 -0.919595004085791
1.977502967880533 0.210921662673018
-1.429757216474269 -0.684515297316447
-0.536519962255480 0.799441308408827
-1.411519962255480 0.315318390132900
-1.299639323301361 -0.791525867068621
-1.281402069082572 0.208307820380726
-1.037850711638192 -0.920415382898241
0.414403536955545 -0.446821748254812
-0.460596463044455 -0.930944666530739
-0.442359208825665 0.068889020918608
0.680718408040958 -0.327564991942711
1.689652256242341 0.258752116326631
-0.042110489538870 0.290339967224124
-1.700923499211025 0.278017220111785
0.160957139743093 0.139418799462118
-0.695805606038117 0.655129568635538
-0.434016994374947 0.526240052805918
-1.309016994374947 0.042117134529991
-0.164403536955545 -0.521424088297042
0.710596463044455 -0.037301170021115
1.266314871085412 0.119256756312101
0.282732818465284 -0.424942802177366
1.157732818465284 0.059180116098561
-0.592267181534716 -0.909065720453293
0.300970072684073 0.574890885271981
-0.574029927315927 0.090767966996054
0.525248719286796 -0.262671971970412
1.585596463044455 0.446821748254812
1.697994470693059 0.716103148213940
0.841231724911848 1.231813917387360
-0.430718408040958 -0.640680844609143
0.444281591959042 -0.156557926333216
0.258933848201383 -0.381928728282513
1.133933848201383 0.102194189993415
-0.616066151798617 -0.866051646558440
0.604794908829933 1.402820982996855
-1.001893571895098 -0.296873665160196
-0.126893571895098 0.187249253115731
0.842267181534716 -0.059180116098561
1.427863644579171 0.387641632156251
1.540261652227776 0.656923032115379
-0.132972656634695 -0.146028642700718
-1.727502967880533 -1.179167499224872
-1.709265713661743 -0.179333811775525
-0.564652256242341 -0.742875034602558
0.310347743757659 -0.258752116326631
-0.275248719286796 -0.705573864581442
0.599751280713204 -0.221450946305515
-1.150248719286796 -1.189696782857370
-0.257011465068006 0.294259822867905
-1.132011465068006 -0.189863095408022
-0.008933848201383 -0.586317108269342
0.866066151798617 -0.102194189993415
0.009303406017406 0.413516579180006
-0.865696593982594 -0.070606339095921
-0.117515900821512 -0.646393748482881
-0.974278646602723 -0.130682979309461
1.185347743757659 0.225370801949296
1.297745751406263 0.494652201908425
0.440983005625053 1.010362971081845
0.470861060628549 1.300626793003441
-0.404138939371451 0.816503874727514
0.285513316870890 1.075255991054144
-0.397024398008986 -0.141212262941959
-1.272024398008986 -0.625335181217886
0.012601992351396 -0.753404318235055
0.887601992351396 -0.269281399959128
-0.862398007648604 -1.237527236510983
1.029878055003497 0.290263821921596
0.173115309222286 0.805974591095016
-0.600609395985434 -1.366416752340603
0.274390604014566 -0.882293834064675
-0.582372141766645 -0.366583064891255
0.097385074707625 -0.650313604126662
0.972385074707625 -0.166190685850735
0.115622328926414 0.349520083322685
-0.315021814058364 -1.538320342065076
0.559978185941636 -1.054197423789149
-0.296784559839575 -0.538486654615729
-1.171784559839575 -1.022609572891656
0.879259777900678 -0.726632431846438
0.116657785549282 -0.941473950163237
0.991657785549282 -0.457351031887310
-0.758342214450718 -1.425596868439164
-0.740104960231929 -0.425763180989816
0.146535840552779 -0.651210128241641
0.164773094771568 0.348623559207706
-0.710226905228432 -0.135499359068221
0.396166282736756 -1.446655435704159
1.271166282736756 -0.962532517428232
-0.478833717263244 -1.930778353980086
0.662481153822169 -1.327398679392058
1.537481153822169 -0.843275761116131
0.526284175909664 -1.553666005456333
1.401284175909664 -1.069543087180406
0.544521430128453 -0.553832318006986
-0.330478569871547 -1.037955236282913
0.817950842576331 -1.392291699364358
0.836188096795120 -0.392458011915010
-0.038811903204880 -0.876580930190937
2.181087965856981 1.436126152071661
1.324325220075770 1.951836921245082
0.998964543377132 1.290994033485922
2.154508497187474 -0.021058567264995
2.546415002023551 -0.256958652846790
1.036474508437579 1.999667374898695
0.747070971482034 1.962366204877579
1.595491502812526 0.989304403816850
0.738728757031316 1.505015172990270
1.148355147391698 0.892823117697173
2.266906504836077 0.248222832694133
1.410143759054867 0.763933601867553
2.554757216474270 0.200392379040520
1.446100898797961 1.387475319605598
0.589338153016750 1.903186088779018
2.424639323301361 0.307402948792694
0.626330749382711 1.235733773031142
1.719530311245838 0.549015938248226
0.862767565464627 1.064726707421647
2.162850711638192 0.436292464622314
2.852502967880532 0.695044580948945
2.141314871085413 0.603379674588028
2.275248719286796 0.705573864581442
2.117515900821513 0.646393748482881
1.260753155040302 1.162104517656301
0.884303406017406 0.897639497455933
0.292627858233355 0.117539853384672
0.990622328926414 0.833643001598612
0.578215440160425 -0.054363736339802
1.419521430128453 -0.069709399731059
0.467562474294560 2.467547690418502
0.169816722888297 1.972895488510077
-0.705183277111703 1.488772570234150
0.142201797595921 1.806704802659342
-0.807686244992236 1.761973825837059
0.039698829715389 2.079906058262252
-0.835301170284611 1.595783139986324
0.291592401610487 1.408533886870593
0.413368080332677 0.844172285231110
-0.230431996398499 1.751444542204562
-1.105431996398499 1.267321623928635
-0.100314103225591 1.644433972452388
-0.975314103225591 1.160311054176461
-0.555792673097138 1.090601654445402
0.562758684347243 0.446001369442361
-0.312241315652757 -0.038121548833566
-1.998669250617288 -0.216634981796640
0.832372141766645 -0.601662771660599
1.707372141766645 -0.117539853384672
0.134377671073586 -1.317765919874539
1.103538424503401 -1.564195289088831
0.405543953810342 -2.280298437302771
0.546784559839575 -0.429759181936126
1.421784559839575 0.054363736339802
0.990104960231929 -0.542482655562038
0.085226905228432 -1.316869395759561
0.960226905228432 -0.832746477483634
1.084265713661743 -1.273034943052257
0.386271242968684 -1.989138091266197
1.261271242968684 -1.505015172990270
1.497708059050600 -1.676022238599765
0.778177747804762 -2.225038176847991
1.653177747804762 -1.740915258572064
0.283768275088152 -1.715936835663288
1.158768275088152 -1.231813917387360
-0.591231724911848 -2.200059753939215
1.395205091170068 -1.402820982996855
1.288886168261060 -1.338824487139535
0.675674779924230 -1.951836921245082
0.963525491562421 -1.999667374898695
1.838525491562421 -1.515544456622768
1.218199561863126 -1.170840753058842
0.498669250617288 -1.719856691307069
1.373669250617288 -1.235733773031142
1.661519962255480 -1.283564226684754
1.075923499211025 -1.730385974939566
1.950923499211025 -1.246263056663639
0.262232434535373 -1.548849625697574
-0.612767565464627 -2.032972543973500
1.239735402415905 -1.337927963024556
-0.294521430128453 -0.414413518544868
0.580478569871547 0.069709399731059
-0.023355147391698 -1.376946035973100
0.851644852608302 -0.892823117697173
1.243551357444380 -1.128723203278967
1.531402069082572 -1.176553656932581
1.978538424503401 -1.080072370812904
-0.586188096795120 -0.575787824636844
0.288811903204880 -0.091664906360917
0.589856240945133 -0.763933601867553
0.826293057027048 -0.934940667477048
0.684016994374947 -1.494485889357772
1.559016994374947 -1.010362971081845
-0.190983005625053 -1.978608807633699
1.959265713661743 -0.788912024776330
1.567359208825665 -0.553011939194535
0.240696593982594 -1.381762415731860
1.115696593982594 -0.897639497455933
-1.020130826113888 -1.296707352609544
-0.145130826113888 -0.812584434333617
-0.050970072684073 -1.543136721823836
0.824029927315927 -1.059013803547908
1.522024398008986 -0.342910655333968
-0.151209910853484 -1.145862330150066
0.292110489538870 -1.258585803775978
-0.293485973505585 -1.705407552030790
0.581514026494415 -1.221284633754863
0.654138939371451 -1.784749711279368
0.076884690777714 -1.774220427646870
0.951884690777714 -1.290097509370943
0.954147820488835 -1.166024373300083
-0.013977476318111 -2.210589037571712
0.861022523681889 -1.726466119295785
0.098420531330493 -1.941307637612584
0.973420531330493 -1.457184719336657
0.377929028517966 -2.446489123153506
1.835226905228432 -0.348623559207706
2.136271242968684 -1.020892254714343
2.528177747804762 -1.256792340296137
2.248669250617288 -0.751610854755214
2.536519962255480 -0.799441308408827
2.118551357444380 -0.644600285003040
2.406402069082572 -0.692430738656653
1.163811903204880 0.392458011915010
1.701293057027049 -0.450817749201121
2.834265713661743 -0.304789106500403
2.257011465068006 -0.294259822867905
0.729869173886112 -0.328461516057690
2.099278646602723 -0.353439938966466
0.723790089146516 -0.661739411874139
1.829147820488835 -0.681901455024155
1.062046887211502 -0.107468361101818
1.790760441089671 -0.313254605391872
1.166666666666667 0.024579470797059
0.228713553878169 0.445302437290749
1.124093774423005 0.000000000000000
0.209239558910329 -0.313254605391872
0.833333333333333 -0.239516193000695
1.166666666666667 -1.130121067582192
0.375906225576995 0.024579470797059
0.604619779455164 1.311327841075187
0.624093774423005 0.601929739986685
0.437953112788498 1.864098639467754
1.562046887211502 0.445302437290749
0.437953112788498 1.022652706480375
0.771286446121831 0.758557042682621
0.624093774423005 0.866025403784439
-0.271286446121831 0.420722966493690
0.562046887211502 0.973493764886256
-0.437953112788498 1.022652706480375
-0.375906225576995 0.024579470797059
-0.271286446121831 0.469881908087808
0.166666666666667 0.337834076188931
-0.604619779455164 0.998073235683315
-0.790760441089671 0.890604874581498
-0.771286446121831 0.181206773492995
-0.542572892243662 -0.577350269189626
-1.166666666666667 1.130121067582192
-0.209239558910329 0.313254605391872
-1.166666666666667 -0.024579470797059
-1.437953112788498 -0.132047831898877
-1.271286446121831 -0.684818630291444
0.271286446121831 -0.420722966493690
-0.562046887211502 -0.973493764886256
-0.500000000000000 0.024579470797059
-0.437953112788498 -0.973493764886256
-0.604619779455164 -0.733977571885562
0.228713553878169 -0.758557042682621
-0.624093774423005 -0.866025403784439
-0.333333333333333 -0.626509210783744
-0.562046887211502 -1.600002975670000
0.437953112788498 -0.973493764886256
0.500000000000000 0.024579470797059
0.562046887211502 -0.973493764886256
0.333333333333333 -0.890604874581498
-0.395380220544836 -1.575423504872941
0.265012932940980 -0.048650832466063
0.144272710841657 -0.775283264312501
0.246775678722190 -1.048484519915411
0.640945313269390 -1.160311469426345
0.000961191566688 -0.043834452707304
-0.176044337740253 0.188145777230709
-0.052005529306941 -0.252142688337914
0.361436816081916 -0.655129983885422
0.804757216474270 -0.767853457511334
-0.111436816081916 -0.313115852666432
1.257972656634695 -0.338094275575209
0.386788611663170 -0.613012434105547
-0.030469688754162 -0.419229898303628
0.968569119679149 -0.375395445596324
1.102502967880533 -0.273201255602909
-0.607723937347899 -0.408700614671130
-0.714042860256907 -0.344704118813809
0.391314871085413 -0.364866161963826
0.822994470693059 0.231980229938013
-0.141314871085413 -0.603379674588028
-0.032732818465284 -0.543303034374488
0.665261652227775 0.172800113839452
-1.007972656634695 -0.630151560976645
-0.415261652227776 -1.141045950391306
0.154878055003497 -0.193859096354331
-0.336557654611143 -1.371233132099362
-0.202623806409760 -1.269038942105948
0.095121944996503 -0.774386740197523
0.004259777900678 -1.210755350122365
0.249038808433312 -0.924411383844550
0.426044337740253 -1.156391613782563
0.980727289158343 0.291160346036574
0.905839246570185 0.730552287490219
0.878224321277810 0.564361601639484
1.413442345388857 -0.402987295547508
1.443320400392354 -0.112723473625912
1.999038808433312 0.043834452707304
1.106318922909008 -0.063996495857321
1.843569119679149 0.108727472679603
0.712149288361808 0.047830453653613
1.555718408040958 0.156557926333216
1.875000000000000 0.484122918275927
1.400248719286796 0.221450946305515
1.319281591959042 0.327564991942711
1.461557654611143 0.887110213823435
0.109543244186817 0.016242187506236
1.108582052620129 0.060076640213540
0.459738347772224 -0.656923032115379
0.672376193590240 -0.784916023830021
0.970121944996503 -0.290263821921596
0.540705475099978 -0.763037077752575
1.692950842576331 -0.908168781088431
0.442018462247921 -0.280631062404077
0.121701413666010 0.682797979139134
0.019198445785478 0.955999234742043
-0.155543953810342 1.312052600750917
0.379674070300705 0.344703703563925
-0.394243899603379 1.358986530289552
0.036918331309782 0.579707265030741
-0.163886168261060 0.854701568863607
0.832889510461130 0.774462885500051
-0.589486683129110 0.591133072778217
0.409552125304202 0.634967525485521
0.543485973505585 0.737161715478936
-0.855801554214522 0.471876316466116
-0.983656317676309 0.702960022289151
0.251819306838919 0.575787409386960
-0.989735402415905 0.369682126472702
-0.099278646602723 0.353439938966466
-0.316057270681232 -0.247326308579154
0.574399485131950 -0.263568496085390
-0.712490034939553 -0.259572495139081
-0.432981537752079 -0.764753980680004
-0.291740931722846 1.085785274686642
-0.723420531330493 0.488938882784803
-0.753298586333989 0.198675060863207
-0.215817432511821 -0.644600700252924
-1.269243899603379 0.874863612013625
-1.247708059050600 0.707776402047911
-0.968199561863126 0.202594916506988
-0.838081668690218 0.095584346754814
-0.861880638954119 0.138598420649667
0.107280114475696 -0.107830948564625
-1.300674779924230 0.499468166417300
-0.887232434535373 0.096480870869792
0.111806373897939 0.140315323577096
-1.588525491562421 0.547298620070913
-1.175083146173564 0.144311324523405
-0.465447874695798 0.150844607209594
-0.331514026494415 0.253038797203008
-1.287481153822169 -0.124970075435723
-0.998077616866623 -0.087668905414608
-1.606762745781211 -0.452535067378434
-0.701884690777714 0.321851672819089
-1.193320400392354 -0.855522362925942
-0.637601992351396 -0.698964436592726
-0.300600514868050 -0.747691414361317
-0.619882106827092 -1.075256406304028
-0.986436816081916 -0.797238770942359
-0.856318922909008 -0.904249340694533
0.140456755813183 -0.984488024058090
-1.442950842576330 -0.060077055463424
-0.462149288361808 -1.016076290205467
-1.719160753429815 -0.721816467337562
-1.327254248593737 -0.957716552919357
-1.749038808433312 -1.012080289259158
-1.593569119679149 -1.076973309231457
-1.305718408040958 -1.124803762885070
-0.858582052620129 -1.028322476765394
-0.907732818465284 -1.027425952650415
-0.209738347772224 -0.311322804436475
-1.439652256242341 -1.226997952878485
-0.883933848201383 -1.070440026545269
-0.992515900821512 -1.130516666758808
-1.447994470693059 -1.684348984765794
-1.290261652227776 -1.625168868667233
-1.047745751406263 -1.462898038460279
-0.720121944996503 -0.677982014630259
-0.892276062652101 -1.527791058432578
-1.317876577520151 -1.791359554517969
-1.056087965856981 -1.920249070347589
-0.870740222099322 -1.694878268398292
-0.728464159447221 -1.135333046517568
-0.212518846177831 -1.811521597667985
-0.348715824090336 -2.037788923732261
0.566057270681232 -0.720919527972700
0.104499616070089 -1.608029741796135
0.535661846983250 -2.387309007054945
0.115104960231929 -1.026605573837965
0.520205091170067 -1.886943901272782
0.413886168261060 -1.822947405415462
0.236880638954119 -1.590967175477449
0.786519962255480 -1.767687144960681
-0.409182567488179 -0.807768054574857
-0.129674070300705 -1.312949540115780
-0.324399485131950 -0.704677340466464
0.213081668690218 -1.547953101582595
0.945805606038117 -1.623375405187392
-0.285143759054867 -1.248056520143480
0.507011465068006 -1.262505659419759
0.692359208825665 -1.037134857470463
-0.001819306838919 -1.544033245938814
0.349278646602723 -1.321685775518320
0.647024398008986 -0.827033573609895
-1.026209910853484 -1.629985248425993
-0.027171102420172 -1.586150795718689
-0.354794908829933 -2.371066819548710
-0.220861060628549 -2.268872629555295
-0.035513316870891 -2.043501827605998
-0.199325220075770 -2.435959839521009
0.200923499211025 -2.214508893215493
0.979499616070089 -1.123906823520208
1.111880638954119 -1.106844257201522
0.465817432511821 -0.323645136298930
1.137232434535373 -1.064726707421647
0.550600514868050 -0.220554422190537
1.088081668690218 -1.063830183306668
0.142719885524304 -0.860414887987230
1.382011465068006 -0.778382741143832
0.138193626102061 -1.108561160128950
0.715447874695798 -1.119090443761448
1.224278646602723 -0.837562857242393
0.541740931722846 -2.054031111238496
1.519243899603379 -1.843109448565479
-0.042572892243662 0.024579470797059
0.042572892243662 0.024579470797059
-0.042572892243662 -0.024579470797059
0.042572892243662 -0.024579470797059
0.000000000000000 -0.049158941594118
0.000000000000000 0.049158941594118
-0.124093774423005 0.000000000000000
-0.062046887211502 0.107468361101818
0.062046887211502 0.107468361101818
0.062046887211502 -0.107468361101818
-0.062046887211502 -0.107468361101818
0.124093774423005 0.000000000000000
-0.209239558910329 0.000000000000000
0.209239558910329 0.000000000000000
0.104619779455164 -0.181206773492995
-0.104619779455164 -0.181206773492995
-0.104619779455164 0.181206773492995
0.104619779455164 0.181206773492995
0.228713553878169 0.132047831898877
-0.228713553878169 0.132047831898877
0.000000000000000 -0.264095663797754
0.290760441089671 0.024579470797059
-0.271286446121831 -0.156627302695936
-0.271286446121831 0.156627302695936
0.271286446121831 -0.156627302695936
0.271286446121831 0.156627302695936
0.000000000000000 -0.313254605391872
0.000000000000000 0.313254605391872
0.209239558910329 0.264095663797754
0.209239558910329 -0.264095663797754
0.124093774423005 0.313254605391872
-0.124093774423005 -0.313254605391872
-0.124093774423005 0.313254605391872
-0.333333333333333 0.049158941594118
0.333333333333333 0.049158941594118
-0.209239558910329 0.264095663797754
-0.209239558910329 -0.264095663797754
0.124093774423005 -0.313254605391872
0.333333333333333 -0.049158941594118
-0.333333333333333 -0.049158941594118
-0.290760441089671 -0.288675134594813
-0.290760441089671 0.288675134594813
-0.104619779455164 -0.396143495696631
0.104619779455164 0.396143495696631
0.104619779455164 -0.396143495696631
0.395380220544836 -0.107468361101818
-0.395380220544836 -0.107468361101818
0.290760441089671 -0.288675134594813
0.290760441089671 0.288675134594813
-0.104619779455164 0.396143495696631
-0.395380220544836 0.107468361101818
0.395380220544836 0.107468361101818
0.375906225576995 -0.288675134594813
0.375906225576995 0.288675134594813
0.437953112788498 -0.181206773492995
0.437953112788498 0.181206773492995
0.062046887211502 0.469881908087808
-0.062046887211502 0.469881908087808
-0.437953112788498 -0.181206773492995
-0.437953112788498 0.181206773492995
-0.375906225576995 -0.288675134594813
-0.375906225576995 0.288675134594813
-0.062046887211502 -0.469881908087808
0.062046887211502 -0.469881908087808
0.271286446121831 0.420722966493690
-0.228713553878169 0.445302437290749
-0.271286446121831 -0.420722966493690
0.500000000000000 -0.024579470797059
-0.500000000000000 -0.024579470797059
-0.228713553878169 -0.445302437290749
0.228713553878169 -0.445302437290749
0.457427107756338 0.264095663797754
0.457427107756338 -0.264095663797754
-0.457427107756338 0.264095663797754
-0.457427107756338 -0.264095663797754
0.000000000000000 0.528191327595508
0.000000000000000 -0.528191327595507
-0.542572892243662 0.000000000000000
-0.042572892243662 0.552770798392567
0.042572892243662 0.552770798392567
0.042572892243662 -0.552770798392567
0.457427107756338 -0.313254605391872
-0.457427107756338 -0.313254605391872
-0.457427107756338 0.313254605391872
0.500000000000000 0.239516193000695
-0.500000000000000 0.239516193000695
-0.500000000000000 -0.239516193000695
0.500000000000000 -0.239516193000695
0.457427107756338 0.313254605391872
-0.042572892243662 -0.552770798392567
0.124093774423005 -0.577350269189626
-0.124093774423005 -0.577350269189626
-0.124093774423005 0.577350269189626
-0.437953112788498 0.396143495696631
-0.437953112788498 -0.396143495696631
0.437953112788498 0.396143495696631
0.437953112788498 -0.396143495696631
-0.562046887211502 -0.181206773492995
0.562046887211502 -0.181206773492995
0.562046887211502 0.181206773492995
-0.562046887211502 0.181206773492995
0.124093774423005 0.577350269189626
0.209239558910329 -0.577350269189626
0.209239558910329 0.577350269189626
-0.604619779455164 -0.107468361101818
0.604619779455164 0.107468361101818
0.604619779455164 -0.107468361101818
0.395380220544836 0.469881908087808
-0.395380220544836 0.469881908087808
-0.209239558910329 -0.577350269189626
-0.209239558910329 0.577350269189626
-0.604619779455164 0.107468361101818
-0.395380220544836 -0.469881908087808
0.395380220544836 -0.469881908087808
0.333333333333333 -0.577350269189626
-0.333333333333333 -0.577350269189626
-0.666666666666667 0.000000000000000
-0.333333333333333 0.577350269189626
0.333333333333333 0.577350269189626
0.666666666666667 0.000000000000000
0.375906225576995 -0.552770798392567
-0.519473994967841 -0.420722966493690
-0.519473994967841 0.420722966493690
-0.290760441089671 0.601929739986685
-0.290760441089671 -0.601929739986685
-0.666666666666667 0.049158941594118
0.666666666666667 0.049158941594118
-0.624093774423005 -0.239516193000695
0.104619779455164 -0.660239159494384
0.290760441089671 0.601929739986685
-0.104619779455164 -0.660239159494384
0.624093774423005 -0.239516193000695
-0.375906225576995 0.552770798392567
-0.375906225576995 -0.552770798392567
0.519473994967841 0.420722966493690
0.519473994967841 -0.420722966493690
0.290760441089671 -0.601929739986685
0.666666666666667 -0.049158941594118
-0.666666666666667 -0.049158941594118
0.104619779455164 0.660239159494384
-0.104619779455164 0.660239159494384
-0.624093774423005 0.239516193000695
0.624093774423005 0.239516193000695
-0.624093774423005 -0.288675134594813
-0.624093774423005 0.288675134594813
0.062046887211502 -0.684818630291444
-0.062046887211502 0.684818630291444
-0.062046887211502 -0.684818630291444
0.562046887211502 -0.396143495696631
-0.562046887211502 -0.396143495696631
0.624093774423005 -0.288675134594813
0.624093774423005 0.288675134594813
0.062046887211502 0.684818630291444
-0.562046887211502 0.396143495696631
0.562046887211502 0.396143495696631
-0.686140661634507 0.132047831898877
-0.686140661634507 -0.132047831898877
-0.457427107756338 -0.528191327595507
-0.457427107756338 0.528191327595508
0.228713553878169 -0.660239159494384
-0.228713553878169 -0.660239159494384
0.457427107756338 -0.528191327595507
0.686140661634507 0.132047831898877
0.686140661634507 -0.132047831898877
0.457427107756338 0.528191327595508
-0.228713553878169 0.660239159494384
0.228713553878169 0.660239159494384
0.771286446121831 0.132047831898877
0.771286446121831 -0.132047831898877
-0.271286446121831 -0.733977571885562
-0.271286446121831 0.733977571885562
0.271286446121831 -0.733977571885562
0.271286446121831 0.733977571885562
-0.500000000000000 0.601929739986685
0.500000000000000 0.601929739986685
-0.771286446121831 0.132047831898877
-0.771286446121831 -0.132047831898877
0.500000000000000 -0.601929739986685
-0.500000000000000 -0.601929739986685
-0.790760441089671 0.000000000000000
-0.395380220544836 0.684818630291444
0.395380220544836 0.684818630291444
0.395380220544836 -0.684818630291444
-0.395380220544836 -0.684818630291444
0.790760441089671 0.000000000000000
-0.728713553878169 0.420722966493690
0.000000000000000 -0.841445932987379
-0.209239558910329 -0.841445932987379
0.209239558910329 0.841445932987379
0.833333333333333 0.239516193000695
-0.852807328301174 0.156627302695936
-0.290760441089671 -0.816866462190320
0.562046887211502 -0.660239159494384
0.852807328301174 0.156627302695936
0.290760441089671 0.816866462190320
-0.562046887211502 0.660239159494384
0.562046887211502 0.660239159494384
0.166666666666667 -0.866025403784439
-0.166666666666667 -0.866025403784439
-0.666666666666667 -0.577350269189626
-0.833333333333333 -0.288675134594813
-0.833333333333333 0.288675134594813
-0.666666666666667 0.577350269189626
-0.166666666666667 0.866025403784439
0.166666666666667 0.866025403784439
0.666666666666667 -0.577350269189626
0.666666666666667 0.577350269189626
0.833333333333333 -0.288675134594813
0.833333333333333 0.288675134594813
-0.771286446121831 -0.445302437290749
0.771286446121831 -0.445302437290749
0.771286446121831 0.445302437290749
0.000000000000000 -0.890604874581498
0.000000000000000 0.890604874581498
-0.771286446121831 0.445302437290749
-0.604619779455164 0.684818630291444
0.604619779455164 0.684818630291444
0.604619779455164 -0.684818630291444
0.290760441089671 -0.866025403784439
0.290760441089671 0.866025403784439
-0.290760441089671 -0.866025403784439
-0.290760441089671 0.866025403784439
0.895380220544836 -0.181206773492995
-0.895380220544836 -0.181206773492995
-0.895380220544836 0.181206773492995
0.895380220544836 0.181206773492995
-0.604619779455164 -0.684818630291444
-0.937953112788498 -0.156627302695936
0.937953112788498 0.156627302695936
0.852807328301174 0.420722966493690
0.852807328301174 -0.420722966493690
-0.852807328301174 -0.420722966493690
-0.852807328301174 0.420722966493690
-0.604619779455164 0.733977571885562
0.604619779455164 0.733977571885562
-0.333333333333333 -0.890604874581498
-0.790760441089671 -0.528191327595507
-0.062046887211502 0.948914294089197
0.062046887211502 0.948914294089197
0.062046887211502 -0.948914294089197
-0.062046887211502 -0.948914294089197
0.790760441089671 -0.528191327595507
-0.937953112788498 0.156627302695936
-0.790760441089671 0.528191327595508
0.790760441089671 0.528191327595508
-0.457427107756338 -0.841445932987379
-0.457427107756338 0.841445932987379
0.957427107756338 0.024579470797059
-0.957427107756338 0.024579470797059
-0.500000000000000 -0.816866462190320
0.500000000000000 -0.816866462190320
0.457427107756338 0.841445932987379
0.457427107756338 -0.841445932987379
-0.500000000000000 0.816866462190320
0.957427107756338 -0.024579470797059
0.500000000000000 0.816866462190320
-0.957427107756338 -0.024579470797059
0.104619779455164 0.973493764886256
0.104619779455164 -0.973493764886256
0.790760441089671 0.577350269189626
-0.790760441089671 -0.577350269189626
-0.790760441089671 0.577350269189626
-0.895380220544836 -0.396143495696631
0.895380220544836 -0.396143495696631
-0.104619779455164 0.973493764886256
-0.104619779455164 -0.973493764886256
0.790760441089671 -0.577350269189626
0.895380220544836 0.396143495696631
-0.895380220544836 0.396143495696631
-0.686140661634507 -0.709398101088503
-0.686140661634507 0.709398101088503
0.271286446121831 0.948914294089197
0.271286446121831 -0.948914294089197
0.957427107756338 -0.239516193000695
-0.957427107756338 -0.239516193000695
-0.271286446121831 0.948914294089197
-0.271286446121831 -0.948914294089197
0.686140661634507 -0.709398101088503
0.686140661634507 0.709398101088503
-0.957427107756338 0.239516193000695
0.957427107756338 0.239516193000695
0.542572892243662 -0.841445932987379
0.542572892243662 0.841445932987379
-0.457427107756338 0.890604874581498
-1.000000000000000 0.049158941594118
1.000000000000000 0.049158941594118
0.457427107756338 0.890604874581498
-0.542572892243662 0.841445932987379
-0.542572892243662 -0.841445932987379
1.000000000000000 -0.049158941594118
-1.000000000000000 -0.049158941594118
-0.457427107756338 -0.890604874581498
0.457427107756338 -0.890604874581498
0.937953112788498 -0.420722966493690
0.937953112788498 0.420722966493690
0.104619779455164 1.022652706480375
0.833333333333333 0.601929739986685
-0.104619779455164 1.022652706480375
-0.937953112788498 0.420722966493690
-0.937953112788498 -0.420722966493690
0.833333333333333 -0.601929739986685
-0.833333333333333 -0.601929739986685
0.104619779455164 -1.022652706480375
-0.104619779455164 -1.022652706480375
1.019473994967840 0.132047831898877
-1.019473994967840 0.132047831898877
-1.019473994967840 -0.132047831898877
0.624093774423005 0.816866462190320
-0.624093774423005 0.816866462190320
-0.624093774423005 -0.816866462190320
-0.395380220544836 0.948914294089197
0.395380220544836 0.948914294089197
0.395380220544836 -0.948914294089197
-0.395380220544836 -0.948914294089197
0.624093774423005 -0.816866462190320
1.019473994967840 -0.132047831898877
0.271286446121831 -0.998073235683315
0.271286446121831 0.998073235683315
-1.000000000000000 0.264095663797754
-1.000000000000000 -0.264095663797754
1.000000000000000 0.264095663797754
1.000000000000000 -0.264095663797754
0.728713553878169 0.733977571885562
-0.728713553878169 0.733977571885562
-0.271286446121831 -0.998073235683315
-0.271286446121831 0.998073235683315
0.728713553878169 -0.733977571885562
-0.728713553878169 -0.733977571885562
0.771286446121831 -0.709398101088503
0.771286446121831 0.709398101088503
-1.000000000000000 -0.313254605391872
-1.000000000000000 0.313254605391872
1.000000000000000 -0.313254605391872
1.000000000000000 0.313254605391872
0.228713553878169 1.022652706480375
-0.228713553878169 1.022652706480375
-0.771286446121831 -0.709398101088503
-0.771286446121831 0.709398101088503
-0.228713553878169 -1.022652706480375
0.228713553878169 -1.022652706480375
0.437953112788498 0.973493764886256
-0.624093774423005 0.866025403784439
-1.062046887211502 -0.107468361101818
-0.437953112788498 0.973493764886256
0.624093774423005 -0.866025403784439
1.062046887211502 0.107468361101818
-1.062046887211502 0.107468361101818
-0.852807328301174 0.684818630291444
-0.852807328301174 -0.684818630291444
1.019473994967840 0.396143495696631
1.019473994967840 -0.396143495696631
-1.019473994967840 0.396143495696631
-1.019473994967840 -0.396143495696631
-0.166666666666667 -1.080962125988074
0.166666666666667 -1.080962125988074
0.852807328301174 0.684818630291444
0.852807328301174 -0.684818630291444
0.166666666666667 1.080962125988074
-0.166666666666667 1.080962125988074
0.000000000000000 1.105541596785133
0.957427107756338 0.552770798392567
0.957427107756338 -0.552770798392567
-0.957427107756338 0.552770798392567
-0.957427107756338 -0.552770798392567
-1.104619779455164 0.132047831898877
1.104619779455164 0.132047831898877
1.104619779455164 -0.132047831898877
-0.437953112788498 -1.022652706480375
0.437953112788498 -1.022652706480375
0.666666666666667 -0.890604874581498
-0.666666666666667 -0.890604874581498
-0.666666666666667 0.890604874581498
0.666666666666667 0.890604874581498
-1.104619779455164 -0.132047831898877
-0.124093774423005 1.105541596785133
-0.124093774423005 -1.105541596785133
1.019473994967840 -0.445302437290749
1.019473994967840 0.445302437290749
-1.019473994967840 -0.445302437290749
-1.019473994967840 0.445302437290749
-0.895380220544836 -0.660239159494384
0.895380220544836 -0.660239159494384
0.124093774423005 1.105541596785133
0.124093774423005 -1.105541596785133
0.895380220544836 0.660239159494384
-0.895380220544836 0.660239159494384
-1.124093774423005 0.000000000000000
-0.562046887211502 0.973493764886256
-0.042572892243662 -1.130121067582192
0.042572892243662 -1.130121067582192
0.042572892243662 1.130121067582192
1.000000000000000 -0.528191327595507
-1.000000000000000 0.528191327595508
1.000000000000000 0.528191327595508
0.957427107756338 0.601929739986685
-0.957427107756338 0.601929739986685
-1.000000000000000 -0.528191327595507
-0.042572892243662 1.130121067582192
-0.957427107756338 -0.601929739986685
0.957427107756338 -0.601929739986685
0.937953112788498 0.684818630291444
0.937953112788498 -0.684818630291444
0.124093774423005 1.154700538379252
-0.124093774423005 -1.154700538379252
-0.124093774423005 1.154700538379252
-1.062046887211502 0.469881908087808
1.062046887211502 0.469881908087808
-0.937953112788498 0.684818630291444
-0.937953112788498 -0.684818630291444
0.124093774423005 -1.154700538379252
1.062046887211502 -0.469881908087808
-1.062046887211502 -0.469881908087808
-0.290760441089671 1.130121067582192
-0.833333333333333 -0.816866462190320
0.833333333333333 0.816866462190320
0.833333333333333 -0.816866462190320
1.124093774423005 0.313254605391872
0.290760441089671 1.130121067582192
-0.604619779455164 -0.998073235683315
0.562046887211502 -1.022652706480375
-1.124093774423005 -0.313254605391872
1.124093774423005 -0.313254605391872
-0.562046887211502 -1.022652706480375
1.104619779455164 0.445302437290749
0.937953112788498 -0.733977571885562
0.937953112788498 0.733977571885562
0.790760441089671 0.890604874581498
0.166666666666667 1.179280009176311
-0.166666666666667 1.179280009176311
-1.166666666666667 0.239516193000695
-1.166666666666667 -0.239516193000695
-0.937953112788498 0.733977571885562
1.186140661634507 0.107468361101818
-1.104619779455164 0.445302437290749
-0.375906225576995 -1.130121067582192
-0.375906225576995 1.130121067582192
-1.104619779455164 -0.445302437290749
0.686140661634507 0.973493764886256
-0.937953112788498 -0.733977571885562
-0.790760441089671 -0.890604874581498
0.166666666666667 -1.179280009176311
-1.186140661634507 0.156627302695936
0.457427107756338 1.105541596785133
0.457427107756338 -1.105541596785133
-0.457427107756338 1.105541596785133
-0.457427107756338 -1.105541596785133
1.186140661634507 -0.156627302695936
1.186140661634507 0.156627302695936
-1.186140661634507 -0.156627302695936
0.728713553878169 0.948914294089197
-0.728713553878169 0.948914294089197
0.728713553878169 -0.948914294089197
-0.728713553878169 -0.948914294089197
0.333333333333333 -1.154700538379252
-0.333333333333333 -1.154700538379252
-0.833333333333333 -0.866025403784439
-1.166666666666667 -0.288675134594813
-1.166666666666667 0.288675134594813
-0.833333333333333 0.866025403784439
-0.333333333333333 1.154700538379252
0.333333333333333 1.154700538379252
0.833333333333333 -0.866025403784439
0.833333333333333 0.866025403784439
1.166666666666667 -0.288675134594813
1.166666666666667 0.288675134594813
-0.500000000000000 1.130121067582192
0.500000000000000 -1.130121067582192
0.500000000000000 1.130121067582192
-1.228713553878169 0.132047831898877
-1.228713553878169 -0.132047831898877
1.228713553878169 0.132047831898877
1.228713553878169 -0.132047831898877
0.728713553878169 0.998073235683315
-0.728713553878169 0.998073235683315
-0.500000000000000 -1.130121067582192
0.728713553878169 -0.998073235683315
-0.728713553878169 -0.998073235683315
-1.019473994967840 -0.709398101088503
-0.104619779455164 1.237589428684010
0.104619779455164 -1.237589428684010
1.124093774423005 -0.528191327595507
-0.104619779455164 -1.237589428684010
1.019473994967840 0.709398101088503
-1.124093774423005 0.528191327595508
-1.186140661634507 -0.420722966493690
-1.186140661634507 0.420722966493690
-0.957427107756338 -0.816866462190320
-0.228713553878169 1.237589428684010
0.228713553878169 -1.237589428684010
-0.228713553878169 -1.237589428684010
-0.957427107756338 0.816866462190320
0.957427107756338 -0.816866462190320
1.186140661634507 0.420722966493690
1.186140661634507 -0.420722966493690
0.228713553878169 1.237589428684010
0.957427107756338 0.816866462190320
-0.062046887211502 -1.262168899481069
-0.062046887211502 1.262168899481069
-1.124093774423005 0.577350269189626
-1.062046887211502 0.684818630291444
-1.062046887211502 -0.684818630291444
1.062046887211502 -0.684818630291444
1.124093774423005 -0.577350269189626
1.124093774423005 0.577350269189626
0.062046887211502 -1.262168899481069
0.062046887211502 1.262168899481069
1.062046887211502 0.684818630291444
-1.124093774423005 -0.577350269189626
1.271286446121831 -0.156627302695936
1.271286446121831 0.156627302695936
-0.771286446121831 1.022652706480375
0.771286446121831 -1.022652706480375
0.771286446121831 1.022652706480375
-0.500000000000000 1.179280009176311
0.500000000000000 1.179280009176311
-1.271286446121831 -0.156627302695936
-1.271286446121831 0.156627302695936
-0.771286446121831 -1.022652706480375
0.500000000000000 -1.179280009176311
-0.500000000000000 -1.179280009176311
1.000000000000000 -0.841445932987379
1.000000000000000 0.841445932987379
-0.228713553878169 1.286748370278128
-1.228713553878169 -0.445302437290749
-1.228713553878169 0.445302437290749
1.228713553878169 0.445302437290749
-0.228713553878169 -1.286748370278128
0.228713553878169 -1.286748370278128
0.228713553878169 1.286748370278128
-1.000000000000000 -0.841445932987379
-1.000000000000000 0.841445932987379
1.228713553878169 -0.445302437290749
-1.104619779455164 -0.709398101088503
1.104619779455164 -0.709398101088503
1.166666666666667 0.601929739986685
-1.166666666666667 -0.601929739986685
1.166666666666667 -0.601929739986685
-0.062046887211502 -1.311327841075187
0.062046887211502 -1.311327841075187
0.062046887211502 1.311327841075187
-0.062046887211502 1.311327841075187
-1.166666666666667 0.601929739986685
-1.104619779455164 0.709398101088503
-0.852807328301174 -0.998073235683315
-0.852807328301174 0.998073235683315
-0.437953112788498 -1.237589428684010
0.437953112788498 1.237589428684010
0.437953112788498 -1.237589428684010
1.290760441089671 -0.239516193000695
-1.290760441089671 -0.239516193000695
0.852807328301174 -0.998073235683315
0.852807328301174 0.998073235683315
-0.437953112788498 1.237589428684010
-1.290760441089671 0.239516193000695
1.290760441089671 0.239516193000695
-0.395380220544836 -1.262168899481069
-0.395380220544836 1.262168899481069
-1.290760441089671 0.288675134594813
0.895380220544836 0.973493764886256
-0.895380220544836 0.973493764886256
-0.895380220544836 -0.973493764886256
0.895380220544836 -0.973493764886256
-1.290760441089671 -0.288675134594813
1.290760441089671 -0.288675134594813
1.290760441089671 0.288675134594813
0.395380220544836 -1.262168899481069
0.395380220544836 1.262168899481069
0.666666666666667 -1.154700538379252
-0.666666666666667 -1.154700538379252
-1.333333333333333 0.000000000000000
-0.666666666666667 1.154700538379252
0.666666666666667 1.154700538379252
1.333333333333333 0.000000000000000
-1.271286446121831 0.420722966493690
-1.271286446121831 -0.420722966493690
1.271286446121831 -0.420722966493690
1.271286446121831 0.420722966493690
0.271286446121831 1.311327841075187
1.000000000000000 -0.890604874581498
-1.000000000000000 -0.890604874581498
-1.000000000000000 0.890604874581498
1.000000000000000 0.890604874581498
0.271286446121831 -1.311327841075187
-0.271286446121831 -1.311327841075187
-0.271286446121831 1.311327841075187
1.333333333333333 0.264095663797754
-0.437953112788498 -1.286748370278128
0.437953112788498 -1.286748370278128
-1.352807328301174 0.132047831898877
-1.352807328301174 -0.132047831898877
-0.790760441089671 1.105541596785133
-0.790760441089671 -1.105541596785133
-0.895380220544836 1.022652706480375
0.562046887211502 -1.237589428684010
-0.562046887211502 -1.237589428684010
-1.333333333333333 -0.264095663797754
0.790760441089671 -1.105541596785133
1.352807328301174 0.132047831898877
1.352807328301174 -0.132047831898877
-1.333333333333333 0.264095663797754
0.790760441089671 1.105541596785133
0.895380220544836 -1.022652706480375
-0.895380220544836 -1.022652706480375
-0.562046887211502 1.237589428684010
0.562046887211502 1.237589428684010
-0.519473994967841 -1.262168899481069
-0.519473994967841 1.262168899481069
-1.352807328301174 0.181206773492995
0.833333333333333 1.080962125988074
-0.833333333333333 1.080962125988074
-0.833333333333333 -1.080962125988074
0.833333333333333 -1.080962125988074
-1.352807328301174 -0.181206773492995
1.352807328301174 -0.181206773492995
1.352807328301174 0.181206773492995
0.519473994967841 1.262168899481069
0.519473994967841 -1.262168899481069
-1.333333333333333 -0.313254605391872
-0.395380220544836 -1.311327841075187
0.042572892243662 1.394216731379946
0.042572892243662 -1.394216731379946
-1.186140661634507 -0.733977571885562
-1.186140661634507 0.733977571885562
-1.228713553878169 -0.660239159494384
1.228713553878169 -0.660239159494384
1.186140661634507 -0.733977571885562
1.186140661634507 0.733977571885562
-0.042572892243662 1.394216731379946
-0.042572892243662 -1.394216731379946
1.228713553878169 0.660239159494384
-1.228713553878169 0.660239159494384
0.604619779455164 -1.262168899481069
0.604619779455164 1.262168899481069
-0.790760441089671 1.154700538379252
1.395380220544836 0.107468361101818
-1.395380220544836 0.107468361101818
-1.395380220544836 -0.107468361101818
1.395380220544836 -0.107468361101818
-0.790760441089671 -1.154700538379252
0.790760441089671 -1.154700538379252
0.790760441089671 1.154700538379252
-0.604619779455164 -1.262168899481069
-0.604619779455164 1.262168899481069
-0.166666666666667 -1.394216731379946
1.019473994967840 0.973493764886256
-1.019473994967840 0.973493764886256
-1.019473994967840 -0.973493764886256
1.352807328301174 0.396143495696631
-1.352807328301174 0.396143495696631
-1.352807328301174 -0.396143495696631
0.333333333333333 1.369637260582887
-0.333333333333333 1.369637260582887
-0.333333333333333 -1.369637260582887
0.333333333333333 -1.369637260582887
1.352807328301174 -0.396143495696631
1.019473994967840 -0.973493764886256
-1.228713553878169 -0.709398101088503
-1.228713553878169 0.709398101088503
1.228713553878169 -0.709398101088503
1.228713553878169 0.709398101088503
0.000000000000000 -1.418796202177005
0.000000000000000 1.418796202177005
0.290760441089671 1.394216731379946
-0.290760441089671 1.394216731379946
-0.290760441089671 -1.394216731379946
1.166666666666667 -0.816866462190320
1.352807328301174 -0.445302437290749
-1.352807328301174 -0.445302437290749
-1.352807328301174 0.445302437290749
-1.062046887211502 -0.948914294089197
1.062046887211502 -0.948914294089197
-1.166666666666667 -0.816866462190320
1.352807328301174 0.445302437290749
0.124093774423005 1.418796202177005
0.290760441089671 -1.394216731379946
-1.290760441089671 -0.601929739986685
1.290760441089671 -0.601929739986685
1.062046887211502 0.948914294089197
-1.062046887211502 0.948914294089197
0.209239558910329 -1.418796202177005
0.209239558910329 1.418796202177005
-1.333333333333333 -0.528191327595507
1.333333333333333 -0.528191327595507
1.124093774423005 0.890604874581498
-1.124093774423005 0.890604874581498
-0.209239558910329 -1.418796202177005
-0.209239558910329 1.418796202177005
-1.333333333333333 0.528191327595508
-1.124093774423005 -0.890604874581498
1.124093774423005 -0.890604874581498
1.437953112788498 0.132047831898877
1.437953112788498 -0.132047831898877
0.604619779455164 -1.311327841075187
-0.833333333333333 1.179280009176311
-0.604619779455164 -1.311327841075187
-1.437953112788498 0.132047831898877
0.833333333333333 -1.179280009176311
-0.833333333333333 -1.179280009176311
0.166666666666667 -1.443375672974065
-0.166666666666667 -1.443375672974065
-1.166666666666667 -0.866025403784439
-1.333333333333333 -0.577350269189626
-1.333333333333333 0.577350269189626
-1.166666666666667 0.866025403784439
-0.166666666666667 1.443375672974065
0.166666666666667 1.443375672974065
1.166666666666667 -0.866025403784439
1.166666666666667 0.866025403784439
1.333333333333333 -0.577350269189626
1.333333333333333 0.577350269189626
1.104619779455164 0.973493764886256
1.104619779455164 -0.973493764886256
-0.290760441089671 -1.443375672974065
-0.290760441089671 1.443375672974065
-1.395380220544836 0.469881908087808
1.395380220544836 0.469881908087808
0.290760441089671 -1.443375672974065
0.290760441089671 1.443375672974065
-1.104619779455164 0.973493764886256
-1.104619779455164 -0.973493764886256
1.395380220544836 -0.469881908087808
-1.395380220544836 -0.469881908087808
-0.957427107756338 1.130121067582192
-0.500000000000000 1.394216731379946
0.500000000000000 1.394216731379946
0.500000000000000 -1.394216731379946
0.957427107756338 -1.130121067582192
-0.957427107756338 -1.130121067582192
1.457427107756338 0.264095663797754
-1.457427107756338 0.264095663797754
1.457427107756338 -0.264095663797754
-1.457427107756338 -0.264095663797754
-0.500000000000000 -1.394216731379946
0.957427107756338 1.130121067582192
-0.457427107756338 1.418796202177005
-1.000000000000000 1.105541596785133
-1.000000000000000 -1.105541596785133
1.000000000000000 1.105541596785133
1.000000000000000 -1.105541596785133
0.457427107756338 -1.418796202177005
0.457427107756338 1.418796202177005
-0.457427107756338 -1.418796202177005
1.457427107756338 -0.313254605391872
-1.457427107756338 -0.313254605391872
1.457427107756338 0.313254605391872
-1.457427107756338 0.313254605391872
0.771286446121831 1.286748370278128
1.500000000000000 0.024579470797059
-1.500000000000000 -0.024579470797059
1.500000000000000 -0.024579470797059
-0.771286446121831 -1.286748370278128
0.771286446121831 -1.286748370278128
0.728713553878169 -1.311327841075187
-0.728713553878169 -1.311327841075187
0.728713553878169 1.311327841075187
-0.728713553878169 1.311327841075187
-1.500000000000000 0.024579470797059
-0.771286446121831 1.286748370278128
0.852807328301174 1.262168899481069
0.852807328301174 -1.262168899481069
-0.852807328301174 -1.262168899481069
-0.852807328301174 1.262168899481069
-1.519473994967840 -0.107468361101818
0.666666666666667 1.369637260582887
-0.666666666666667 1.369637260582887
-0.666666666666667 -1.369637260582887
0.666666666666667 -1.369637260582887
-1.519473994967840 0.107468361101818
1.519473994967840 0.107468361101818
1.519473994967840 -0.107468361101818
-1.352807328301174 0.709398101088503
-0.624093774423005 1.394216731379946
-1.519473994967840 0.156627302695936
0.062046887211502 -1.526264563278823
-0.062046887211502 1.526264563278823
-0.062046887211502 -1.526264563278823
1.519473994967840 0.156627302695936
-1.290760441089671 -0.816866462190320
-0.895380220544836 -1.237589428684010
0.895380220544836 -1.237589428684010
1.290760441089671 -0.816866462190320
0.624093774423005 -1.394216731379946
1.352807328301174 -0.709398101088503
1.519473994967840 -0.156627302695936
0.895380220544836 1.237589428684010
1.290760441089671 0.816866462190320
-1.186140661634507 0.998073235683315
-0.271286446121831 1.526264563278823
-0.271286446121831 -1.526264563278823
0.271286446121831 1.526264563278823
0.271286446121831 -1.526264563278823
1.186140661634507 -0.998073235683315
1.186140661634507 0.998073235683315
-1.186140661634507 -0.998073235683315
1.457427107756338 -0.528191327595507
-1.457427107756338 -0.528191327595507
1.457427107756338 0.528191327595508
-1.457427107756338 0.528191327595508
0.104619779455164 -1.550844034075882
0.104619779455164 1.550844034075882
-1.395380220544836 -0.684818630291444
1.395380220544836 0.684818630291444
1.395380220544836 -0.684818630291444
1.290760441089671 0.866025403784439
-1.290760441089671 0.866025403784439
-0.104619779455164 -1.550844034075882
-0.104619779455164 1.550844034075882
-1.395380220544836 0.684818630291444
-1.290760441089671 -0.866025403784439
1.290760441089671 -0.866025403784439
-0.937953112788498 -1.262168899481069
-0.937953112788498 1.262168899481069
0.937953112788498 -1.262168899481069
0.937953112788498 1.262168899481069
-0.624093774423005 1.443375672974065
1.562046887211502 -0.181206773492995
-1.562046887211502 -0.181206773492995
-1.562046887211502 0.181206773492995
1.562046887211502 0.181206773492995
-0.624093774423005 -1.443375672974065
0.624093774423005 -1.443375672974065
0.624093774423005 1.443375672974065
1.333333333333333 0.841445932987379
-1.519473994967840 -0.420722966493690
-1.519473994967840 0.420722966493690
-0.062046887211502 1.575423504872941
-1.124093774423005 -1.105541596785133
0.395380220544836 1.526264563278823
0.395380220544836 -1.526264563278823
-0.395380220544836 -1.526264563278823
1.124093774423005 1.105541596785133
1.124093774423005 -1.105541596785133
-1.333333333333333 -0.841445932987379
-1.333333333333333 0.841445932987379
1.519473994967840 0.420722966493690
1.519473994967840 -0.420722966493690
-1.395380220544836 -0.733977571885562
-0.062046887211502 -1.575423504872941
0.062046887211502 -1.575423504872941
1.395380220544836 -0.733977571885562
-0.395380220544836 1.526264563278823
-1.124093774423005 1.105541596785133
-1.581520882179343 0.000000000000000
-0.790760441089671 1.369637260582887
0.790760441089671 1.369637260582887
0.790760441089671 -1.369637260582887
-0.790760441089671 -1.369637260582887
1.581520882179343 0.000000000000000
1.500000000000000 0.552770798392567
1.500000000000000 -0.552770798392567
-0.271286446121831 -1.575423504872941
-0.271286446121831 1.575423504872941
0.271286446121831 -1.575423504872941
0.271286446121831 1.575423504872941
-1.228713553878169 1.022652706480375
1.228713553878169 1.022652706480375
-1.500000000000000 0.552770798392567
-1.500000000000000 -0.552770798392567
1.228713553878169 -1.022652706480375
-1.228713553878169 -1.022652706480375
1.437953112788498 -0.709398101088503
1.437953112788498 0.709398101088503
1.333333333333333 -0.890604874581498
1.333333333333333 0.890604874581498
-0.104619779455164 1.600002975670000
0.104619779455164 1.600002975670000
-1.333333333333333 -0.890604874581498
-1.333333333333333 0.890604874581498
-1.437953112788498 -0.709398101088503
-1.437953112788498 0.709398101088503
0.104619779455164 -1.600002975670000
-0.104619779455164 -1.600002975670000
0.437953112788498 -1.550844034075882
0.437953112788498 1.550844034075882
-1.562046887211502 -0.396143495696631
1.562046887211502 0.396143495696631
1.562046887211502 -0.396143495696631
1.124093774423005 1.154700538379252
-1.124093774423005 1.154700538379252
-0.437953112788498 -1.550844034075882
-0.437953112788498 1.550844034075882
-1.562046887211502 0.396143495696631
-1.124093774423005 -1.154700538379252
1.124093774423005 -1.154700538379252
1.271286446121831 -0.998073235683315
1.271286446121831 0.998073235683315
-1.500000000000000 0.601929739986685
1.500000000000000 0.601929739986685
1.500000000000000 -0.601929739986685
0.228713553878169 1.600002975670000
-0.228713553878169 1.600002975670000
-1.271286446121831 -0.998073235683315
-1.271286446121831 0.998073235683315
-1.500000000000000 -0.601929739986685
-0.228713553878169 -1.600002975670000
0.228713553878169 -1.600002975670000
1.166666666666667 1.130121067582192
0.833333333333333 -1.394216731379946
0.790760441089671 1.418796202177005
-0.790760441089671 1.418796202177005
1.624093774423005 0.024579470797059
-1.166666666666667 -1.130121067582192
-0.833333333333333 -1.394216731379946
-1.562046887211502 -0.445302437290749
-1.624093774423005 -0.024579470797059
1.624093774423005 -0.024579470797059
0.604619779455164 1.526264563278823
0.604619779455164 -1.526264563278823
1.019473994967840 -1.286748370278128
1.019473994967840 1.286748370278128
-1.019473994967840 -1.286748370278128
-1.019473994967840 1.286748370278128
-1.624093774423005 -0.239516193000695
1.624093774423005 -0.239516193000695
-0.604619779455164 1.526264563278823
-0.604619779455164 -1.526264563278823
1.624093774423005 0.239516193000695
-1.624093774423005 0.239516193000695
1.062046887211502 -1.262168899481069
1.062046887211502 1.262168899481069
0.562046887211502 1.550844034075882
-0.562046887211502 1.550844034075882
-1.624093774423005 -0.288675134594813
-1.624093774423005 0.288675134594813
1.624093774423005 0.288675134594813
-1.062046887211502 -1.262168899481069
-1.062046887211502 1.262168899481069
-0.562046887211502 -1.550844034075882
0.562046887211502 -1.550844034075882
1.624093774423005 -0.288675134594813
1.604619779455164 -0.420722966493690
1.604619779455164 0.420722966493690
0.437953112788498 1.600002975670000
-1.166666666666667 1.179280009176311
1.166666666666667 1.179280009176311
-0.437953112788498 1.600002975670000
-1.604619779455164 0.420722966493690
-1.604619779455164 -0.420722966493690
1.166666666666667 -1.179280009176311
-1.166666666666667 -1.179280009176311
0.437953112788498 -1.600002975670000
-0.437953112788498 -1.600002975670000
0.833333333333333 -1.443375672974065
-0.833333333333333 -1.443375672974065
-1.666666666666667 0.000000000000000
-0.833333333333333 1.443375672974065
0.833333333333333 1.443375672974065
1.666666666666667 0.000000000000000
-1.352807328301174 0.973493764886256
-1.352807328301174 -0.973493764886256
1.519473994967840 -0.684818630291444
-1.519473994967840 0.684818630291444
-1.519473994967840 -0.684818630291444
-0.166666666666667 -1.658312395177700
0.166666666666667 -1.658312395177700
1.352807328301174 0.973493764886256
1.352807328301174 -0.973493764886256
1.519473994967840 0.684818630291444
0.166666666666667 1.658312395177700
-0.166666666666667 1.658312395177700
0.000000000000000 1.682891865974759
1.457427107756338 0.841445932987379
1.457427107756338 -0.841445932987379
-1.457427107756338 -0.841445932987379
-1.457427107756338 0.841445932987379
0.000000000000000 -1.682891865974759
-1.666666666666667 0.264095663797754
1.666666666666667 0.264095663797754
1.666666666666667 -0.264095663797754
0.124093774423005 1.682891865974759
-0.124093774423005 1.682891865974759
0.124093774423005 -1.682891865974759
-0.124093774423005 -1.682891865974759
-0.604619779455164 -1.575423504872941
-0.604619779455164 1.575423504872941
0.604619779455164 -1.575423504872941
1.062046887211502 -1.311327841075187
-1.062046887211502 -1.311327841075187
1.062046887211502 1.311327841075187
-1.519473994967840 0.733977571885562
1.395380220544836 0.948914294089197
-1.395380220544836 0.948914294089197
-1.395380220544836 -0.948914294089197
1.395380220544836 -0.948914294089197
-1.062046887211502 1.311327841075187
-1.519473994967840 -0.733977571885562
1.519473994967840 -0.733977571885562
1.519473994967840 0.733977571885562
-1.666666666666667 -0.264095663797754
-1.686140661634507 -0.132047831898877
0.957427107756338 1.394216731379946
0.957427107756338 -1.394216731379946
-0.957427107756338 1.394216731379946
-0.957427107756338 -1.394216731379946
1.686140661634507 0.132047831898877
1.686140661634507 -0.132047831898877
-1.686140661634507 0.132047831898877
0.728713553878169 1.526264563278823
-0.728713553878169 1.526264563278823
0.728713553878169 -1.526264563278823
-0.728713553878169 -1.526264563278823
0.209239558910329 1.682891865974759
0.209239558910329 -1.682891865974759
1.104619779455164 -1.286748370278128
1.104619779455164 1.286748370278128
-0.686140661634507 -1.550844034075882
1.666666666666667 0.313254605391872
1.000000000000000 1.369637260582887
1.000000000000000 -1.369637260582887
-1.352807328301174 1.022652706480375
1.562046887211502 -0.660239159494384
1.686140661634507 0.181206773492995
-1.686140661634507 0.181206773492995
0.562046887211502 1.600002975670000
-1.562046887211502 -0.660239159494384
1.352807328301174 1.022652706480375
-1.666666666666667 0.313254605391872
-1.000000000000000 1.369637260582887
-1.000000000000000 -1.369637260582887
-1.104619779455164 1.286748370278128
0.686140661634507 1.550844034075882
-0.209239558910329 1.682891865974759
-0.209239558910329 -1.682891865974759
-1.104619779455164 -1.286748370278128
0.686140661634507 -1.550844034075882
-1.666666666666667 -0.313254605391872
-1.562046887211502 0.660239159494384
1.352807328301174 -1.022652706480375
0.562046887211502 -1.600002975670000
1.686140661634507 -0.181206773492995
-1.352807328301174 -1.022652706480375
0.042572892243662 1.707471336771818
-1.500000000000000 0.816866462190320
-1.500000000000000 -0.816866462190320
1.500000000000000 0.816866462190320
1.500000000000000 -0.816866462190320
0.042572892243662 -1.707471336771818
1.457427107756338 0.890604874581498
-1.457427107756338 0.890604874581498
-0.042572892243662 1.707471336771818
-0.042572892243662 -1.707471336771818
1.457427107756338 -0.890604874581498
-1.457427107756338 -0.890604874581498
0.333333333333333 1.682891865974759
0.333333333333333 -1.682891865974759
-1.290760441089671 1.130121067582192
-1.624093774423005 0.552770798392567
-1.624093774423005 -0.552770798392567
1.624093774423005 -0.552770798392567
-1.290760441089671 -1.130121067582192
1.290760441089671 -1.130121067582192
1.290760441089671 1.130121067582192
-0.333333333333333 1.682891865974759
-0.333333333333333 -1.682891865974759
1.624093774423005 0.552770798392567
-1.395380220544836 -0.998073235683315
-1.562046887211502 -0.709398101088503
1.333333333333333 1.105541596785133
1.333333333333333 -1.105541596785133
-0.290760441089671 1.707471336771818
0.290760441089671 -1.707471336771818
-0.290760441089671 -1.707471336771818
-1.624093774423005 0.601929739986685
1.624093774423005 0.601929739986685
0.290760441089671 1.707471336771818
-1.333333333333333 -1.105541596785133
1.624093774423005 -0.601929739986685
-1.000000000000000 1.418796202177005
1.000000000000000 -1.418796202177005
1.000000000000000 1.418796202177005
-1.728713553878169 -0.156627302695936
-1.728713553878169 0.156627302695936
1.728713553878169 -0.156627302695936
1.728713553878169 0.156627302695936
0.728713553878169 1.575423504872941
-0.728713553878169 1.575423504872941
-1.000000000000000 -1.418796202177005
0.728713553878169 -1.575423504872941
-0.728713553878169 -1.575423504872941
-0.457427107756338 1.682891865974759
-0.457427107756338 -1.682891865974759
-1.686140661634507 0.445302437290749
1.228713553878169 1.237589428684010
-1.228713553878169 -1.237589428684010
1.228713553878169 -1.237589428684010
-1.686140661634507 -0.445302437290749
1.686140661634507 0.445302437290749
0.457427107756338 1.682891865974759
0.457427107756338 -1.682891865974759
-1.228713553878169 1.237589428684010
1.686140661634507 -0.445302437290749
0.333333333333333 -1.732050807568877
-0.333333333333333 -1.732050807568877
-1.333333333333333 -1.154700538379252
-1.666666666666667 -0.577350269189626
-1.666666666666667 0.577350269189626
-1.333333333333333 1.154700538379252
-0.333333333333333 1.732050807568877
0.333333333333333 1.732050807568877
1.333333333333333 -1.154700538379252
1.333333333333333 1.154700538379252
1.666666666666667 -0.577350269189626
1.666666666666667 0.577350269189626
-1.748187548846009 -0.288675134594813
-1.748187548846009 0.288675134594813
-0.624093774423005 1.658312395177700
-0.624093774423005 -1.658312395177700
1.124093774423005 -1.369637260582887
-1.124093774423005 -1.369637260582887
0.624093774423005 1.658312395177700
0.624093774423005 -1.658312395177700
1.748187548846009 -0.288675134594813
1.748187548846009 0.288675134594813
-1.124093774423005 1.369637260582887
1.124093774423005 1.369637260582887
1.728713553878169 0.420722966493690
1.728713553878169 -0.420722966493690
-0.500000000000000 1.707471336771818
0.500000000000000 1.707471336771818
-1.228713553878169 -1.286748370278128
-1.228713553878169 1.286748370278128
1.228713553878169 1.286748370278128
-1.728713553878169 -0.420722966493690
-1.728713553878169 0.420722966493690
0.500000000000000 -1.707471336771818
-0.500000000000000 -1.707471336771818
1.228713553878169 -1.286748370278128
1.790760441089671 0.000000000000000
0.895380220544836 -1.550844034075882
-0.895380220544836 -1.550844034075882
-0.895380220544836 1.550844034075882
0.895380220544836 1.550844034075882
-1.790760441089671 0.000000000000000
1.271286446121831 -1.262168899481069
-1.581520882179343 -0.841445932987379
-1.581520882179343 0.841445932987379
-0.457427107756338 1.732050807568877
1.728713553878169 -0.469881908087808
-1.728713553878169 -0.469881908087808
-1.728713553878169 0.469881908087808
1.728713553878169 0.469881908087808
-1.519473994967840 -0.948914294089197
-0.062046887211502 -1.790360227076577
-0.457427107756338 -1.732050807568877
0.457427107756338 -1.732050807568877
-0.062046887211502 1.790360227076577
0.062046887211502 1.790360227076577
0.062046887211502 -1.790360227076577
-1.519473994967840 0.948914294089197
1.519473994967840 0.948914294089197
1.519473994967840 -0.948914294089197
-1.271286446121831 -1.262168899481069
-1.271286446121831 1.262168899481069
1.581520882179343 0.841445932987379
1.581520882179343 -0.841445932987379
0.666666666666667 -1.682891865974759
-1.124093774423005 1.418796202177005
-1.790760441089671 0.264095663797754
1.124093774423005 1.418796202177005
-0.666666666666667 -1.682891865974759
1.790760441089671 0.264095663797754
1.166666666666667 -1.394216731379946
0.104619779455164 1.814939697873636
0.104619779455164 -1.814939697873636
1.519473994967840 0.998073235683315
-1.519473994967840 -0.998073235683315
-1.624093774423005 -0.816866462190320
1.624093774423005 -0.816866462190320
-1.166666666666667 -1.394216731379946
-0.104619779455164 1.814939697873636
-0.104619779455164 -1.814939697873636
1.519473994967840 -0.998073235683315
-1.790760441089671 -0.313254605391872
-1.624093774423005 0.816866462190320
1.624093774423005 0.816866462190320
-1.686140661634507 -0.709398101088503
-1.686140661634507 0.709398101088503
0.228713553878169 1.814939697873636
0.228713553878169 -1.814939697873636
-0.228713553878169 1.814939697873636
-0.228713553878169 -1.814939697873636
1.457427107756338 -1.105541596785133
-1.457427107756338 -1.105541596785133
1.686140661634507 -0.709398101088503
1.686140661634507 0.709398101088503
1.457427107756338 1.105541596785133
-1.457427107756338 1.105541596785133
1.833333333333333 0.024579470797059
1.833333333333333 -0.024579470797059
0.937953112788498 -1.575423504872941
0.937953112788498 1.575423504872941
-1.748187548846009 0.552770798392567
-1.748187548846009 -0.552770798392567
-1.352807328301174 1.237589428684010
-1.352807328301174 -1.237589428684010
-0.895380220544836 1.600002975670000
0.895380220544836 1.600002975670000
0.395380220544836 -1.790360227076577
-0.395380220544836 -1.790360227076577
-0.937953112788498 1.575423504872941
-1.833333333333333 0.024579470797059
1.352807328301174 1.237589428684010
1.352807328301174 -1.237589428684010
1.748187548846009 -0.552770798392567
-1.833333333333333 -0.024579470797059
-0.937953112788498 -1.575423504872941
1.748187548846009 0.552770798392567
0.895380220544836 -1.600002975670000
-0.895380220544836 -1.600002975670000
-0.395380220544836 1.790360227076577
0.395380220544836 1.790360227076577
0.062046887211502 1.839519168670695
-0.062046887211502 -1.839519168670695
-0.062046887211502 1.839519168670695
-1.624093774423005 0.866025403784439
1.624093774423005 0.866025403784439
-1.562046887211502 0.973493764886256
-1.562046887211502 -0.973493764886256
0.062046887211502 -1.839519168670695
1.624093774423005 -0.866025403784439
-1.624093774423005 -0.866025403784439
0.833333333333333 1.658312395177700
0.833333333333333 -1.658312395177700
0.666666666666667 -1.732050807568877
-0.666666666666667 -1.732050807568877
-1.166666666666667 -1.443375672974065
-1.833333333333333 -0.288675134594813
-1.833333333333333 0.288675134594813
-1.166666666666667 1.443375672974065
-0.666666666666667 1.732050807568877
0.666666666666667 1.732050807568877
1.166666666666667 -1.443375672974065
1.166666666666667 1.443375672974065
1.833333333333333 -0.288675134594813
1.833333333333333 0.288675134594813
1.019473994967840 -1.550844034075882
-1.019473994967840 -1.550844034075882
-1.019473994967840 1.550844034075882
1.852807328301174 -0.107468361101818
-1.852807328301174 -0.107468361101818
-0.833333333333333 1.658312395177700
-0.833333333333333 -1.658312395177700
1.019473994967840 1.550844034075882
-1.852807328301174 0.107468361101818
1.852807328301174 0.107468361101818
-0.790760441089671 -1.682891865974759
-1.062046887211502 1.526264563278823
-1.062046887211502 -1.526264563278823
1.062046887211502 -1.526264563278823
-1.852807328301174 -0.156627302695936
1.852807328301174 0.156627302695936
0.790760441089671 1.682891865974759
1.666666666666667 -0.841445932987379
1.666666666666667 0.841445932987379
0.104619779455164 1.864098639467754
-1.562046887211502 -1.022652706480375
-1.562046887211502 1.022652706480375
1.562046887211502 1.022652706480375
0.104619779455164 -1.864098639467754
-0.104619779455164 -1.864098639467754
-0.104619779455164 1.864098639467754
-1.666666666666667 -0.841445932987379
-1.666666666666667 0.841445932987379
1.562046887211502 -1.022652706480375
-0.437953112788498 1.814939697873636
0.437953112788498 1.814939697873636
0.437953112788498 -1.814939697873636
1.352807328301174 -1.286748370278128
-1.352807328301174 -1.286748370278128
-1.352807328301174 1.286748370278128
-1.790760441089671 -0.528191327595507
1.790760441089671 -0.528191327595507
1.352807328301174 1.286748370278128
-0.437953112788498 -1.814939697873636
1.790760441089671 0.528191327595508
-1.790760441089671 0.528191327595508
1.500000000000000 -1.130121067582192
1.500000000000000 1.130121067582192
-1.728713553878169 -0.733977571885562
-1.728713553878169 0.733977571885562
1.728713553878169 -0.733977571885562
1.728713553878169 0.733977571885562
0.228713553878169 1.864098639467754
-0.228713553878169 1.864098639467754
-1.500000000000000 -1.130121067582192
-1.500000000000000 1.130121067582192
-0.228713553878169 -1.864098639467754
0.228713553878169 -1.864098639467754
1.395380220544836 -1.262168899481069
1.395380220544836 1.262168899481069
0.395380220544836 1.839519168670695
-0.395380220544836 1.839519168670695
-1.790760441089671 -0.577350269189626
-1.790760441089671 0.577350269189626
1.790760441089671 0.577350269189626
-1.395380220544836 -1.262168899481069
-1.395380220544836 1.262168899481069
-0.395380220544836 -1.839519168670695
0.395380220544836 -1.839519168670695
1.790760441089671 -0.577350269189626
1.852807328301174 0.420722966493690
1.852807328301174 -0.420722966493690
-1.852807328301174 -0.420722966493690
-1.852807328301174 0.420722966493690
-1.290760441089671 -1.394216731379946
-0.562046887211502 1.814939697873636
0.562046887211502 1.814939697873636
0.562046887211502 -1.814939697873636
-0.562046887211502 -1.814939697873636
-1.290760441089671 1.394216731379946
1.290760441089671 1.394216731379946
1.290760441089671 -1.394216731379946
-1.895380220544836 0.132047831898877
-1.895380220544836 -0.132047831898877
1.895380220544836 0.132047831898877
1.895380220544836 -0.132047831898877
0.833333333333333 1.707471336771818
-0.833333333333333 -1.707471336771818
0.833333333333333 -1.707471336771818
1.062046887211502 -1.575423504872941
-1.062046887211502 -1.575423504872941
-1.062046887211502 1.575423504872941
1.062046887211502 1.575423504872941
1.104619779455164 -1.550844034075882
1.104619779455164 1.550844034075882
1.895380220544836 -0.181206773492995
1.895380220544836 0.181206773492995
0.790760441089671 1.732050807568877
-0.790760441089671 1.732050807568877
-1.895380220544836 -0.181206773492995
-1.895380220544836 0.181206773492995
-1.104619779455164 -1.550844034075882
-1.104619779455164 1.550844034075882
-0.790760441089671 -1.732050807568877
0.790760441089671 -1.732050807568877
1.914854215512676 0.000000000000000
-1.833333333333333 0.552770798392567
-1.914854215512676 0.000000000000000
1.833333333333333 0.552770798392567
-0.437953112788498 -1.864098639467754
1.395380220544836 -1.311327841075187
-1.395380220544836 -1.311327841075187
-1.395380220544836 1.311327841075187
-0.957427107756338 1.658312395177700
0.957427107756338 1.658312395177700
-0.957427107756338 -1.658312395177700
-1.833333333333333 -0.552770798392567
0.957427107756338 -1.658312395177700
-1.914854215512676 -0.264095663797754
-1.186140661634507 1.526264563278823
-1.186140661634507 -1.526264563278823
-1.914854215512676 0.264095663797754
0.728713553878169 -1.790360227076577
-0.728713553878169 -1.790360227076577
1.186140661634507 1.526264563278823
1.186140661634507 -1.526264563278823
1.914854215512676 0.264095663797754
1.914854215512676 -0.264095663797754
0.728713553878169 1.790360227076577
-0.728713553878169 1.790360227076577
-0.604619779455164 -1.839519168670695
0.604619779455164 -1.839519168670695
0.604619779455164 1.839519168670695
-1.895380220544836 0.396143495696631
-1.895380220544836 -0.396143495696631
1.895380220544836 0.396143495696631
1.895380220544836 -0.396143495696631
-1.290760441089671 -1.443375672974065
1.290760441089671 -1.443375672974065
1.290760441089671 1.443375672974065
-1.290760441089671 1.443375672974065
-0.604619779455164 1.839519168670695
-1.895380220544836 -0.445302437290749
1.000000000000000 1.682891865974759
1.000000000000000 -1.682891865974759
0.957427107756338 1.707471336771818
-0.957427107756338 1.707471336771818
-1.957427107756338 0.024579470797059
1.957427107756338 0.024579470797059
-1.000000000000000 1.682891865974759
-1.000000000000000 -1.682891865974759
-1.957427107756338 -0.024579470797059
-0.957427107756338 -1.707471336771818
0.957427107756338 -1.707471336771818
1.957427107756338 -0.024579470797059
0.042572892243662 1.971567000569572
0.771286446121831 1.814939697873636
0.771286446121831 -1.814939697873636
0.042572892243662 -1.971567000569572
-1.186140661634507 1.575423504872941
1.728713553878169 0.948914294089197
1.728713553878169 -0.948914294089197
-1.186140661634507 -1.575423504872941
-1.686140661634507 1.022652706480375
-1.957427107756338 -0.239516193000695
1.957427107756338 -0.239516193000695
1.686140661634507 1.022652706480375
-1.728713553878169 0.948914294089197
-1.728713553878169 -0.948914294089197
1.186140661634507 -1.575423504872941
1.186140661634507 1.575423504872941
-0.042572892243662 1.971567000569572
-0.771286446121831 1.814939697873636
-0.771286446121831 -1.814939697873636
-0.042572892243662 -1.971567000569572
1.957427107756338 0.239516193000695
-1.957427107756338 0.239516193000695
-1.686140661634507 -1.022652706480375
1.686140661634507 -1.022652706480375
-1.519473994967840 -1.262168899481069
-1.519473994967840 1.262168899481069
-1.852807328301174 -0.684818630291444
0.333333333333333 1.946987529772513
-0.333333333333333 1.946987529772513
-0.333333333333333 -1.946987529772513
0.333333333333333 -1.946987529772513
-1.852807328301174 0.684818630291444
1.852807328301174 0.684818630291444
1.852807328301174 -0.684818630291444
1.519473994967840 1.262168899481069
1.519473994967840 -1.262168899481069
1.624093774423005 1.130121067582192
-1.790760441089671 0.841445932987379
0.290760441089671 -1.971567000569572
-0.290760441089671 -1.971567000569572
-0.290760441089671 1.971567000569572
-1.562046887211502 1.237589428684010
1.562046887211502 1.237589428684010
1.562046887211502 -1.237589428684010
-1.852807328301174 -0.733977571885562
1.852807328301174 -0.733977571885562
1.852807328301174 0.733977571885562
-1.852807328301174 0.733977571885562
-1.562046887211502 -1.237589428684010
0.290760441089671 1.971567000569572
-1.728713553878169 -0.998073235683315
-1.728713553878169 0.998073235683315
1.728713553878169 -0.998073235683315
1.728713553878169 0.998073235683315
0.000000000000000 -1.996146471366631
0.000000000000000 1.996146471366631
1.666666666666667 -1.105541596785133
-0.124093774423005 -1.996146471366631
1.790760441089671 0.890604874581498
-1.666666666666667 1.105541596785133
-1.790760441089671 -0.890604874581498
1.895380220544836 0.709398101088503
0.333333333333333 -1.996146471366631
-1.562046887211502 1.286748370278128
-0.686140661634507 0.396143495696631
0.686140661634507 -0.396143495696631
0.686140661634507 0.396143495696631
0.000000000000000 -0.792286991393261
0.457427107756338 -1.369637260582887
0.957427107756338 1.080962125988074
-0.957427107756338 -1.080962125988074
0.957427107756338 -1.080962125988074
-0.457427107756338 1.369637260582887
0.457427107756338 1.369637260582887
-0.457427107756338 -1.369637260582887
-0.957427107756338 1.080962125988074
-1.414854215512676 -0.288675134594813
1.414854215512676 0.288675134594813
1.414854215512676 -0.288675134594813
-0.061895620043845 0.346352670420018
0.061895620043845 -0.346352670420018
-0.091751709536137 -0.418431646591735
0.816496580927726 0.577350269189626
0.908248290463863 0.995781915781360
-0.091751709536137 0.995781915781360
0.091751709536137 0.418431646591735
-0.908248290463863 0.418431646591735
-0.816496580927726 -0.577350269189626
-0.360754110766529 0.769002401230392
-1.346352670420018 0.938104379956155
0.360754110766529 -0.769002401230392
1.346352670420018 -0.938104379956155
-0.034074173710932 -0.258819045102521
1.965925826289068 -0.258819045102521
0.965925826289068 -0.258819045102521
-0.292893218813453 0.707106781186547
0.707106781186547 0.707106781186547
-1.258819045102521 0.965925826289068
0.741180954897479 0.965925826289068
-0.258819045102521 0.965925826289068
-1.965925826289068 0.258819045102521
0.034074173710932 0.258819045102521
-0.965925826289068 0.258819045102521
0.292893218813453 -0.707106781186547
-0.707106781186547 -0.707106781186547
-0.741180954897479 -0.965925826289068
1.258819045102521 -0.965925826289068
0.258819045102521 -0.965925826289068
1.965925826289068 0.258819045102521
0.965925826289068 0.258819045102521
-0.741180954897479 0.965925826289068
1.258819045102521 0.965925826289068
0.258819045102521 0.965925826289068
-1.707106781186547 0.707106781186547
-0.707106781186547 0.707106781186547
-1.965925826289068 -0.258819045102521
0.034074173710932 -0.258819045102521
-0.965925826289068 -0.258819045102521
-1.258819045102521 -0.965925826289068
0.741180954897479 -0.965925826289068
0.707106781186547 -0.707106781186547
0.985598559653489 0.169101978725763
-0.985598559653489 -0.169101978725763
-0.346352670420018 -0.938104379956155
-0.091751709536137 0.418431646591735
0.908248290463863 0.418431646591735
-0.908248290463863 0.995781915781360
0.091751709536137 0.995781915781360
-0.816496580927726 0.577350269189626
0.091751709536137 -0.418431646591735
-0.908248290463863 -0.418431646591735
0.908248290463863 -0.995781915781360
-0.091751709536137 -0.995781915781360
0.816496580927726 -0.577350269189626
-0.061895620043845 -0.346352670420018
0.677250691694255 -1.057677535825205
-0.139245889233471 -1.635027805014831
0.408248290463863 0.129756511996922
-0.577350269189626 0.298858490722684
-1.196923425058676 -0.380426844130950
0.846352670420018 -0.072078976171717
0.029856089492292 -0.649429245361342
-0.408248290463863 1.284457050376173
0.669101978725763 0.119573155869050
-0.330898021274237 0.119573155869050
-0.677250691694255 1.057677535825205
0.577350269189626 -0.298858490722684
1.196923425058676 0.380426844130950
-0.269002401230392 -0.226779514550968
-0.029856089492292 0.649429245361342
-0.846352670420018 0.072078976171717
-0.577350269189626 -1.115355071650410
0.408248290463863 -1.284457050376173
-0.196923425058676 0.619573155869050
-0.438104379956155 0.519672733364420
0.724744871391589 0.158918622597891
1.724744871391589 0.158918622597891
0.547494179697333 0.350570754638658
-0.798858490722685 0.288675134594813
0.201141509277315 0.288675134594813
-1.057677535825205 -0.677250691694255
-0.057677535825205 -0.677250691694255
0.724744871391589 1.573132184970986
1.316496580927726 -0.288675134594813
0.316496580927726 -0.288675134594813
0.557677535825205 -0.388575557099443
-1.000000000000000 1.414213562373095
-1.057677535825205 1.254600960883881
0.649429245361342 0.029856089492292
-0.724744871391589 -0.158918622597891
-1.724744871391589 -0.158918622597891
-0.547494179697333 -0.350570754638658
-1.615355071650410 -0.288675134594813
0.057677535825205 0.677250691694255
0.798858490722684 -0.288675134594813
-0.201141509277316 -0.288675134594813
-0.724744871391589 -1.573132184970986
0.149429245361342 -0.836169314292146
-1.316496580927726 0.288675134594813
0.149429245361342 -0.318531224087105
-0.557677535825205 0.388575557099443
-1.254600960883881 -0.057677535825205
1.057677535825205 -1.254600960883881
0.350570754638658 -0.029856089492292
1.485598559653489 0.696923425058676
-0.707106781186547 1.707106781186547
-0.619573155869050 -0.196923425058676
-0.485598559653489 -0.696923425058676
-1.485598559653489 -0.696923425058676
0.707106781186547 -1.707106781186547
-0.133974596215561 -0.500000000000000
1.866025403784439 -0.500000000000000
0.866025403784439 -0.500000000000000
0.927921023828283 -0.846352670420018
0.607206358681918 0.465925826289068
-0.099900422504630 -0.241180954897479
0.158918622597891 -1.207106781186547
0.366025403784439 0.366025403784439
1.366025403784439 0.366025403784439
0.366025403784439 -1.366025403784439
1.831951230073507 -0.241180954897479
0.607206358681918 -1.465925826289068
1.573132184970986 -1.207106781186547
1.226779514550968 0.269002401230392
-0.119573155869050 -0.669101978725763
0.635027805014831 0.139245889233471
1.635027805014831 0.139245889233471
0.696923425058676 0.485598559653489
-0.133974596215561 0.500000000000000
1.866025403784439 0.500000000000000
0.866025403784439 0.500000000000000
1.226779514550968 -0.269002401230392
0.607206358681918 1.465925826289068
-0.099900422504630 0.758819045102521
0.158918622597891 -0.207106781186547
1.124844448886959 -0.465925826289068
0.366025403784439 1.366025403784439
1.366025403784439 1.366025403784439
1.366025403784439 -0.366025403784439
0.366025403784439 -0.366025403784439
1.831951230073507 0.758819045102521
-0.099900422504630 0.241180954897479
0.607206358681918 -0.465925826289068
1.573132184970986 -0.207106781186547
-0.119573155869050 0.330898021274237
-0.480327266635580 -0.438104379956155
0.696923425058676 1.485598559653489
0.927921023828283 0.846352670420018
-1.000000000000000 1.000000000000000
1.000000000000000 1.000000000000000
0.000000000000000 1.000000000000000
0.965925826289068 0.741180954897479
-0.258819045102521 1.965925826289068
-0.965925826289068 1.258819045102521
0.258819045102521 0.034074173710932
0.500000000000000 0.133974596215561
0.965925826289068 1.258819045102521
-0.965925826289068 0.741180954897479
-0.258819045102521 0.034074173710932
0.707106781186547 0.292893218813453
-1.346352670420018 0.061895620043845
-0.346352670420018 0.061895620043845
0.639245889233471 0.230997598769608
-0.938104379956155 1.346352670420018
0.230997598769608 0.360754110766529
-0.769002401230392 0.360754110766529
-1.866025403784439 0.500000000000000
0.133974596215561 0.500000000000000
-0.866025403784439 0.500000000000000
-0.927921023828283 0.846352670420018
0.099900422504630 0.241180954897479
-0.158918622597891 1.207106781186547
-1.831951230073507 0.758819045102521
-1.573132184970986 -0.207106781186547
-1.366025403784439 1.366025403784439
-0.366025403784439 1.366025403784439
-0.366025403784439 -0.366025403784439
-1.366025403784439 -0.366025403784439
0.099900422504630 0.758819045102521
-0.607206358681918 1.465925826289068
-1.573132184970986 1.207106781186547
-1.831951230073507 0.241180954897479
-1.124844448886959 -0.465925826289068
-0.158918622597891 -0.207106781186547
0.119573155869050 0.669101978725763
-1.226779514550968 -0.269002401230392
-0.226779514550968 -0.269002401230392
-0.635027805014831 -0.139245889233471
-1.635027805014831 -0.139245889233471
-0.696923425058676 -0.485598559653489
0.072078976171717 0.153647329579982
-1.866025403784439 -0.500000000000000
0.133974596215561 -0.500000000000000
-0.866025403784439 -0.500000000000000
-0.635027805014831 0.139245889233471
-1.226779514550968 0.269002401230392
-0.158918622597891 0.207106781186547
-1.124844448886959 0.465925826289068
-1.573132184970986 -1.207106781186547
-0.607206358681918 -1.465925826289068
-1.366025403784439 0.366025403784439
-0.366025403784439 0.366025403784439
-1.366025403784439 -1.366025403784439
0.099900422504630 -0.241180954897479
-1.573132184970986 0.207106781186547
-1.831951230073507 -0.758819045102521
-1.124844448886959 -1.465925826289068
0.480327266635580 0.438104379956155
-0.519672733364420 0.438104379956155
-0.696923425058676 -1.485598559653489
-0.927921023828283 -0.846352670420018
0.072078976171717 -0.846352670420018
-1.000000000000000 -1.000000000000000
0.000000000000000 -1.000000000000000
-0.258819045102521 -0.034074173710932
-0.965925826289068 -0.741180954897479
0.258819045102521 -1.965925826289068
-0.707106781186547 -0.292893218813453
-0.965925826289068 -1.258819045102521
-0.258819045102521 -1.965925826289068
0.346352670420018 -0.061895620043845
-0.230997598769608 -0.360754110766529
0.769002401230392 -0.360754110766529
0.938104379956155 -1.346352670420018
1.465925826289068 0.607206358681918
0.465925826289068 -1.124844448886959
1.931851652578136 0.000000000000000
0.224744871391589 0.707106781186547
1.224744871391589 0.707106781186547
0.000000000000000 -0.517638090205041
-0.380426844130950 -1.196923425058676
0.149429245361342 0.318531224087105
1.057677535825205 -0.677250691694255
0.207106781186547 1.573132184970986
1.207106781186547 1.573132184970986
1.207106781186547 -0.158918622597891
0.207106781186547 -0.158918622597891
1.615355071650411 -0.288675134594813
0.615355071650411 -0.288675134594813
-0.758819045102521 1.831951230073507
0.241180954897479 1.831951230073507
0.241180954897479 0.099900422504630
-0.758819045102521 0.099900422504630
-0.517638090205041 0.000000000000000
0.448287736084027 0.258819045102521
0.726779514550968 1.135027805014831
-0.619573155869050 0.196923425058676
0.649429245361342 -0.029856089492292
-0.350570754638658 -0.029856089492292
0.557677535825205 0.388575557099443
-0.465925826289068 1.124844448886959
-0.465925826289068 -0.607206358681918
-1.465925826289068 -0.607206358681918
0.000000000000000 0.517638090205041
-1.931851652578136 0.000000000000000
-0.224744871391589 -0.707106781186547
-1.224744871391589 -0.707106781186547
-0.258819045102521 -0.448287736084027
0.380426844130950 1.196923425058676
-1.057677535825205 0.677250691694255
-0.057677535825205 0.677250691694255
-1.207106781186547 0.158918622597891
-0.207106781186547 0.158918622597891
-0.207106781186547 -1.573132184970986
-1.207106781186547 -1.573132184970986
-1.673032607475615 -0.965925826289068
-0.965925826289068 -1.673032607475615
-0.241180954897479 -0.099900422504630
0.758819045102521 -0.099900422504630
0.758819045102521 -1.831951230073507
0.000000000000000 -1.931851652578136
0.965925826289068 -1.673032607475615
0.619573155869050 -0.196923425058676
-0.557677535825205 -0.388575557099443
1.465925826289068 1.124844448886959
0.758819045102521 1.831951230073507
-1.207106781186547 1.573132184970986
0.241180954897479 -0.099900422504630
0.207106781186547 0.158918622597891
1.207106781186547 0.158918622597891
-1.485598559653489 0.696923425058676
1.408248290463863 -0.129756511996922
0.408248290463863 -0.129756511996922
0.316496580927726 0.288675134594813
1.316496580927726 0.288675134594813
-0.591751709536137 1.284457050376173
-0.241180954897479 0.099900422504630
-0.465925826289068 -1.124844448886959
0.241180954897479 -1.831951230073507
-0.758819045102521 -1.831951230073507
1.207106781186547 -1.573132184970986
0.207106781186547 -1.573132184970986
1.485598559653489 -0.696923425058676
-1.408248290463863 0.129756511996922
-0.408248290463863 0.129756511996922
-0.316496580927726 -0.288675134594813
-1.316496580927726 -0.288675134594813
0.330898021274237 0.119573155869050
0.591751709536137 -1.284457050376173
0.057677535825205 1.254600960883881
1.196923425058676 -0.380426844130950
0.196923425058676 -0.380426844130950
0.350570754638658 0.547494179697333
0.427921023828283 -0.019672733364420
0.196923425058676 0.619573155869050
1.196923425058676 0.619573155869050
-0.057677535825205 -1.254600960883881
-1.196923425058676 0.380426844130950
-0.196923425058676 0.380426844130950
-0.350570754638658 -0.547494179697333
-0.427921023828283 0.019672733364420
-0.196923425058676 -0.619573155869050
0.995781915781360 -0.091751709536137
1.254600960883881 -1.057677535825205
0.288675134594813 0.615355071650411
0.635027805014831 -0.860754110766529
1.635027805014831 -0.860754110766529
0.577350269189626 0.816496580927726
1.543276095478694 0.557677535825205
-0.388575557099443 0.557677535825205
-0.418431646591735 0.908248290463863
0.547494179697333 0.649429245361342
0.288675134594813 1.615355071650411
-0.677250691694255 -0.057677535825205
-0.995781915781360 0.091751709536137
-0.288675134594813 0.798858490722684
-1.254600960883881 1.057677535825205
0.711324865405187 -0.615355071650411
-0.288675134594813 -0.615355071650411
-0.635027805014831 0.860754110766529
-1.635027805014831 0.860754110766529
0.388575557099443 -0.557677535825205
0.418431646591735 -0.908248290463863
-0.547494179697333 -0.649429245361342
0.677250691694255 0.057677535825205
0.816496580927726 1.154700538379252
1.254600960883881 -0.057677535825205
0.577350269189626 0.298858490722684
-0.547494179697333 0.350570754638658
-0.577350269189626 1.115355071650411
0.529856089492292 -0.216596158423096
-0.816496580927726 -1.154700538379252
-1.254600960883881 0.057677535825205
-0.577350269189626 -0.298858490722684
0.547494179697333 -0.350570754638658
0.577350269189626 -1.115355071650410
0.677250691694255 1.057677535825205
0.029856089492292 0.649429245361342
-0.677250691694255 -1.057677535825205
-0.029856089492292 -0.649429245361342
-0.166666666666667 1.337429924575470
0.741581623797196 0.341648008794110
-0.258418376202804 0.341648008794110
-0.241581623797196 0.524377394990329
0.574914957130530 -0.052972874199297
-0.425085042869470 -0.052972874199297
-1.074914957130530 -0.813052529585142
-0.166666666666667 -0.394620882993407
0.258418376202804 -0.341648008794110
0.166666666666667 -1.337429924575470
0.241581623797196 -0.524377394990329
1.241581623797196 -0.524377394990329
-0.574914957130530 0.052972874199297
0.425085042869470 0.052972874199297
1.074914957130530 0.813052529585142
-0.569035593728849 0.902368927062183
-1.065992211285982 -0.041614816295653
0.569035593728849 -0.902368927062183
-0.269002401230392 -1.226779514550968
0.269002401230392 1.226779514550968
1.346352670420018 0.061895620043845
-0.139245889233471 -0.635027805014831
0.360754110766529 0.230997598769608
-0.500000000000000 0.133974596215561
0.500000000000000 1.866025403784439
0.438104379956155 0.480327266635580
0.846352670420018 0.927921023828283
-0.500000000000000 1.866025403784439
0.139245889233471 -0.635027805014831
-0.269002401230392 1.226779514550968
-0.097023002554046 0.139245889233471
-0.500000000000000 -1.866025403784439
0.500000000000000 -0.133974596215561
-0.438104379956155 -0.480327266635580
-0.500000000000000 -0.133974596215561
0.500000000000000 -1.866025403784439
-0.139245889233471 0.635027805014831
0.269002401230392 -1.226779514550968
-0.500000000000000 0.548188158588657
1.115355071650411 0.577350269189626
-0.846352670420018 0.927921023828283
-1.115355071650410 -0.577350269189626
-0.298858490722684 0.577350269189626
-0.438104379956155 0.480327266635580
0.298858490722684 -0.577350269189626
0.438104379956155 -0.480327266635580
0.888575557099442 0.308347867959233
-1.062948828843114 -0.119573155869050
0.452505820302666 0.350570754638658
0.333333333333333 0.471404520791032
-0.333333333333333 -0.471404520791032
-0.666666666666667 0.471404520791032
-0.496956617557133 -0.943983743357836
0.169101978725763 0.014401440346511
-0.177250691694255 -0.923702939609644
0.427921023828283 0.980327266635579
-0.427921023828283 -0.980327266635579
0.438104379956155 -0.519672733364420
-0.207106781186547 1.573132184970986
1.573132184970986 1.207106781186547
1.124844448886959 1.465925826289068
1.062948828843114 0.119573155869050
1.562948828843115 0.985598559653489
1.065992211285982 0.041614816295653
1.366025403784439 -1.366025403784439
0.380426844130950 -1.196923425058676
-0.072078976171717 -0.153647329579982
-0.711324865405187 0.615355071650411
-1.465925826289068 0.607206358681918
-0.480327266635580 0.438104379956155
0.158918622597891 1.207106781186547
-0.965925826289068 1.673032607475616
0.496956617557133 0.943983743357836
-1.115355071650410 0.577350269189626
-1.207106781186547 -0.158918622597891
0.485598559653489 0.696923425058676
0.635027805014831 -0.139245889233471
0.139245889233471 1.635027805014831
0.139245889233471 0.635027805014831
-0.846352670420018 -0.927921023828283
1.573132184970986 0.207106781186547
1.831951230073507 -0.758819045102521
1.124844448886959 0.465925826289068
0.965925826289068 1.673032607475616
-0.207106781186547 -0.158918622597891
-0.452505820302666 -0.350570754638658
-0.169101978725763 -0.014401440346511
0.177250691694255 0.923702939609644
0.097023002554046 -0.139245889233471
-0.888575557099442 -0.308347867959233
0.577350269189626 1.115355071650411
-0.350570754638658 0.029856089492292
0.158918622597891 0.207106781186547
0.000000000000000 1.931851652578136
0.258819045102521 0.448287736084027
-0.003043382442867 0.077958339573397
1.254600960883881 0.057677535825205
0.269002401230392 0.226779514550968
0.557677535825205 1.543276095478694
-0.149429245361342 0.318531224087105
0.258819045102521 1.965925826289068
-0.846352670420018 -0.804129783740594
-0.158918622597891 -1.207106781186547
0.965925826289068 -1.258819045102521
0.258819045102521 -0.034074173710932
-0.034074173710932 0.258819045102521
0.465925826289068 1.124844448886959
1.465925826289068 -0.607206358681918
-1.562948828843115 -0.985598559653489
-0.529856089492292 0.216596158423096
0.480327266635580 -0.438104379956155
-0.380426844130950 1.196923425058676
0.196923425058676 -0.619573155869050
-0.732658877952649 0.429789704495379
-1.640907168416511 0.011358057903644
1.115355071650411 -0.577350269189626
0.965925826289068 -0.741180954897479
-0.448287736084027 -0.258819045102521
0.517638090205041 0.000000000000000
0.072078976171717 -1.846352670420018
0.619573155869050 0.196923425058676
-0.298858490722684 -0.577350269189626
-0.005879363401680 -0.849396052862886
0.810617217526045 -1.426746322052511
-0.577350269189626 -0.816496580927726
-0.836169314292147 0.149429245361342
-1.543276095478694 -0.557677535825205
-0.077350269189626 0.567166913061754
0.260853688261900 -1.404030206245223
-0.739146311738100 0.010183356127871
0.077350269189626 -0.567166913061754
-0.738538241354329 -0.419606348367507
-0.830289950890466 -1.415388264148867
-0.318531224087105 0.149429245361342
-0.288675134594813 -1.615355071650410
-0.378392200971571 -0.635027805014831
-0.260853688261900 1.404030206245223
0.739146311738100 -0.010183356127872
-1.346352670420018 0.476109182416940
0.378392200971571 0.635027805014831
0.418431646591735 0.091751709536137
0.065992211285982 0.041614816295653
-0.065992211285982 -0.041614816295653
0.732658877952649 -0.429789704495379
1.640907168416511 -0.011358057903644
-0.072078976171717 1.846352670420018
0.003043382442867 -0.077958339573397
0.738538241354329 0.419606348367507
0.830289950890466 1.415388264148867
0.005879363401680 0.849396052862886
-0.810617217526045 1.426746322052511
-0.169101978725763 0.408248290463863
0.019672733364420 -0.427921023828283
0.230997598769608 0.639245889233471
-0.669101978725763 -0.119573155869050
1.224744871391589 -0.707106781186547
0.057677535825205 -1.254600960883881
1.615355071650411 0.288675134594813
-0.707106781186547 0.292893218813453
-1.135027805014831 0.726779514550968
0.099900422504630 -0.758819045102521
-0.639245889233471 -0.230997598769608
0.226779514550968 0.269002401230392
0.846352670420018 -0.927921023828283
-0.615355071650411 0.288675134594813
0.408248290463863 1.284457050376173
-0.330898021274237 -0.119573155869050
0.292893218813453 0.707106781186547
0.360754110766529 0.769002401230392
-0.408248290463863 -1.284457050376173
-0.061895620043845 -1.346352670420018
-0.019672733364420 0.427921023828283
-1.673032607475616 0.965925826289068
0.360754110766529 -0.645211161142703
0.442322464174795 -0.388575557099443
-0.846352670420018 -1.804129783740594
-1.085498982158118 -0.927921023828283
-0.360754110766529 0.645211161142703
-0.269002401230392 -0.350570754638658
0.115355071650411 0.577350269189626
0.069035593728849 -0.036343523277744
-0.360754110766529 -0.230997598769608
-0.408248290463863 0.707106781186547
1.135027805014831 -0.726779514550968
0.169101978725763 -0.408248290463863
-1.057677535825205 -1.254600960883881
-0.169101978725763 0.985598559653489
-0.316496580927726 0.288675134594813
0.908248290463863 -0.418431646591735
0.346352670420018 0.938104379956155
-0.139245889233471 1.635027805014831
0.269002401230392 -0.226779514550968
0.408248290463863 0.707106781186547
0.615355071650411 0.288675134594813
-0.557677535825205 -1.543276095478694
0.649429245361342 0.547494179697334
-0.408248290463863 -0.707106781186547
1.000000000000000 -1.414213562373095
0.519672733364420 -0.438104379956155
0.707106781186547 1.707106781186547
-0.366025403784439 -1.366025403784439
-0.607206358681918 0.465925826289068
-0.099900422504630 -0.758819045102521
-0.619573155869050 1.196923425058676
0.500000000000000 -0.548188158588657
0.201141509277315 -0.288675134594813
0.057677535825205 -0.677250691694255
0.288675134594813 -0.798858490722685
-1.241581623797196 0.524377394990329
0.666666666666667 -0.471404520791032
0.166666666666667 0.394620882993407
-0.741581623797196 -0.341648008794110
1.673032607475616 0.965925826289068
1.057677535825205 0.677250691694255
1.346352670420018 -0.476109182416940
0.726779514550968 -1.135027805014831
-0.438104379956155 0.057677535825205
-1.346352670420018 -0.061895620043845
0.438104379956155 -0.057677535825205
0.557677535825205 -1.543276095478694
-1.124844448886959 1.465925826289068
-1.707106781186547 -0.707106781186547
-0.269002401230392 0.226779514550968
-1.615355071650410 0.288675134594813
0.836169314292146 -0.149429245361342
0.288675134594813 0.201141509277315
-0.288675134594813 0.316496580927726
-0.758819045102521 -0.099900422504630
-0.129756511996922 -0.408248290463863
-0.258819045102521 -0.965925826289068
0.639245889233471 -0.769002401230392
0.485598559653489 -0.696923425058676
0.298858490722684 0.577350269189626
-0.615355071650411 -0.288675134594813
-0.726779514550968 -1.135027805014831
0.380426844130950 0.196923425058676
0.448287736084027 -0.258819045102521
-0.201141509277316 0.288675134594813
-0.149429245361342 -0.318531224087105
0.000000000000000 -1.414213562373095
0.258819045102521 -0.448287736084027
0.465925826289068 0.607206358681918
1.707106781186547 -0.707106781186547
0.649429245361342 -0.547494179697333
0.619573155869050 1.196923425058676
-0.258819045102521 0.448287736084027
0.350570754638658 -0.547494179697334
-0.288675134594813 -0.201141509277316
0.129756511996922 0.408248290463863
0.380426844130950 -0.196923425058676
-0.230997598769608 -0.639245889233471
0.707106781186547 -0.292893218813453
-0.485598559653489 0.696923425058676
0.557677535825205 0.188774712090183
1.124844448886959 -1.465925826289068
-0.019672733364420 -0.427921023828283
0.139245889233471 -1.635027805014831
-0.230997598769608 0.639245889233471
0.230997598769608 -0.639245889233471
-0.074914957130530 -0.813052529585142
-0.057677535825205 1.254600960883881
1.085498982158118 0.927921023828283
-0.619573155869050 -1.196923425058676
-0.769002401230392 -0.639245889233471
-0.029856089492292 0.350570754638658
-0.292893218813453 -0.707106781186547
0.288675134594813 -0.316496580927726
-1.224744871391589 0.707106781186547
0.029856089492292 -0.350570754638658
-0.669101978725763 0.119573155869050
0.669101978725763 -0.119573155869050
0.169101978725763 -0.985598559653489
0.465925826289068 -0.607206358681918
0.758819045102521 0.099900422504630
0.183503419072274 0.577350269189626
-0.408248290463863 0.447593757192704
-0.591751709536137 -0.129756511996922
0.330898021274237 -0.119573155869050
0.091751709536137 -0.995781915781360
-1.465925826289068 -1.124844448886959
-0.649429245361342 -0.547494179697334
-0.908248290463863 -0.995781915781360
-0.072078976171717 0.846352670420018
0.119573155869050 -0.330898021274237
0.000000000000000 1.414213562373095
1.057677535825205 1.254600960883881
-1.465925826289068 1.124844448886959
-0.448287736084027 0.258819045102521
1.673032607475616 -0.965925826289068
-0.241180954897479 1.831951230073507
-1.346352670420018 -0.938104379956155
1.346352670420018 0.938104379956155
0.061895620043845 0.346352670420018
0.061895620043845 1.346352670420018
0.074914957130530 0.813052529585142
-0.649429245361342 0.029856089492292
-0.069035593728849 0.036343523277744
0.273220485449032 -1.135027805014831
-0.607206358681918 -0.465925826289068
-1.196923425058676 -0.619573155869050
-0.465925826289068 0.607206358681918
-0.380426844130950 0.196923425058676
1.139245889233471 -1.635027805014831
-0.442322464174795 0.388575557099443
-0.816496580927726 0.000000000000000
-0.938104379956155 0.346352670420018
-0.408248290463863 -0.129756511996922
-0.639245889233471 0.769002401230392
-0.149429245361342 0.836169314292147
0.408248290463863 -0.707106781186547
1.000000000000000 -1.000000000000000
0.350570754638658 0.029856089492292
0.269002401230392 0.350570754638658
-1.831951230073507 -0.241180954897479
-0.241180954897479 -1.831951230073507
-0.418431646591735 -0.091751709536137
0.846352670420018 0.072078976171716
-0.350570754638658 0.547494179697334
0.619573155869050 -1.196923425058676
0.019672733364420 0.427921023828283
0.798858490722684 0.288675134594813
-0.726779514550968 1.135027805014831
-0.846352670420018 -0.072078976171717
1.831951230073507 0.241180954897479
0.360754110766529 -0.230997598769608
0.318531224087105 -0.149429245361342
-0.438104379956155 -0.519672733364421
0.438104379956155 0.519672733364421
0.938104379956155 -0.346352670420018
-0.183503419072274 -0.577350269189626
-0.557677535825205 1.543276095478694
1.119573155869050 -0.330898021274237
1.985598559653489 0.169101978725763
-0.557677535825205 -0.188774712090183
0.816496580927726 0.000000000000000
-0.707106781186547 -1.707106781186547
1.465925826289068 -1.124844448886959
-0.649429245361342 -0.029856089492292
1.346352670420018 -0.061895620043845
-0.360754110766529 0.230997598769608
0.149429245361342 0.836169314292146
-0.360754110766529 -0.769002401230392
0.769002401230392 0.639245889233471
0.408248290463863 -0.447593757192704
0.846352670420018 0.804129783740594
0.846352670420018 1.804129783740594
-0.115355071650411 -0.577350269189626
1.707106781186547 0.707106781186547
-0.380426844130950 -0.196923425058676
-0.649429245361342 0.547494179697333
0.591751709536137 0.129756511996922
-0.273220485449032 1.135027805014831
-1.139245889233471 1.635027805014831
-0.798858490722685 -0.288675134594813
-1.119573155869050 0.330898021274237
-1.985598559653489 -0.169101978725763
-0.149429245361342 -0.836169314292146
